102904761038913,2,           0,           0,    -3.01154,   -0.107041,102905621297749
102904761038913,2,           0,           0,    -3.01154,   -0.107041,102906404229466
102904761038913,2,           0,   -0.159038,    -3.00826,   -0.136565,102907151271886
102904761038913,2,           0,   -0.396725,    -3.00644,   -0.196111,102907801578372
102904761038913,2,           0,   -0.643276,    -3.00197,   -0.284499,102908589780124
102904761038913,2,           0,   -0.802447,    -2.96813,   -0.544378,102909202230851
102904761038913,2,           0,   -0.950417,    -2.87458,   -0.921346,102909913831476
102904761038913,2,           0,    -1.04867,    -2.79143,    -1.14896,102910566560441
102904761038913,2,           0,    -1.10624,    -2.41076,    -1.82322,102911272596415
102904761038913,2,           0,    -1.08797,    -2.13393,    -2.14648,102911947815615
102904761038913,2,           0,     -1.0654,    -1.86428,    -2.37723,102912698925935
102904761038913,2,           0,    -1.01913,     -1.3012,     -2.7119,102913507876169
102904761038913,2,           0,   -0.969241,   -0.711939,    -2.94691,102914220128552
102904761038913,2,           0,   -0.936171,   -0.340102,     -2.9956,102914949544743
102904761038913,2,           0,   -0.860224,    0.441667,    -2.96835,102915680244123
102904761038913,2,           0,   -0.810331,    0.874438,    -2.86585,102916353615065
102904761038913,2,           0,   -0.781877,     1.04692,    -2.80773,102917178847127
102904761038913,2,           0,   -0.718267,     1.54071,    -2.61169,102917889738576
102904761038913,2,           0,   -0.667555,     1.75324,     -2.4693,102918652123766
102904761038913,2,           0,   -0.621146,     2.04423,    -2.23828,102919378660774
102904761038913,2,           0,   -0.538019,     2.37698,    -1.86281,102920124772066
102904761038913,2,           0,   -0.481953,      2.5502,    -1.59776,102920851058127
102904761038913,2,           0,   -0.440783,     2.65704,    -1.39947,102921538360934
102904761038913,2,           0,   -0.393595,     2.79033,    -1.19734,102922305626890
102904761038913,2,           0,   -0.350372,     2.85782,   -0.998962,102922957065414
102904761038913,2,           0,   -0.309805,     2.90079,   -0.821179,102923621395256
102904761038913,2,           0,   -0.278149,     2.92763,   -0.693905,102924250118916
102904761038913,2,           0,   -0.225418,     2.97128,    -0.48583,102925014346124
102904761038913,2,           0,   -0.166934,     2.99895,   -0.287105,102925843445569
102904761038913,2,           0,   -0.121184,     3.00619,   -0.171048,102926511811477
102904761038913,2,           0,  -0.0800577,     3.00887,  -0.0925739,102927182754626
102904761038913,2,           0,  -0.0730112,     3.01264,  -0.0490918,102927987217444
102904761038913,2,           0,  -0.0388837,      3.0168,    0.011867,102928698688316
102904761038913,2,           0,           0,     3.01447,   0.0643433,102929425751226
102904761038913,2,    0.150438,   0.0533836,     3.00548,    0.063005,102930197039824
102904761038913,2,    0.305598,    0.108443,     3.03031,   0.0441438,102930884340388
102904761038913,2,    0.458972,    0.162869,       3.027,   0.0185552,102931612512854
102904761038913,2,    0.590235,    0.130445,     2.99635,  -0.0169143,102932281725330
102904761038913,2,    0.732814,   0.0937174,     3.02103,  -0.0661727,102933067907445
102904761038913,2,    0.856372,   0.0444416,     3.00988,   -0.130429,102933809393625
102904761038913,2,    0.965579,   0.0207143,     3.00627,   -0.154566,102934535190228
102904761038913,2,      1.0688,  -0.0222512,     2.99983,   -0.190286,102935302914485
102904761038913,2,     1.15754,  -0.0489274,     2.99604,   -0.203376,102936045377219
102904761038913,2,     1.22908,  -0.0617244,     3.00901,   -0.206633,102936729919329
102904761038913,2,     1.29275,  -0.0719635,     3.01836,   -0.203284,102937496218970
102904761038913,2,     1.32018,  -0.0720048,     3.00012,   -0.176941,102938201766323
102904761038913,2,     1.32159,  -0.0688335,     3.01947,   -0.157566,102939013555722
102904761038913,2,     1.31019,  -0.0577401,     3.01375,   -0.130217,102939737722628
102904761038913,2,      1.2943,  -0.0529932,      3.0081,   -0.102368,102940406731233
102904761038913,2,     1.27934,  -0.0592676,      3.0108,  -0.0917619,102941098330723
102904761038913,2,     1.26317,  -0.0342454,     3.00727,  -0.0663216,102941709694578
102904761038913,2,      1.2402,  -0.0168396,      3.0145,  -0.0421527,102942497223821
102904761038913,2,     1.22641,  -0.0215339,     2.99961,  -0.0358362,102943222148420
102904761038913,2,     1.21315,  -0.0111693,     3.01547,  -0.0233558,102943965656508
102904761038913,2,      1.1906, -0.00736386,     3.01364,  -0.0157799,102944611427391
102904761038913,2,      1.1732, -0.00419117,     3.01967,  -0.0133167,102945213907623
102904761038913,2,     1.15173,-0.000653384,     3.02442, -0.00754294,102946034109332
102904761038913,2,     1.12942, -0.00148853,      3.0132, -0.00742384,102946721182948
102904761038913,2,     1.10676,  0.00216745,     3.02536,  -0.0114701,102947501723132
102904761038913,2,     1.08989,  0.00386003,     3.01847,  -0.0102445,102948342575896
102904761038913,2,     1.06704,  0.00244653,     3.00296,  -0.0105335,102949025348181
102904761038913,2,     1.04963,  0.00560248,     3.02521, -0.00651863,102949764420938
102904761038913,2,     1.02971,-0.000633649,     2.99817,  -0.0175486,102950446353922
102904761038913,2,     1.01064, -0.00413159,     3.00587,  -0.0184833,102951169132025
102904761038913,2,    0.986091, -0.00385533,     3.01513,   -0.016797,102951870280629
102904761038913,2,    0.958498, -0.00704689,      3.0184,  -0.0185322,102952572658143
102904761038913,2,    0.939501, -0.00625191,     2.99803,  -0.0153593,102953239776812
102904761038913,2,    0.917942, -0.00369915,     3.00846,  -0.0117386,102954007536194
102904761038913,2,    0.900832, 0.000315599,     3.01626,  -0.0116712,102954769359470
102904761038913,2,    0.881874,  0.00280691,     3.02425, -0.00635394,102955530048300
102904761038913,2,    0.858062, -0.00130363,     3.00428,  -0.0060878,102956252979893
102904761038913,2,    0.846389, -0.00527373,     2.99616,  -0.0112121,102956937893103
102904761038913,2,    0.825413, -0.00613537,     3.02131, -0.00845299,102957737445522
102904761038913,2,     0.80982, -0.00576322,     3.04277, -0.00527515,102958517687081
102904761038913,2,    0.797753,-0.000128175,     2.98125, -0.00129889,102959239354268
102904761038913,2,    0.778452, -0.00453352,     2.85337, -0.00469522,102959885363082
102904761038913,2,     0.76914, -0.00269734,     2.75585, -0.00493222,102960490495627
102904761038913,2,     0.74809, -0.00322559,     2.62229, -0.00344847,102961249551191
102904761038913,2,    0.735645,-0.000705506,     2.45204, -0.00253901,102961956619178
102904761038913,2,    0.724348,  0.00685325,      2.3188,  0.00239727,102962740766363
102904761038913,2,    0.709194,  0.00894393,     2.16923,  0.00354062,102963484109519
102904761038913,2,    0.697605,  0.00404034,      2.0273,  -0.0010575,102964209172695
102904761038913,2,      0.6878,  0.00558395,     1.95169, 7.22861e-05,102964892043305
102904761038913,2,    0.675501, 0.000692185,     1.82802, -0.00306415,102965655576424
102904761038913,2,    0.664347, 0.000943444,     1.72547, -0.00200357,102966361339389
102904761038913,2,    0.652566, -0.00495748,     1.59527, -0.00689852,102967217104331
102904761038913,2,    0.647851, -0.00273952,     1.52834, -0.00556813,102968053320424
102904761038913,2,    0.641325, 0.000972902,     1.45566, 0.000521748,102969006521165
102904761038913,2,     0.63283,  0.00947928,     1.31213,  0.00537613,102969774190700
102904761038913,2,    0.625046,  0.00697429,     1.21264,  0.00479061,102970584086052
102904761038913,2,    0.614258,  0.00375598,     1.08252,  0.00361121,102971357358318
102904761038913,2,    0.605201, -0.00605694,     1.02233, -0.00270224,102972101913093
102904761038913,2,    0.618041,  -0.0011909,    0.862485, 0.000639464,102972885816910
102904761038913,2,    0.666842,-8.16904e-05,    0.781631, -0.00124299,102973690693454
102904761038913,2,    0.688777, -0.00102608,    0.724878, -0.00302228,102974284783985
102904761038913,2,    0.727724,  0.00202117,    0.562031, -0.00347573,102975073773187
102904761038913,2,    0.752535,   0.0117429,    0.471026,  0.00262066,102975743234663
102904761038913,2,    0.724364,   0.0126274,     0.33521, 0.000742705,102976486791129
102904761038913,2,    0.698936,   0.0170423,    0.231344,  0.00194877,102977175798987
102904761038913,2,    0.677498,   0.0141545,    0.146192,  0.00265639,102977934056978
102904761038913,2,    0.644595,   0.0205003,     3.03644,   0.0110792,102978485962938
102904761038913,2,    0.642497,   0.0190801,     3.00346,-0.000689252,102979194396521
102904761038913,2,    0.615132,   0.0214608,     3.01763,  -0.0145235,102979862425009
102904761038913,2,    0.504132,   0.0117043,     3.00787,  -0.0243599,102980612453499
102904761038913,2,    0.458497,   0.0128936,     3.02945,  -0.0271889,102981423818773
102904761038913,2,    0.476208,  0.00010142,     3.02574,  -0.0475584,102982112084919
102904761038913,2,    0.477933,   0.0190948,     3.02119,  -0.0402099,102982816532570
102904761038913,2,    0.474543,   0.0381169,     3.02253,  -0.0297884,102983545887183
102904761038913,2,    0.468665,   0.0443837,     3.02655,  -0.0327219,102984277709121
102904761038913,2,    0.466096,   0.0378389,     3.02139,  -0.0345147,102985067021893
102904761038913,2,    0.429302,  -0.0198601,     3.00521,  -0.0408111,102985853688480
102904761038913,2,    0.416173,   -0.107479,     3.02409,  -0.0524414,102986468107840
102904761038913,2,    0.383145,   -0.160682,     3.03981,   0.0098816,102987159550890
102904761038913,2,    0.353412,   -0.234669,      3.0025,   0.0850855,102987907881392
102904761038913,2,    0.347419,    -0.23618,     3.01583,    0.184409,102988577129200
102904761038913,2,      0.3228,   -0.225318,     3.00437,    0.332883,102989322496489
102904761038913,2,    0.277308,   -0.200749,     2.95645,    0.442489,102990031041079
102904761038913,2,        0.26,   -0.148049,     2.94506,    0.581696,102990796634032
102904761038913,2,        0.23,   -0.120904,     2.94467,    0.659941,102991465151705
102904761038913,2,     0.21095,  -0.0879608,     2.92154,    0.765035,102992154953032
102904761038913,2,    0.205913,  -0.0649919,     2.89075,    0.829215,102992800165466
102904761038913,2,    0.205913,  -0.0458407,     2.87607,    0.872446,102993624761768
102904761038913,2,    0.208653,  -0.0378367,      2.8657,     0.91504,102994372501166
102904761038913,2,    0.300845,  -0.0187724,     2.86016,    0.947899,102995059838803
102904761038913,2,    0.391315,  -0.0190823,     2.86758,    0.969654,102995802296953
102904761038913,2,      0.4637,  -0.0316363,     2.83633,     0.98828,102996491181078
102904761038913,2,    0.528684,  -0.0860224,     2.83506,     1.02252,102997223124413
102904761038913,2,    0.580105,   -0.114283,     2.82456,     1.07406,102997936344541
102904761038913,2,    0.622984,   -0.127555,     2.80435,     1.12293,102998686410221
102904761038913,2,    0.652376,   -0.125199,     2.75569,     1.21414,102999488391426
102904761038913,2,    0.655097,   -0.113684,     2.72439,     1.30702,103000254701594
102904761038913,2,     0.64261,  -0.0856426,     2.68447,     1.39019,103001024011017
102904761038913,2,    0.592085,  -0.0692535,     2.66369,     1.48197,103001713539891
102904761038913,2,    0.508923,  -0.0490932,     2.60131,     1.54227,103002594018137
102904761038913,2,    0.436746,   -0.037752,     2.58403,     1.61151,103003396450764
102904761038913,2,    0.385293,  -0.0249358,     2.55335,     1.66658,103004063816610
102904761038913,2,    0.364578,  -0.0117377,     2.53437,     1.70411,103004732018524
102904761038913,2,    0.375319,   0.0045641,     2.50254,     1.72198,103005460669110
102904761038913,2,    0.366778,   0.0347609,     2.51469,     1.74583,103006191412748
102904761038913,2,    0.379601,    0.084347,     2.50445,     1.74669,103006897524354
102904761038913,2,    0.403648,    0.158389,     2.51616,     1.75281,103007646307361
102904761038913,2,    0.422309,    0.205802,      2.5688,     1.70966,103008298343644
102904761038913,2,    0.445364,    0.280801,      2.5986,     1.64195,103009138772478
102904761038913,2,    0.458196,    0.302573,     2.65723,     1.53754,103009788970139
102904761038913,2,    0.458227,    0.312511,     2.73027,     1.46295,103010590833037
102904761038913,2,    0.454248,     0.32323,      2.8098,     1.29321,103011337474177
102904761038913,2,    0.451806,    0.347682,     2.85835,     1.20641,103012104425049
102904761038913,2,    0.450374,    0.355903,     2.92881,     1.02735,103012854224851
102904761038913,2,    0.450562,    0.378825,     2.96008,     0.85692,103013559117984
102904761038913,2,     0.44963,     0.36768,      3.0237,    0.707394,103014207148811
102904761038913,2,    0.448923,    0.356526,     3.05441,    0.500056,103015032257428
102904761038913,2,    0.450548,    0.309596,     3.07796,    0.271319,103015778623555
102904761038913,2,    0.479428,    0.253916,     3.09878,    0.170637,103016488726193
102904761038913,2,    0.499438,    0.187324,     3.09212,  -0.0131683,103017195304670
102904761038913,2,    0.515118,   0.0672568,     3.07084,   -0.197296,103017965599474
102904761038913,2,    0.151094, -0.00240274,     3.04746,   -0.339771,103018731999349
102904761038913,2,    0.168683,   0.0105063,     3.03992,   -0.431771,103019519995977
102904761038913,2,    0.339441,   0.0230187,     3.03892,    -0.45191,103020422926519
102904761038913,2,    0.505278,   0.0353736,     3.03396,   -0.455367,103021402591423
102904761038913,2,    0.625875,   0.0294484,      3.0225,   -0.473237,103022207348480
102904761038913,2,    0.720248,   0.0345068,     3.03309,   -0.490063,103022912441217
102904761038913,2,    0.805553,   0.0389033,     3.01323,   -0.530187,103023637885532
102904761038913,2,    0.892387,   0.0309741,     2.99509,   -0.593878,103024521619709
102904761038913,2,    0.947714,   0.0238251,     2.97708,   -0.624064,103025235171577
102904761038913,2,     0.98707,   0.0117944,     2.95373,   -0.717401,103025922372072
102904761038913,2,     1.01032,  0.00861231,     2.94384,   -0.762724,103026631292141
102904761038913,2,    0.990183,  0.00480345,     2.90125,   -0.847421,103027378395452
102904761038913,2,    0.973295,  -0.0115161,     2.89151,   -0.887262,103028083914196
102904761038913,2,    0.949322,   -0.015435,     2.86961,   -0.931598,103028832171396
102904761038913,2,    0.922867,  -0.0196622,     2.85274,   -0.989265,103029639013169
102904761038913,2,    0.895058,  -0.0261572,     2.82946,    -1.02806,103030464321106
102904761038913,2,    0.879405,  -0.0249848,     2.81624,    -1.06194,103031215166232
102904761038913,2,    0.847676,  -0.0192496,     2.66226,    -1.04713,103031942504737
102904761038913,2,    0.818186,  -0.0220521,     2.53177,    -1.03826,103032750330916
102904761038913,2,    0.790777,  -0.0186542,     2.38718,     -1.0317,103033433920362
102904761038913,2,    0.768849,  -0.0225582,     2.27756,    -1.02693,103034089654814
102904761038913,2,    0.735954,  -0.0190147,     2.11596,    -1.01954,103034928691811
102904761038913,2,     0.70946,  -0.0131113,     1.99405,    -1.01109,103035697486915
102904761038913,2,    0.688637,  -0.0110703,     1.89791,    -1.00877,103036449657381
102904761038913,2,    0.662819,  -0.0112025,     1.78329,    -1.00886,103037132885225
102904761038913,2,    0.637675, -0.00653412,     1.67788,    -1.00303,103037918642802
102904761038913,2,    0.614434, -0.00247972,     1.60319,    -1.00032,103038701998357
102904761038913,2,    0.589516,  0.00357621,     1.49807,   -0.995344,103039471192301
102904761038913,2,    0.565263,  0.00666978,      1.3937,   -0.994674,103040178660633
102904761038913,2,    0.531807,  0.00525974,     1.25343,   -0.996689,103040886429777
102904761038913,2,    0.505441,  0.00291587,     1.16104,   -0.999063,103041732034486
102904761038913,2,    0.479896,  0.00311266,     1.07372,   -0.999085,103042503763294
102904761038913,2,    0.464397,  0.00252436,     1.02414,     -1.0001,103043164796140
102904761038913,2,    0.433326, 5.49292e-05,     0.94237,    -1.00206,103043890919857
102904761038913,2,    0.405608,   1.403e-05,    0.841366,    -1.00234,103044620276138
102904761038913,2,    0.377839,-0.000307282,    0.748016,    -1.00279,103045417449505
102904761038913,2,    0.359594,-0.000213131,    0.693614,    -1.00262,103046100602724
102904761038913,2,    0.341581, -0.00143951,    0.641088,    -1.00334,103046850180067
102904761038913,2,    0.320551, -0.00125298,    0.583366,    -1.00434,103047476907844
102904761038913,2,     0.29993,  0.00133011,    0.528593,    -1.00438,103048259831073
102904761038913,2,    0.282849,  0.00232958,    0.489089,    -1.00385,103049081238581
102904761038913,2,    0.262518,  0.00328332,    0.438624,     -1.0024,103049863417104
102904761038913,2,    0.239002,  0.00202697,    0.372944,    -1.00346,103050628473809
102904761038913,2,    0.227939,-3.34617e-05,    0.345703,    -1.00433,103051375059526
102904761038913,2,    0.204533, 0.000667469,    0.304278,    -1.00378,103052061632031
102904761038913,2,    0.183185,   0.0025365,    0.266838,    -1.00502,103052864689003
102904761038913,2,    0.171399,  0.00166649,    0.228579,    -1.00576,103053627166650
102904761038913,2,    0.150987,  0.00123616,    0.184214,    -1.00641,103054373045091
102904761038913,2,    0.136176,  0.00176445,    0.158818,    -1.00781,103055097811571
102904761038913,2,     0.12224,  0.00162077,    0.133772,    -1.00646,103055726517268
102904761038913,2,    0.104409,  0.00232496,    0.110778,    -1.00677,103056389075907
102904761038913,2,   0.0941107, 2.57782e-05,   0.0885492,    -1.00682,103057191607603
102904761038913,2,   0.0826935, -0.00244404,   0.0704997,    -1.00629,103057897746022
102904761038913,2,   0.0696682, 0.000857336,   0.0567114,    -1.00576,103058632890623
102904761038913,2,   0.0592804,  0.00205321,   0.0432743,    -1.00522,103059397010992
102904761038913,2,   0.0458525,  0.00103463,   0.0322811,    -1.00425,103060143864604
102904761038913,2,   0.0352744,  0.00015362,   0.0239873,     -1.0029,103060850826056
102904761038913,2,   0.0964466,   0.0272024,     3.29978,  -0.0106145,103061561171674
102904761038913,2,    0.236531,   0.0839343,     3.29009,  -0.0250181,103062210988933
102904761038913,2,    0.379339,     0.13461,     3.28896,   -0.073814,103062918167899
102904761038913,2,    0.508043,    0.180282,     3.26597,   -0.100694,103063608542295
102904761038913,2,     0.62346,    0.221238,     3.26636,   -0.169021,103064281005355
102904761038913,2,    0.741008,    0.217305,     3.29024,   -0.258922,103065028118090
102904761038913,2,    0.843786,    0.201689,      3.2401,   -0.366907,103065755091293
102904761038913,2,    0.943822,    0.130945,     3.21689,   -0.499922,103066560908972
102904761038913,2,     1.01314,    0.089119,     3.18084,   -0.597992,103067200597650
102904761038913,2,     1.07708,   0.0455233,     3.16509,    -0.68571,103067906999974
102904761038913,2,     1.12982,   0.0197693,      3.1267,   -0.729245,103068626439842
102904761038913,2,     1.16795, -0.00417318,     3.11589,   -0.794298,103069370463163
102904761038913,2,     1.18704,  -0.0295672,     3.10344,   -0.826535,103070076010463
102904761038913,2,     1.16776,  -0.0441704,     3.06123,    -0.85883,103070898236062
102904761038913,2,     1.15162,  -0.0340856,     3.04779,   -0.852778,103071503066967
102904761038913,2,     1.13079,  -0.0470139,     3.04008,   -0.859531,103072289160591
102904761038913,2,     1.11472,  -0.0361256,     3.02265,   -0.840423,103072977131832
102904761038913,2,      1.0908,  -0.0116914,     3.00651,   -0.801408,103073764304134
102904761038913,2,     1.06667, -0.00266687,     2.98954,    -0.76626,103074497632861
102904761038913,2,     1.04421,   0.0070409,     2.98555,   -0.709505,103075185972949
102904761038913,2,     1.02244,  0.00322486,     2.96635,   -0.673965,103076016607651
102904761038913,2,    0.995878,   0.0011061,     2.94853,   -0.600861,103076669407831
102904761038913,2,    0.976008,   0.0176204,     2.94803,   -0.523715,103077361194492
102904761038913,2,    0.948344,   0.0127427,     2.93598,   -0.420481,103078108703976
102904761038913,2,    0.924351,  0.00556226,     2.89908,   -0.347433,103078799960291
102904761038913,2,    0.892974,   0.0018483,     2.86445,   -0.226554,103079471021121
102904761038913,2,    0.869779,   0.0022663,     2.85363,   -0.117249,103080255606444
102904761038913,2,    0.836157,  0.00496313,     2.83388,  -0.0592434,103081038142411
102904761038913,2,     0.80945,  0.00192942,     2.77907,    0.127356,103081768377867
102904761038913,2,    0.796228,  0.00109937,      2.7756,    0.197049,103082516387176
102904761038913,2,    0.774531,  0.00753322,     2.73574,    0.248398,103083286191312
102904761038913,2,    0.745707,  0.00824386,     2.70519,    0.345703,103083995294439
102904761038913,2,     0.71759,  0.00633482,     2.64744,    0.479634,103084731416887
102904761038913,2,    0.692919,   0.0114091,     2.61348,    0.563702,103085454192033
102904761038913,2,    0.664644,  0.00822581,     2.60408,    0.672499,103086165297953
102904761038913,2,    0.639108,  0.00242514,     2.52753,    0.701944,103086930528661
102904761038913,2,    0.609476, -0.00590312,     2.40184,    0.691481,103087657751158
102904761038913,2,    0.594169, -0.00922251,     2.34836,    0.691749,103088322062760
102904761038913,2,    0.564196,  -0.0118957,     2.21273,    0.694103,103089043884718
102904761038913,2,    0.533491,  -0.0226453,     2.11507,    0.683265,103090082411221
102904761038913,2,    0.506988,  -0.0117662,     1.99886,    0.698448,103091123824250
102904761038913,2,    0.490224, -0.00775817,     1.93988,    0.704917,103091847632951
102904761038913,2,    0.456373,  0.00527662,     1.84223,     0.71534,103092489428126
102904761038913,2,    0.436445,  0.00733099,     1.74578,     0.71575,103093219112380
102904761038913,2,    0.413009,   0.0110444,     1.69384,    0.719535,103093933884205
102904761038913,2,    0.389579,    0.011355,     1.60549,     0.71697,103094615332382
102904761038913,2,    0.376729,   0.0507415,     1.54311,    0.711077,103095316339542
102904761038913,2,    0.365325,     0.12377,     1.48246,    0.694022,103096090252888
102904761038913,2,    0.358187,     0.18812,     1.43985,    0.663628,103096864239035
102904761038913,2,    0.355491,    0.221543,     1.40914,     0.62039,103097490325435
102904761038913,2,    0.363234,     0.25299,     1.36833,    0.575624,103098269885997
102904761038913,2,    0.359691,    0.231158,     1.34124,    0.549451,103098912905911
102904761038913,2,    0.353579,    0.217199,     1.28638,    0.474368,103099596250781
102904761038913,2,     0.35276,    0.218075,     1.26201,    0.445645,103100335264986
102904761038913,2,    0.358138,    0.202116,     1.23738,    0.414494,103101151726607
102904761038913,2,    0.351556,    0.175933,     1.15451,    0.342591,103101911491959
102904761038913,2,    0.378435,    0.182405,     1.12408,    0.313637,103102672821065
102904761038913,2,    0.396099,    0.193122,     1.07864,    0.281654,103103455849856
102904761038913,2,    0.429288,     0.21159,     1.02134,    0.245182,103104094511087
102904761038913,2,    0.447296,     0.20067,     0.96496,     0.21426,103104911530318
102904761038913,2,    0.435036,    0.178559,    0.927043,    0.192497,103105694060226
102904761038913,2,    0.396681,    0.148144,    0.806707,    0.146167,103106377177590
102904761038913,2,     0.38893,    0.141224,    0.771316,    0.134359,103106999080715
102904761038913,2,    0.365225,    0.130309,     0.72229,    0.123428,103107717098259
102904761038913,2,    0.342134,    0.107222,    0.660074,    0.106309,103108421485138
102904761038913,2,    0.312799,   0.0570399,    0.574848,   0.0941376,103109140604137
102904761038913,2,    0.290927,  0.00918016,    0.519214,   0.0839104,103109943992807
102904761038913,2,    0.269338,   0.0309653,    0.464352,   0.0795802,103110630729427
102904761038913,2,    0.247484,  0.00638958,    0.420346,   0.0766011,103111240643242
102904761038913,2,     0.23448, -0.00806325,    0.370126,   0.0738525,103111904474780
102904761038913,2,    0.212189,  -0.0218463,    0.327858,   0.0720582,103112587059721
102904761038913,2,    0.199656,  -0.0270608,    0.305656,   0.0715095,103113254739920
102904761038913,2,    0.174741,  -0.0310251,    0.268815,     0.07163,103114037559369
102904761038913,2,    0.163521,  -0.0291348,    0.223758,   0.0740046,103114780786685
102904761038913,2,    0.142487,  -0.0299014,    0.188798,   0.0751167,103115462915140
102904761038913,2,    0.128025,  -0.0132081,      0.1619,   0.0739425,103116245708823
102904761038913,2,     0.11389,   0.0135196,    0.138576,   0.0739234,103116933648657
102904761038913,2,    0.102767,   0.0364674,    0.114977,   0.0751393,103117757988893
102904761038913,2,   0.0931301,    0.122861,     0.10055,   0.0738157,103118475590475
102904761038913,2,   0.0861173,    0.173189,   0.0912239,   0.0732393,103119236236553
102904761038913,2,   0.0827858,    0.210143,   0.0866391,   0.0723699,103119933778157
102904761038913,2,   0.0725287,    0.265822,   0.0757717,   0.0732208,103120710730571
102904761038913,2,   0.0583105,    0.257011,   0.0607869,   0.0704238,103121425601199
102904761038913,2,   0.0505911,    0.199064,   0.0542815,   0.0679292,103122084541321
102904761038913,2,   0.0504812,    0.132333,   0.0436351,   0.0659256,103122742886733
102904761038913,2,    0.045052,    0.254256,    0.035105,   0.0635592,103123365317133
102904761038913,2,   0.0382525,    0.286393,   0.0305319,   0.0622807,103124029999575
102904761038913,2,   0.0269306,    0.241518,    0.022778,   0.0629197,103124673906253
102904761038913,2,   0.0200453,    0.184555,   0.0191219,   0.0634806,103125337758239
102904761038913,2,  0.00947947,   0.0914632,    0.016595,   0.0646624,103125998692724
102904761038913,2,           0,  -0.0230251,   0.0143234,    0.065351,103126661212687
102904761038913,2,           0,   -0.108791,   0.0133736,   0.0627015,103127249979057
102904761038913,2,           0,   -0.178412,   0.0110337,   0.0628003,103127919499965
102904761038913,2,           0,   -0.198714,  0.00704796,    0.062717,103128533922443
102904761038913,2,           0,    -0.17566,  0.00464497,   0.0622168,103129163501809
102904761038913,2,           0,   -0.128351, 0.000384964,   0.0636977,103129893352895
102904761038913,2,           0,   -0.107141, -0.00142314,   0.0639844,103130563542000
102904761038913,2,           0,  -0.0689085, -0.00321732,   0.0624691,103131292985699
102904761038913,2,           0,  -0.0588138, -0.00363634,   0.0613783,103131917875874
102904761038913,2,           0,  -0.0178947, -0.00120369,   0.0615168,103132617064944
103133162295625,2,           0,           0,     2.18706,     2.12932,103133260278792
103133162295625,2,           0,           0,     2.18706,     2.12933,103133904262597
103133162295625,2,           0,           0,     2.18706,     2.12933,103134507570784
103133162295625,2,           0,           0,     2.18706,     2.12933,103135149215042
103133162295625,2,           0,    0.148297,     2.19918,     2.11754,103135884112475
103133162295625,2,           0,    0.256018,     2.18577,      2.1326,103136611115322
103133162295625,2,           0,    0.322877,     2.22763,     2.09104,103137382872649
103133162295625,2,           0,      0.3106,      2.3541,     1.94467,103138138937880
103133162295625,2,           0,    0.277614,      2.4368,     1.83781,103138865989005
103133162295625,2,           0,    0.240447,     2.51435,     1.72523,103139519816330
103133162295625,2,           0,    0.196837,     2.59527,     1.59909,103140445552595
103133162295625,2,           0,    0.148832,     2.65852,     1.48613,103141430345947
103133162295625,2,           0,    0.155854,     2.64986,     1.49193,103142575698813
103133162295625,2,           0,    0.081298,      2.7238,     1.34958,103143322416119
103133162295625,2,           0,   0.0331011,     2.75534,      1.2779,103143993470579
103133162295625,2,           0, 2.42169e-05,     2.76862,     1.24672,103144686481853
103133162295625,2,   0.0578758,   0.0208171,     2.76912,      1.2323,103145375685551
103133162295625,2,    0.144691,   0.0571008,     2.76877,     1.22067,103146005701931
103133162295625,2,    0.215459,   0.0788952,     2.76263,     1.20745,103146654592719
103133162295625,2,    0.287801,    0.101934,     2.76785,      1.2086,103147462794543
103133162295625,2,    0.337326,   0.0929519,     2.78392,     1.22591,103148150928244
103133162295625,2,    0.375714,   0.0731367,      2.7786,     1.23123,103148821019889
103133162295625,2,    0.398393,   0.0474187,     2.75721,     1.27863,103149490099036
103133162295625,2,    0.396681,   0.0295105,     2.76299,     1.29797,103150203228989
103133162295625,2,      0.3894,   0.0161775,     2.72306,     1.31793,103150929476186
103133162295625,2,    0.374386,   0.0144039,     2.71369,     1.34027,103151616610514
103133162295625,2,    0.368163,   0.0157583,     2.67872,     1.40378,103152268683560
103133162295625,2,    0.362358,   0.0261734,     2.65995,      1.4169,103153015688892
103133162295625,2,    0.350508,    0.031541,     2.63396,     1.51674,103153705734653
103133162295625,2,    0.352508,   0.0328137,     2.61225,     1.52029,103154271634901
103133162295625,2,    0.351391,   0.0359124,      2.5947,     1.54228,103154979452466
103133162295625,2,      0.3545,   0.0457628,     2.57264,      1.5754,103155651033640
103133162295625,2,    0.354451,   0.0621405,     2.56941,     1.62048,103156336231573
103133162295625,2,    0.352634,   0.0649039,     2.54568,      1.6141,103157023287763
103133162295625,2,    0.354647,   0.0701232,     2.53135,     1.60657,103157633516251
103133162295625,2,    0.348737,   0.0659284,     2.52893,     1.63119,103158323272819
103133162295625,2,    0.350853,   0.0716526,     2.52627,     1.65985,103158973419518
103133162295625,2,    0.355262,     0.08398,     2.51738,     1.65818,103159644164949
103133162295625,2,    0.360273,   0.0990688,     2.49621,     1.64669,103160312982225
103133162295625,2,    0.357382,    0.102701,     2.49222,     1.63892,103160958793850
103133162295625,2,    0.357862,    0.116081,     2.50746,     1.64937,103161686067182
103133162295625,2,    0.360198,    0.118486,     2.51795,     1.64577,103162415813752
103133162295625,2,    0.359758,    0.124049,     2.52194,     1.61062,103163066012221
103133162295625,2,    0.356852,    0.126118,     2.51375,     1.59306,103163733270384
103133162295625,2,    0.357276,    0.144772,      2.5175,     1.56503,103164442168671
103133162295625,2,    0.357825,     0.15064,     2.54411,     1.55277,103165049936926
103133162295625,2,    0.357489,    0.157306,     2.55674,     1.51251,103165738160068
103133162295625,2,    0.344211,    0.154897,      2.5734,     1.46864,103166427140306
103133162295625,2,    0.329667,     0.15604,     2.61378,     1.42959,103167079514015
103133162295625,2,    0.330927,    0.153605,      2.6338,     1.38996,103167767280170
103133162295625,2,    0.319348,    0.149681,     2.65269,     1.34506,103168399958120
103133162295625,2,    0.305449,    0.146259,     2.67546,     1.29466,103169069485936
103133162295625,2,    0.299464,     0.15788,     2.69693,     1.23475,103169760834608
103133162295625,2,    0.278089,     0.16879,     2.72198,     1.20021,103170447465837
103133162295625,2,    0.254755,    0.143959,     2.74486,     1.12897,103171137011936
103133162295625,2,    0.229347,    0.129758,     2.77483,     1.08012,103171803669970
103133162295625,2,    0.220681,    0.120283,     2.79752,     1.02661,103172491789048
103133162295625,2,    0.220681,    0.117215,     2.80498,    0.962435,103173242147183
103133162295625,2,    0.220681,    0.110182,     2.83657,     0.90734,103173948818504
103133162295625,2,    0.243645,    0.121625,     2.84344,    0.876178,103174636489412
103133162295625,2,    0.284792,    0.123447,     2.87131,    0.830581,103175307574315
103133162295625,2,    0.319604,    0.128148,     2.89498,    0.782206,103176035712953
103133162295625,2,    0.343041,    0.124623,     2.90893,    0.730396,103176705378962
103133162295625,2,    0.352061,    0.112082,     2.91622,    0.675589,103177513687850
103133162295625,2,    0.350011,    0.112631,     2.93346,    0.637979,103178123478266
103133162295625,2,    0.356259,    0.102618,     2.95578,    0.583069,103178851223363
103133162295625,2,    0.361889,   0.0993821,     2.95705,     0.54538,103179501351070
103133162295625,2,    0.364712,   0.0987893,     2.97112,      0.4762,103180091045336
103133162295625,2,    0.364727,   0.0954948,     2.97238,    0.434493,103180739084829
103133162295625,2,    0.357539,   0.0952828,      2.9709,    0.378475,103181349285531
103133162295625,2,    0.370556,    0.104887,      2.9779,    0.332325,103182117995615
103133162295625,2,    0.386751,    0.096477,     3.01765,    0.280423,103182786636592
103133162295625,2,    0.393992,   0.0940981,     3.01769,    0.220402,103183452927848
103133162295625,2,    0.371207,   0.0909033,     3.01105,    0.190074,103184180397724
103133162295625,2,    0.380322,   0.0837195,     3.01661,    0.120389,103184950794392
103133162295625,2,    0.410679,    0.075204,     3.01421,   0.0532564,103185578643733
103133162295625,2,    0.406766,   0.0683914,     3.02821,   0.0171589,103186264666816
103133162295625,2,    0.429873,   0.0640893,     3.01726,  -0.0380678,103186952873752
103133162295625,2,    0.475701,   0.0623978,     3.03486,  -0.0753378,103187557991384
103133162295625,2,     0.52415,   0.0453589,      3.0369,   -0.113939,103188206429029
103133162295625,2,    0.598535,    0.040611,     3.01185,   -0.160958,103188913446122
103133162295625,2,    0.674455,   0.0389288,     3.01476,   -0.194892,103189617749933
103133162295625,2,    0.739467,   0.0378399,     2.97449,    -0.21835,103190343836723
103133162295625,2,    0.765964,   0.0250954,     2.84802,   -0.238075,103191148460118
103133162295625,2,    0.651964,  0.00805994,     2.70078,   -0.258078,103191891731037
103133162295625,2,    0.543964, -0.00264839,     2.57885,   -0.263684,103192600623645
103133162295625,2,    0.508896,  -0.0140827,     2.46261,   -0.260261,103193380902943
103133162295625,2,    0.471445,  -0.0236472,     2.37937,   -0.259236,103194084751299
103133162295625,2,    0.443555,  -0.0377472,     2.30825,   -0.252153,103194867609696
103133162295625,2,    0.456777,  -0.0385838,     2.25166,   -0.241573,103195554964805
103133162295625,2,    0.440122,  -0.0397612,     2.15804,   -0.219458,103196188743703
103133162295625,2,    0.443117,  -0.0446081,      2.0674,   -0.202599,103196922300101
103133162295625,2,    0.441351,  -0.0473752,     2.00439,   -0.186041,103197655693314
103133162295625,2,    0.454051,  -0.0503597,     1.94085,   -0.171962,103198408485359
103133162295625,2,    0.438211,  -0.0470535,     1.90034,   -0.157841,103199041602230
103133162295625,2,    0.445168,  -0.0477558,     1.81116,   -0.142232,103199733689718
103133162295625,2,    0.433314,  -0.0431826,     1.73224,   -0.126904,103200388204796
103133162295625,2,    0.444566,   -0.045093,     1.64532,   -0.107703,103201118799600
103133162295625,2,    0.475126,  -0.0464566,     1.58952,  -0.0998931,103201830751708
103133162295625,2,     0.52048,  -0.0383917,     1.51505,  -0.0879978,103202505103595
103133162295625,2,    0.553739,  -0.0390561,     1.44589,  -0.0780446,103203213950764
103133162295625,2,    0.561096,  -0.0375302,      1.3664,  -0.0670399,103203902223361
103133162295625,2,    0.537604,  -0.0388692,     1.31329,  -0.0586445,103204668874109
103133162295625,2,     0.51259,  -0.0422623,      1.1916,  -0.0493282,103205714147737
103133162295625,2,    0.485678,  -0.0541426,     1.09752,  -0.0415184,103206443879973
103133162295625,2,    0.468983,  -0.0526517,      1.0406,  -0.0349708,103207327798407
103133162295625,2,    0.433805,  -0.0345704,    0.949011,  -0.0208188,103208057197825
103133162295625,2,    0.414131,  0.00345642,    0.887274,  -0.0147371,103208785192906
103133162295625,2,     0.38068,    0.083223,     0.79526,  -0.0172548,103209496860714
103133162295625,2,    0.359356,    0.120417,    0.724072,  -0.0271456,103210099418791
103133162295625,2,    0.338073,    0.158686,    0.664279,  -0.0378535,103210860340340
103133162295625,2,    0.317517,     0.14304,     0.62786,  -0.0486347,103211568389296
103133162295625,2,    0.297809,    0.125416,    0.551004,  -0.0720998,103212294048786
103133162295625,2,    0.275343,    0.111479,    0.490345,  -0.0838641,103213020610683
103133162295625,2,    0.254082,    0.104395,    0.444256,   -0.098538,103213760024980
103133162295625,2,     0.23455,   0.0957299,    0.386987,   -0.107877,103214428120967
103133162295625,2,    0.218418,   0.0888289,    0.348746,   -0.112267,103215205635779
103133162295625,2,    0.205141,   0.0812499,     0.32216,   -0.114908,103215932097677
103133162295625,2,    0.182842,   0.0706761,    0.275207,   -0.119919,103216576748270
103133162295625,2,    0.165544,   0.0655612,    0.236317,   -0.126683,103217303745664
103133162295625,2,      0.1506,   0.0575479,     0.20078,   -0.130652,103218006963850
103133162295625,2,    0.140068,    0.053053,     0.18165,   -0.129726,103218711806985
103133162295625,2,    0.126971,   0.0474672,    0.155213,   -0.133351,103219416387695
103133162295625,2,     0.11295,   0.0421543,    0.132745,   -0.135785,103220098702271
103133162295625,2,   0.0996304,   0.0375242,    0.116251,   -0.136902,103220765861006
103133162295625,2,   0.0867055,   0.0322768,   0.0868283,   -0.139234,103221511972007
103133162295625,2,   0.0703618,   0.0265408,   0.0714593,   -0.137819,103222195844186
103133162295625,2,   0.0643618,   0.0242157,   0.0612093,   -0.136537,103222860404718
103133162295625,2,   0.0533502,   0.0197004,   0.0463793,   -0.135374,103223488474409
103133162295625,2,    0.044379,   0.0162221,   0.0346559,   -0.137646,103224254792400
103133162295625,2,   0.0373318,   0.0136205,   0.0300202,   -0.138817,103224957601894
103133162295625,2,   0.0271216,  0.00752868,   0.0191682,   -0.138447,103225604578388
103133162295625,2,   0.0222608,  0.00489178,    0.015485,   -0.138722,103226328698829
103133162295625,2,   0.0191741,  0.00357616,   0.0127983,   -0.137879,103227133604914
103133162295625,2,   0.0145438,  0.00227966,  0.00910276,   -0.137983,103227918137250
103133162295625,2,   0.0516792,    0.018849,     2.99141,    0.453189,103228506888601
103133162295625,2,    0.125088,   0.0472557,     2.99048,    0.458962,103229196123551
103133162295625,2,    0.193091,   0.0719618,     2.97374,    0.439514,103229950737243
103133162295625,2,    0.246543,   0.0676478,     2.99973,    0.420124,103230663365145
103133162295625,2,    0.292807,   0.0616524,     2.97393,    0.389504,103231433939023
103133162295625,2,    0.328494,   0.0554193,     2.99685,    0.379585,103232220824528
103133162295625,2,    0.347708,    0.043827,     2.97698,    0.351162,103232848853250
103133162295625,2,    0.360853,   0.0454566,     2.98918,    0.336424,103233673465271
103133162295625,2,    0.364193,    0.055049,     3.00045,    0.316386,103234306559485
103133162295625,2,    0.362994,   0.0500741,     2.99211,    0.304394,103234999852006
103133162295625,2,    0.370086,   0.0395427,     2.99075,    0.279179,103235711513216
103133162295625,2,    0.375384,   0.0440635,     3.01425,    0.267476,103236462239433
103133162295625,2,    0.385386,   0.0435003,     3.00918,    0.254502,103237095699361
103133162295625,2,    0.375935,   0.0436227,     2.99136,     0.24125,103237869117080
103133162295625,2,    0.376807,   0.0390846,     3.00764,    0.215961,103238560123947
103133162295625,2,    0.403195,   0.0370432,     3.01046,    0.198149,103239311646837
103133162295625,2,    0.400052,   0.0331521,     3.01611,    0.184956,103239925787015
103133162295625,2,    0.413352,    0.030572,     2.99781,    0.166084,103240658969853
103133162295625,2,    0.419175,   0.0269795,     3.01145,    0.157252,103241293666762
103133162295625,2,    0.431304,   0.0257697,     3.00547,    0.141882,103241967480125
103133162295625,2,    0.442292,   0.0307262,     3.02916,    0.136262,103242700719781
103133162295625,2,    0.457845,   0.0260483,     3.01921,     0.12607,103243409040186
103133162295625,2,    0.467033,   0.0266744,     3.00473,    0.111087,103244061397031
103133162295625,2,    0.478794,   0.0227219,     3.03059,    0.103119,103244736436880
103133162295625,2,    0.516001,   0.0126613,     3.01037,   0.0863505,103245406584080
103133162295625,2,    0.541912,   0.0134923,     3.01068,   0.0794572,103246255982154
103133162295625,2,    0.566465,   0.0186179,     3.02432,   0.0804981,103247044898181
103133162295625,2,    0.605789,   0.0187619,     3.01891,   0.0725067,103247697974878
103133162295625,2,     0.64463,   0.0132383,     3.00357,   0.0677486,103248411154843
103133162295625,2,    0.682818,   0.0142968,     3.00452,   0.0629311,103249061199455
103133162295625,2,    0.748701,   0.0157135,      3.0151,   0.0567652,103249715443772
103133162295625,2,    0.778907,   0.0163003,     3.01529,   0.0530196,103250429342953
103133162295625,2,      0.8259,   0.0137747,     2.99727,   0.0423014,103251119301041
103133162295625,2,    0.901795,    0.013335,     3.02266,   0.0348616,103251866331540
103133162295625,2,    0.977135,   0.0104404,     3.00407,   0.0265243,103252594494972
103133162295625,2,     1.03639,   0.0135996,     3.01711,    0.026535,103253287879719
103133162295625,2,     1.08145,   0.0147793,      3.0046,   0.0196184,103253960140955
103133162295625,2,     1.11383,  0.00846403,     3.02317,  0.00968863,103254647722351
103133162295625,2,     1.12142,  0.00673121,     3.03327,   0.0104803,103255378407668
103133162295625,2,     1.10907, -0.00180808,     3.01996, 0.000927093,103256048034817
103133162295625,2,     1.08217,  0.00108637,     3.00537, 5.84555e-05,103256778974425
103133162295625,2,     1.05926, 0.000894391,     3.03176,-6.56655e-05,103257566714297
103133162295625,2,     1.03995, -0.00253462,     3.03055, -0.00243847,103258377231580
103133162295625,2,     1.02269, -0.00539385,     2.99517, -0.00245267,103258989861290
103133162295625,2,     0.99447,  -0.0103256,     3.02375, -0.00351586,103259758558488
103133162295625,2,    0.954765, 0.000219094,     3.00764,  0.00762908,103261002331552
103133162295625,2,    0.954455, -0.00158907,     3.01557,  0.00468493,103261597085166
103133162295625,2,    0.922133, -0.00571275,     3.03544,  0.00474048,103262424791532
103133162295625,2,    0.884415, -0.00496482,     2.98924,  0.00989533,103263055077358
103133162295625,2,    0.870247, -0.00830836,     2.84841,  0.00556142,103263843452785
103133162295625,2,    0.848018, -0.00673634,      2.7514,  0.00784616,103264519177939
103133162295625,2,    0.821114, -0.00604095,     2.57166,  0.00843854,103265186663195
103133162295625,2,    0.791915, -0.00528972,     2.41393,  0.00984948,103265862432185
103133162295625,2,    0.767482, -0.00447741,     2.28645,   0.0118166,103266595712531
103133162295625,2,    0.740222, 0.000301401,     2.14984,   0.0123486,103267388813269
103133162295625,2,     0.71633,  0.00343224,     2.03413,   0.0131621,103268021592740
103133162295625,2,    0.688788,  0.00899937,     1.90496,   0.0142764,103268769123918
103133162295625,2,    0.664375,  0.00641248,     1.79751,   0.0111159,103269521365767
103133162295625,2,    0.636969,  0.00496101,     1.67567,  0.00738995,103270272249093
103133162295625,2,    0.607387,  0.00333173,     1.55596,  0.00522642,103271079004781
103133162295625,2,    0.580807, 2.50964e-05,     1.50486,  0.00195429,103271803589744
103133162295625,2,    0.568692, 0.000857269,       1.404,  0.00126965,103272573173979
103133162295625,2,    0.545604,   0.0010046,     1.26857, 0.000408544,103273323627890
103133162295625,2,    0.513117,  0.00149465,     1.17781,-0.000307591,103274028484609
103133162295625,2,    0.481605, 0.000433788,     1.08905, -0.00163864,103274837932739
103133162295625,2,    0.463244, 0.000342958,     1.00247, -0.00203718,103275565934791
103133162295625,2,    0.443526,  0.00104882,    0.961766, -0.00222615,103276199183044
103133162295625,2,    0.406915,  0.00155598,    0.846114, -0.00261971,103277006468432
103133162295625,2,    0.384814,  0.00460545,    0.779586, -0.00127335,103277699785724
103133162295625,2,    0.354288,  0.00295955,    0.711411, -0.00343593,103278429058752
103133162295625,2,    0.333128,  0.00243384,    0.674816,  -0.0040559,103279141641921
103133162295625,2,    0.317238, 0.000865904,    0.586101, -0.00650904,103279935012781
103133162295625,2,     0.30439,-0.000264592,    0.556774, -0.00800433,103280686032104
103133162295625,2,    0.277401,  -0.0034476,    0.480057, -0.00693893,103281453100877
103133162295625,2,    0.255565, -0.00181592,    0.425121, -0.00600749,103282203695641
103133162295625,2,    0.240387, 5.69429e-06,    0.392098, -0.00573819,103282997173450
103133162295625,2,    0.221175,-8.98624e-05,    0.343965, -0.00741761,103283720332885
103133162295625,2,    0.202233,  0.00184301,    0.314797,  -0.0069137,103284418929864
103133162295625,2,    0.185957,  0.00227219,    0.268428, -0.00736508,103285116864381
103133162295625,2,    0.167395,  0.00321609,    0.239585,  -0.0076047,103285819349446
103133162295625,2,    0.153008,    0.001474,    0.200634,  -0.0097746,103286613843726
103133162295625,2,    0.138506,-0.000650165,    0.175744,  -0.0123072,103287354005024
103133162295625,2,    0.122117, 0.000142671,    0.140726,  -0.0121123,103288115190108
103133162295625,2,    0.104478, 0.000901153,    0.117468,  -0.0130329,103288878897873
103133162295625,2,   0.0916802,   0.0018993,   0.0959787,  -0.0127259,103289584307305
103133162295625,2,    0.080163,  0.00345076,    0.079229,  -0.0119475,103290450767291
103133162295625,2,   0.0719051,  0.00420916,   0.0703408,  -0.0129619,103291220410096
103133162295625,2,   0.0564623,  0.00370429,   0.0486643,  -0.0146916,103291871661892
103133162295625,2,   0.0458206,  0.00223211,   0.0367465,  -0.0146335,103292659191676
103133162295625,2,   0.0395273, 0.000883704,   0.0306764,  -0.0139357,103293382267762
103133162295625,2,   0.0269805,  0.00041311,   0.0192091,  -0.0141044,103294202222399
103133162295625,2,   0.0249568, 0.000358539,   0.0176192,  -0.0128663,103294944520205
103133162295625,2,   0.0192243, 0.000180794,   0.0134502,  -0.0124671,103295687327765
103133162295625,2,   0.0131501, 0.000118486,  0.00976391,  -0.0123871,103296351904117
103133162295625,2,  0.00813389, 7.02169e-05,  0.00732432,  -0.0131297,103297113515734
103297735774398,2,           0,           0,    -3.00016,  -0.0211212,103297931568320
103297735774398,2,           0,           0,    -3.00016,  -0.0211212,103298616060925
103297735774398,2,           0,           0,    -3.00016,  -0.0211212,103299336230750
103297735774398,2,           0,  -0.0650879,    -3.00009,  -0.0287565,103300021353716
103297735774398,2,           0,   -0.356588,    -2.99545,   -0.106781,103300792073222
103297735774398,2,           0,   -0.587462,    -2.99401,   -0.128409,103301504222813
103297735774398,2,           0,   -0.785951,     -2.9884,   -0.247538,103302226689955
103297735774398,2,           0,   -0.960609,    -2.85232,   -0.927873,103303045302584
103297735774398,2,           0,    -1.06366,    -2.78208,    -1.11529,103303727131704
103297735774398,2,           0,    -1.12423,    -2.59724,     -1.5076,103304490084125
103297735774398,2,           0,    -1.10269,    -2.26554,    -1.98172,103305141140215
103297735774398,2,           0,    -1.06251,    -1.82474,    -2.39346,103305961193150
103297735774398,2,           0,    -1.03045,    -1.40346,    -2.65513,103306724417001
103297735774398,2,           0,   -0.987148,   -0.878724,    -2.86431,103307470959367
103297735774398,2,           0,   -0.948017,   -0.419864,    -2.95801,103308154954762
103297735774398,2,           0,   -0.900953,   0.0914173,    -3.01983,103308783429738
103297735774398,2,           0,   -0.837296,    0.706073,    -2.92785,103309482189831
103297735774398,2,           0,   -0.796885,    0.946991,    -2.84403,103310262076836
103297735774398,2,           0,   -0.738072,     1.45372,      -2.612,103311087393688
103297735774398,2,           0,    -0.66516,     1.88752,    -2.36307,103311774292213
103297735774398,2,           0,   -0.619192,     2.09898,    -2.16072,103312457425182
103297735774398,2,           0,   -0.572682,     2.28855,    -1.95122,103313160064281
103297735774398,2,           0,   -0.524415,     2.42011,    -1.77965,103313846209117
103297735774398,2,           0,   -0.452324,     2.66064,    -1.39078,103314550499584
103297735774398,2,           0,   -0.404023,     2.71157,    -1.28643,103315310958939
103297735774398,2,           0,   -0.345967,      2.8676,   -0.896387,103315994736952
103297735774398,2,           0,   -0.322472,     2.90558,   -0.778234,103316660376564
103297735774398,2,           0,    -0.27736,     2.95262,   -0.587208,103317422554728
103297735774398,2,           0,   -0.236083,     2.98164,   -0.433229,103318073754589
103297735774398,2,           0,   -0.193904,     3.00201,   -0.279436,103318810288412
103297735774398,2,           0,   -0.157864,     3.01338,   -0.171023,103319672581767
103297735774398,2,           0,   -0.124919,     3.01907,  -0.0877257,103320438135514
103297735774398,2,           0,  -0.0724709,     3.02362,   0.0239141,103321261852152
103297735774398,2,           0,  -0.0577452,      3.0271,   0.0520975,103322007785393
103297735774398,2,           0,  -0.0278781,     3.02933,   0.0948024,103322715166869
103297735774398,2,           0, -0.00486653,     2.98882,    0.118438,103323401829297
103297735774398,2,    0.114154,    0.040508,     3.02673,      0.1222,103324194869383
103297735774398,2,    0.286385,    0.101625,     3.01877,    0.111595,103324979294001
103297735774398,2,    0.434273,    0.154104,     3.00433,   0.0860328,103325707543726
103297735774398,2,    0.585241,    0.173765,     3.03407,    0.025987,103326517857097
103297735774398,2,    0.712826,    0.124153,     3.01205,  -0.0308409,103327270044026
103297735774398,2,    0.822699,   0.0848666,     3.02598,  -0.0926139,103327981316852
103297735774398,2,    0.921538,   0.0303822,     3.03171,   -0.143516,103328693830996
103297735774398,2,     1.02038,  -0.0152649,     3.00916,   -0.184944,103329507542760
103297735774398,2,     1.09308,  -0.0530936,     2.98803,    -0.20999,103330196028639
103297735774398,2,     1.15762,  -0.0603833,      2.9857,   -0.197015,103330930997238
103297735774398,2,     1.20788,  -0.0690319,     2.99073,   -0.189881,103331641791004
103297735774398,2,     1.25353,  -0.0641186,     3.01754,   -0.159431,103332563266998
103297735774398,2,     1.26601,  -0.0660562,     3.00204,   -0.153308,103333430466257
103297735774398,2,     1.25803,  -0.0579339,     3.01158,   -0.123351,103334141607166
103297735774398,2,      1.2404,  -0.0490908,     3.00203,   -0.106559,103334889056531
103297735774398,2,     1.21683,  -0.0369696,     3.00037,   -0.076119,103335677539376
103297735774398,2,     1.20448,   -0.041539,     3.01142,  -0.0696388,103336342643305
103297735774398,2,     1.18676,  -0.0324337,     3.01482,  -0.0556283,103337050476751
103297735774398,2,     1.16333,  -0.0162449,     3.01984,  -0.0272622,103337865795013
103297735774398,2,      1.1467,  -0.0191063,     3.02048,  -0.0261136,103338574404156
103297735774398,2,     1.12416,  -0.0122012,     3.01967,  -0.0170658,103339320354744
103297735774398,2,     1.10806,  -0.0122917,     3.00633, -0.00711288,103340072575108
103297735774398,2,     1.08702,  -0.0114482,     3.03586, -0.00532786,103340821006051
103297735774398,2,     1.06189, -0.00908876,     3.02381, -0.00281639,103341514972785
103297735774398,2,     1.03747,  0.00136838,     3.01209,   0.0106151,103342238782745
103297735774398,2,     1.02187,  0.00284865,     3.02122,    0.012133,103342888073093
103297735774398,2,    0.995041, 0.000851231,     3.02779,  0.00786541,103343756746447
103297735774398,2,    0.979469,   0.0071319,     3.02089,    0.016533,103344524141298
103297735774398,2,    0.937459,  0.00164777,     3.01241,  0.00831211,103345337642546
103297735774398,2,    0.913065,  0.00210592,     3.00314,  0.00672984,103346030692800
103297735774398,2,    0.899031,  0.00124541,     3.02015,  0.00455123,103346761935218
103297735774398,2,    0.873687,  0.00230206,     2.86799,  0.00285484,103347450560222
103297735774398,2,    0.839491,  0.00112466,     2.70082,  0.00265913,103348220448083
103297735774398,2,    0.819103,  0.00227331,     2.55977,  0.00373081,103349050183871
103297735774398,2,    0.782003, -0.00249578,     2.36161,   0.0011796,103349758943297
103297735774398,2,    0.774312,  -0.0116032,     2.33301, -0.00793906,103350548172878
103297735774398,2,    0.739481,    0.001034,     2.20063, 1.17179e-05,103351397065798
103297735774398,2,      0.7105,  0.00153285,     1.98021,   0.0026837,103352068734705
103297735774398,2,    0.694211,-0.000812524,     1.95397, 0.000510398,103352798707665
103297735774398,2,    0.655591,  0.00173344,     1.83545, 0.000813399,103353586750120
103297735774398,2,    0.630329,  0.00014908,     1.67469, 0.000611418,103354394324170
103297735774398,2,    0.613777,  -0.0030616,     1.60844, -0.00104518,103355186789944
103297735774398,2,    0.584083,-0.000945026,     1.50399, -0.00194702,103355975294190
103297735774398,2,    0.556802, 3.19513e-05,     1.35655,  0.00053351,103356746622128
103297735774398,2,    0.530005,  0.00236969,     1.30313,  0.00212625,103357498566410
103297735774398,2,    0.506357,  0.00580715,     1.17411,  0.00541531,103358288716309
103297735774398,2,    0.483062,  0.00362838,     1.09401,  0.00153248,103358980852223
103297735774398,2,    0.452279,  0.00261868,    0.989698,  0.00113957,103359731240786
103297735774398,2,    0.433595,  0.00092467,    0.921799,  0.00177061,103360462063161
103297735774398,2,     0.41726,-0.000997343,    0.847707, 0.000648411,103361213221067
103297735774398,2,    0.385201, -0.00208088,    0.807934,-0.000635418,103362045941338
103297735774398,2,    0.358768,-0.000259375,    0.702202, 0.000746595,103362877620531
103297735774398,2,    0.340004, -0.00140646,     0.64924,  0.00136853,103363586647119
103297735774398,2,    0.317609,   0.0025973,    0.593728,  0.00210213,103364254359453
103297735774398,2,     0.29801,-0.000423129,    0.533431, 0.000968495,103364966127151
103297735774398,2,     0.27857,  0.00126412,    0.489077,  0.00313295,103365717856677
103297735774398,2,    0.257045,   0.0052894,    0.440464,  0.00427557,103366483603849
103297735774398,2,    0.242394,  0.00276722,    0.381921,  0.00406279,103367292317735
103297735774398,2,    0.222349,  0.00057638,    0.346445,   0.0033785,103367980920328
103297735774398,2,    0.201825,-0.000743696,    0.319309,  0.00116692,103368722837958
103297735774398,2,    0.182406,  -0.0019417,    0.259256,  0.00160356,103369483974436
103297735774398,2,    0.170233,  -0.0024452,    0.235156,  0.00179238,103370180504389
103297735774398,2,    0.155569, -0.00163664,    0.204889, 0.000840915,103370882586186
103297735774398,2,    0.139087,-0.000210784,    0.172285,  0.00163528,103371704196124
103297735774398,2,    0.118144, -0.00142826,    0.156154,  0.00147798,103372423965521
103297735774398,2,    0.110989,-0.000407647,    0.126015, 0.000544464,103373123798303
103297735774398,2,   0.0972835, -0.00111931,    0.104482, 0.000812778,103373925547334
103297735774398,2,    0.084464, -0.00106203,   0.0852629, -0.00108432,103374752708570
103297735774398,2,   0.0723242, 0.000546105,   0.0684707, -0.00090772,103375400587097
103297735774398,2,   0.0588602,  0.00044466,   0.0513877,-0.000194575,103376190770284
103297735774398,2,   0.0499354, 0.000765375,   0.0411158, -0.00131251,103376803073901
103297735774398,2,   0.0398034,-0.000164751,   0.0316607,-0.000814298,103377611599174
103297735774398,2,   0.0333876,-1.95441e-05,   0.0259935, -0.00088795,103378377833939
103297735774398,2,   0.0235875, 4.04018e-05,   0.0165658, -0.00163987,103379123258818
103297735774398,2,  0.00910953, 4.86027e-05,  0.00769802, -0.00405034,103379949672095
103380672781774,2,           0,           0,    -3.00067, -0.00812205,103380867319744
103380672781774,2,           0,           0,    -3.00067, -0.00812205,103381606255874
103380672781774,2,           0,           0,    -3.00067, -0.00812205,103382425898179
103380672781774,2,           0,   -0.112736,    -2.99971,  -0.0224341,103383131395050
103380672781774,2,           0,   -0.390859,    -2.99898,  -0.0633632,103383881221677
103380672781774,2,           0,   -0.616386,    -2.98978,    -0.24936,103384590774489
103380672781774,2,           0,    -0.79957,    -2.97025,   -0.438332,103385282114547
103380672781774,2,           0,    -0.95367,    -2.91372,   -0.713457,103386012401710
103380672781774,2,           0,    -1.07997,    -2.74421,    -1.20763,103386881432603
103380672781774,2,           0,    -1.12516,    -2.49868,    -1.65954,103387647809838
103380672781774,2,           0,    -1.08004,    -2.01542,    -2.21649,103388373723047
103380672781774,2,           0,    -1.05377,    -1.70635,    -2.45993,103389222107096
103380672781774,2,           0,    -1.01532,    -1.23678,    -2.72077,103390029698719
103380672781774,2,           0,   -0.973249,   -0.737018,    -2.92845,103390798021107
103380672781774,2,           0,   -0.930817,    -0.24156,    -3.00025,103391509013561
103380672781774,2,           0,   -0.877442,      0.2929,    -2.98992,103392318824922
103380672781774,2,           0,   -0.820956,    0.830356,    -2.88529,103393184599629
103380672781774,2,           0,   -0.777445,     1.12671,    -2.77951,103393872533256
103380672781774,2,           0,   -0.731186,     1.45894,    -2.61176,103394679433558
103380672781774,2,           0,   -0.684245,     1.73013,    -2.47983,103395406996326
103380672781774,2,           0,   -0.596638,     2.19124,    -2.08203,103396098569723
103380672781774,2,           0,   -0.560879,     2.33264,    -1.91292,103396772327327
103380672781774,2,           0,   -0.506878,     2.50041,    -1.66773,103397444796969
103380672781774,2,           0,   -0.468059,     2.61067,    -1.48273,103398216759087
103380672781774,2,           0,   -0.416145,     2.74853,    -1.20854,103399029291983
103380672781774,2,           0,   -0.371668,     2.83373,    -1.01151,103399680214718
103380672781774,2,           0,   -0.321674,     2.91507,   -0.761773,103400313108339
103380672781774,2,           0,   -0.271973,     2.95646,   -0.580612,103400982799480
103380672781774,2,           0,    -0.22622,     2.99003,   -0.381503,103401674926215
103380672781774,2,           0,   -0.186322,     3.00437,   -0.244367,103402442864019
103380672781774,2,           0,   -0.149849,     3.01086,   -0.144791,103403132897880
103380672781774,2,           0,   -0.113463,     3.01349,  -0.0633958,103403804329400
103380672781774,2,           0,  -0.0857742,     3.01699, -0.00642734,103404574304336
103380672781774,2,           0,  -0.0461804,     3.02041,   0.0641328,103405305644865
103380672781774,2,           0,  -0.0261696,     3.02343,   0.0930393,103405996387212
103380672781774,2,           0,           0,     3.02063,    0.117911,103406591232261
103380672781774,2,    0.118239,   0.0419579,     3.01418,    0.118457,103407300262668
103380672781774,2,    0.284047,    0.100796,      3.0109,    0.109168,103408026904283
103380672781774,2,     0.43485,    0.154309,     2.99715,     0.08231,103408735290798
103380672781774,2,    0.567719,    0.168376,     3.00268,   0.0380233,103409402606824
103380672781774,2,    0.687811,    0.145401,     3.02045,  0.00215028,103410051053201
103380672781774,2,    0.815228,   0.0731314,     3.00177,  -0.0921236,103410795503487
103380672781774,2,    0.928239,   0.0316827,     3.01398,   -0.140435,103411519387061
103380672781774,2,     1.02509,  -0.0278805,     3.01046,   -0.190845,103412205723070
103380672781774,2,     1.11909,  -0.0534141,     2.98596,   -0.212174,103412948959318
103380672781774,2,     1.20551,  -0.0740443,     2.99044,   -0.209086,103413731046906
103380672781774,2,     1.27404,  -0.0815945,     3.01139,   -0.202941,103414455539864
103380672781774,2,     1.32861,  -0.0792961,     3.01663,    -0.16879,103415143407088
103380672781774,2,      1.3801,  -0.0757626,     2.98879,   -0.153022,103415950538080
103380672781774,2,     1.41815,  -0.0572216,     3.01614,   -0.104754,103416757614199
103380672781774,2,     1.43893,  -0.0491604,     3.00683,  -0.0906757,103417406108399
103380672781774,2,     1.45241,  -0.0395229,     3.02457,  -0.0620662,103418130928997
103380672781774,2,     1.45329,  -0.0309987,     3.00488,  -0.0485086,103418815946725
103380672781774,2,     1.45429,  -0.0278577,     3.00887,  -0.0379223,103419519084935
103380672781774,2,     1.45339,  -0.0242141,     3.00553,  -0.0294383,103420223346129
103380672781774,2,     1.45409, -0.00959356,     3.02047,  -0.0088703,103421028896748
103380672781774,2,     1.45233, -0.00332633,     3.02158, -0.00352721,103421749515465
103380672781774,2,     1.45298, -0.00541368,      3.0101, -0.00478227,103422530660754
103380672781774,2,     1.45179, -0.00450403,     3.01934,  0.00113477,103423235602918
103380672781774,2,      1.4515, -0.00278109,     3.00477,  0.00386326,103423938079079
103380672781774,2,     1.45101, 0.000901456,     3.02921,  0.00788566,103424640078636
103380672781774,2,     1.45201, -0.00377981,     3.00627,  0.00680885,103425461922453
103380672781774,2,     1.45281, -0.00694929,     2.95479,  0.00365398,103426225221086
103380672781774,2,     1.45319, -0.00340623,     2.80499,   0.0090308,103427000800166
103380672781774,2,     1.45083, -0.00376791,      2.4289,  0.00469196,103427605581243
103380672781774,2,     1.45396, 0.000350258,     2.28721,  0.00761435,103428367973202
103380672781774,2,      1.1215,  0.00373306,     2.13507,  0.00827909,103429036624729
103380672781774,2,    0.833077,  0.00182605,     1.79751,  0.00624488,103429725970168
103380672781774,2,    0.783839,  0.00421782,      1.6454,  0.00466871,103430552232283
103380672781774,2,    0.754787, -0.00327982,      1.4879,-0.000860394,103431360473619
103380672781774,2,    0.739934, -0.00443531,     1.37875, -0.00141807,103432086169272
103380672781774,2,     0.70921, -0.00175191,      1.2914,-0.000667558,103432836214889
103380672781774,2,    0.677032, -0.00172499,     1.10301,  -0.0020614,103433567579900
103380672781774,2,    0.659092, -0.00150298,    0.991326, -0.00191674,103434376259217
103380672781774,2,    0.635691, -0.00214456,    0.891565, -0.00400732,103435184197793
103380672781774,2,    0.596983, -0.00440064,    0.786499, -0.00635006,103435971274580
103380672781774,2,    0.557617, 0.000535701,    0.686158,  -0.0051056,103436639859555
103380672781774,2,    0.471121, -0.00260385,    0.566504, -0.00753667,103437364839584
103380672781774,2,    0.469649, -0.00249647,    0.499694, -0.00486247,103438167293317
103380672781774,2,    0.466957,  -0.0142248,    0.411694, -0.00315275,103438930363473
103380672781774,2,    0.461275,  -0.0414521,    0.350659, -0.00518729,103439576432842
103380672781774,2,    0.458581,  -0.0583884,    0.257478, -0.00165601,103440420772586
103380672781774,2,    0.456744,   -0.102757,    0.194511,-0.000842902,103441144530763
103380672781774,2,    0.461185,   -0.188227,    0.119172,   0.0044868,103441890316002
103380672781774,2,    0.481315,   -0.269567,   0.0507906,  0.00442393,103442575598580
103380672781774,2,    0.384708,   -0.240005,     3.01418,    0.218111,103443300549690
103380672781774,2,    0.366742,   -0.244377,      2.9725,    0.372449,103444085838474
103380672781774,2,    0.366742,   -0.252054,     2.98637,    0.488402,103444844741720
103380672781774,2,    0.368589,   -0.205962,     2.98226,     0.57191,103445586513798
103380672781774,2,    0.287924,   -0.143546,     2.92423,    0.748136,103446315357307
103380672781774,2,    0.270185,   -0.106096,     2.89179,    0.833522,103447023196891
103380672781774,2,    0.270185,  -0.0771324,     2.88395,    0.905829,103447767995190
103380672781774,2,    0.275359,   -0.054766,     2.81575,    0.980969,103448594187221
103380672781774,2,     0.35499,  -0.0576201,     2.84145,    0.998456,103449303260248
103380672781774,2,    0.415529,  -0.0473297,     2.80262,     1.04669,103450029743701
103380672781774,2,    0.483396,  -0.0446173,     2.78272,      1.0856,103450798713003
103380672781774,2,    0.533046,  -0.0396924,     2.77084,     1.10592,103451588426868
103380672781774,2,     0.52453,  -0.0318802,     2.77401,     1.14645,103452181323316
103380672781774,2,    0.592014,  -0.0367712,     2.73973,     1.17601,103452969388903
103380672781774,2,    0.638827,  -0.0383306,     2.75942,     1.21136,103453639831755
103380672781774,2,    0.698907,  -0.0378161,     2.73128,     1.25432,103454542307866
103380672781774,2,      0.7359,  -0.0411337,     2.71424,     1.28367,103455343194665
103380672781774,2,    0.701538,   -0.026949,     2.67776,     1.31676,103456297703964
103380672781774,2,    0.680985,  -0.0332254,     2.67345,     1.32413,103457249244167
103380672781774,2,    0.651852,  0.00447954,     2.66702,     1.38877,103458042675320
103380672781774,2,    0.630701,   0.0233839,     2.64992,     1.40033,103458856727682
103380672781774,2,     0.60029,   0.0341937,     2.63623,     1.40168,103459631589752
103380672781774,2,    0.582444,   0.0515771,     2.63104,     1.39802,103460382749048
103380672781774,2,     0.53964,   0.0660568,      2.6493,     1.37804,103461116183857
103380672781774,2,    0.503944,   0.0753422,       2.658,       1.356,103461811787179
103380672781774,2,    0.480951,   0.0999935,     2.68634,     1.33316,103462623782780
103380672781774,2,    0.464406,    0.114526,     2.70721,     1.28001,103463357012120
103380672781774,2,    0.446254,     0.11073,     2.72099,     1.23544,103463967685594
103380672781774,2,    0.424018,    0.125989,     2.75338,     1.19109,103464737963877
103380672781774,2,    0.402176,    0.116877,     2.79616,     1.11616,103465585246572
103380672781774,2,    0.388116,   0.0993692,     2.79987,     1.06394,103466197055743
103380672781774,2,    0.372549,   0.0889762,     2.82942,    0.995915,103466926060569
103380672781774,2,    0.358562,   0.0944811,     2.85152,    0.971749,103467654182084
103380672781774,2,    0.360628,   0.0863011,     2.84905,    0.921728,103468346047183
103380672781774,2,    0.374892,   0.0859899,      2.8907,    0.860707,103469141336788
103380672781774,2,    0.379216,   0.0751644,     2.88869,    0.819195,103469854237042
103380672781774,2,    0.377434,   0.0572668,     2.93507,    0.748155,103470587844070
103380672781774,2,    0.379296,   0.0687657,     2.93992,    0.724828,103471359981430
103380672781774,2,    0.382401,   0.0631106,     2.94918,    0.664583,103472114291691
103380672781774,2,     0.38859,   0.0518943,     2.94832,    0.617947,103472902681473
103380672781774,2,    0.398215,    0.057096,     2.96578,    0.592713,103473634017018
103380672781774,2,    0.413791,   0.0457752,      2.9879,    0.533004,103474407251471
103380672781774,2,    0.426248,   0.0388783,     2.98972,    0.495143,103475063928359
103380672781774,2,    0.446514,    0.044021,     3.00012,    0.463028,103475776145314
103380672781774,2,    0.457151,   0.0366897,     3.00675,    0.418403,103476447734737
103380672781774,2,    0.474857,   0.0326446,     3.00908,     0.39421,103477219504849
103380672781774,2,    0.494367,   0.0337781,     3.02629,    0.367929,103477952450648
103380672781774,2,    0.496823,    0.027481,     3.03863,    0.311987,103478727028839
103380672781774,2,    0.538416,    0.019083,     3.04748,    0.278108,103479440518486
103380672781774,2,    0.564016,   0.0196892,     3.04538,    0.258425,103480253016355
103380672781774,2,    0.603247,   0.0166219,     3.05588,    0.218121,103480967300001
103380672781774,2,    0.632009,   0.0125911,     3.06904,    0.177697,103481662060201
103380672781774,2,    0.703218,   0.0126448,     3.06543,    0.159718,103482376559612
103380672781774,2,    0.767645,   0.0159814,     3.05894,    0.133515,103483148546736
103380672781774,2,    0.814839,   0.0160402,     3.08298,   0.0964898,103483899069362
103380672781774,2,    0.842013,   0.0167969,      3.0876,   0.0724718,103484613123474
103380672781774,2,    0.835886,   0.0138902,     3.09617,   0.0453053,103485384920265
103380672781774,2,    0.806693,   0.0115992,     3.08876,  0.00533577,103486097844989
103380672781774,2,    0.779997,   0.0093069,     3.09194,  -0.0190024,103486869502209
103380672781774,2,    0.754794,  0.00417887,     3.09046,  -0.0450662,103487681925515
103380672781774,2,    0.718676,  0.00279705,     3.07871,  -0.0684554,103488452730128
103380672781774,2,    0.702234,  0.00206089,     3.08878,  -0.0744218,103489202471740
103380672781774,2,    0.682729,-0.000709187,     3.08684,  -0.0829553,103489935076728
103380672781774,2,    0.653157, -0.00231063,     3.08558,   -0.098846,103490667524116
103380672781774,2,    0.634231,  -0.0045076,     3.07592,   -0.100829,103491400589868
103380672781774,2,    0.608096, -0.00390211,     3.07345,   -0.105867,103492231620611
103380672781774,2,    0.588503,  -0.0010279,     3.09166,    -0.10457,103492925351216
103380672781774,2,    0.562904,-0.000521694,     3.09319,   -0.103818,103493619835160
103380672781774,2,    0.539341, -0.00173026,     3.08061,   -0.103103,103494333062699
103380672781774,2,     0.52282, 0.000162935,     3.07613,  -0.0994475,103495064336269
103380672781774,2,     0.50356, -0.00434343,     3.06021,   -0.101425,103495836336486
103380672781774,2,    0.482798, -0.00742669,     3.06473,  -0.0973667,103496549736879
103380672781774,2,    0.464938, -0.00971217,     3.06155,  -0.0911694,103497319162848
103380672781774,2,    0.445436,  -0.0103107,     3.06474,  -0.0854976,103498036645416
103380672781774,2,     0.43965, -0.00966603,     3.05014,  -0.0813814,103498783516935
103380672781774,2,    0.414325, -0.00331387,      3.0464,  -0.0671238,103499496931875
103380672781774,2,    0.390403,  -0.0053228,     3.05716,   -0.060534,103500404948128
103380672781774,2,    0.380551, -0.00131554,     3.05583,  -0.0517106,103501393563547
103380672781774,2,    0.363971, -0.00136497,     3.03592,  -0.0471095,103502203609969
103380672781774,2,    0.353638, -0.00161148,     3.05279,  -0.0404143,103503072808202
103380672781774,2,    0.364257, -0.00432423,     3.02609,  -0.0354869,103503785294680
103380672781774,2,    0.361802,  -0.0101119,     3.03687,  -0.0217404,103504477249435
103380672781774,2,    0.374815,  -0.0210092,     3.05396,  -0.0143954,103505169593959
103380672781774,2,     0.38247,  -0.0295893,     3.05171, 0.000165957,103505920816989
103380672781774,2,    0.394149,  -0.0337853,       3.053,   0.0124036,103506547417185
103380672781774,2,    0.410994,  -0.0373217,     3.02726,   0.0374306,103507434142555
103380672781774,2,    0.452849,  -0.0358661,     3.05216,     0.05807,103508265252284
103380672781774,2,    0.486312,  -0.0328558,      3.0122,   0.0892498,103509037246746
103380672781774,2,    0.495269,    -0.04249,     3.02283,   0.0888378,103509925392718
103380672781774,2,    0.552432,  -0.0152037,      3.0332,     0.14818,103510619645922
103380672781774,2,    0.648437,  -0.0104179,      3.0186,    0.195322,103511348289060
103380672781774,2,    0.691786,  -0.0123586,     3.03114,    0.214991,103512040756462
103380672781774,2,    0.681373,  -0.0126406,     3.00401,    0.228119,103512852520584
103380672781774,2,    0.660739,  -0.0108723,      3.0249,    0.252914,103513565818487
103380672781774,2,    0.638819, -0.00264206,     3.03366,    0.267347,103514313839149
103380672781774,2,    0.616432,   0.0073974,     3.01807,     0.28823,103515004165233
103380672781774,2,    0.598856,   0.0183257,     2.99916,    0.302388,103515738498079
103380672781774,2,    0.577788,   0.0261177,     2.98661,    0.308957,103516489473673
103380672781774,2,    0.548374,   0.0322591,     2.90879,     0.29764,103517258484271
103380672781774,2,    0.527983,    0.033507,      2.8181,    0.280064,103518027704282
103380672781774,2,    0.516195,   0.0403819,     2.73622,    0.267313,103518721710609
103380672781774,2,    0.506773,   0.0371055,     2.64122,    0.242897,103519389094688
103380672781774,2,     0.50156,   0.0397932,     2.60979,     0.23681,103520058358057
103380672781774,2,    0.494706,   0.0481814,     2.51708,    0.216205,103520709689794
103380672781774,2,    0.505547,   0.0408328,     2.43822,    0.194509,103521417527490
103380672781774,2,    0.502229,   0.0404777,     2.29303,    0.162609,103522086774223
103380672781774,2,    0.516212,   0.0427738,     2.25294,    0.160785,103522834701585
103380672781774,2,    0.506351,   0.0376658,     2.19917,    0.144992,103523525967548
103380672781774,2,    0.529029,   0.0380217,     2.07508,    0.121402,103524273291716
103380672781774,2,    0.519707,   0.0423216,     2.01659,    0.119017,103525002605909
103380672781774,2,    0.546698,   0.0397269,     1.90415,   0.0991881,103525767769782
103380672781774,2,     0.59555,   0.0376916,     1.78514,   0.0824177,103526497285099
103380672781774,2,    0.629373,   0.0341191,     1.75861,   0.0748163,103527239671722
103380672781774,2,    0.637859,   0.0314625,     1.69416,   0.0645768,103527936690123
103380672781774,2,    0.607535,   0.0294757,     1.54514,   0.0533705,103528587507418
103380672781774,2,    0.584412,   0.0272196,     1.47795,   0.0445253,103529256424971
103380672781774,2,    0.545407,   0.0245765,     1.33348,   0.0388597,103529923398317
103380672781774,2,    0.522706,   0.0234203,     1.23265,   0.0294351,103530615144611
103380672781774,2,    0.501867,   0.0217398,     1.15969,    0.025028,103531304409535
103380672781774,2,    0.476636,   0.0239551,     1.07241,   0.0171514,103532095005125
103380672781774,2,    0.446843,   0.0160011,    0.971842,   0.0121345,103532826004327
103380672781774,2,    0.425285,    0.016842,    0.903205,   0.0112965,103533575053379
103380672781774,2,    0.405676,  0.00839974,    0.861332,  0.00756349,103534306688839
103380672781774,2,    0.378871,  0.00303702,    0.756865,  0.00619438,103534919421405
103380672781774,2,    0.358228,-0.000756481,    0.701113,  0.00581104,103535589445306
103380672781774,2,    0.332962, -0.00374769,    0.625085,  0.00479214,103536318316351
103380672781774,2,    0.303045, -0.00372691,    0.547348,  0.00554004,103537030829567
103380672781774,2,    0.290518, -0.00176641,    0.514305,  0.00698842,103537782193154
103380672781774,2,     0.26793,-0.000709441,    0.478148,  0.00361802,103538508345920
103380672781774,2,     0.24628, -0.00257099,    0.402749,  0.00305322,103539294227987
103380672781774,2,    0.231444,  -0.0026141,    0.367277,  0.00235537,103540077440241
103380672781774,2,    0.214091, -0.00342321,    0.328148,  0.00371637,103540877249864
103380672781774,2,     0.19774, -0.00264366,     0.30543,  0.00377611,103541596369723
103380672781774,2,    0.183349, -0.00241684,    0.261155,  0.00360706,103542298301285
103380672781774,2,    0.165511, -0.00318424,    0.225004,  0.00482236,103543021847947
103380672781774,2,    0.149123, -0.00062691,    0.193156,  0.00577996,103543671307344
103380672781774,2,    0.135853, 0.000427113,    0.168848,   0.0053063,103544359418024
103380672781774,2,     0.11835, -0.00171055,    0.145084,   0.0049473,103545201381307
103380672781774,2,    0.105099,  0.00387665,    0.116376,  0.00604306,103545931040794
103380672781774,2,   0.0980726,  0.00969512,    0.103557,  0.00493451,103546640648208
103380672781774,2,   0.0833914,   0.0148851,   0.0837717,   0.0048614,103547233416587
103380672781774,2,   0.0719385,   0.0180761,   0.0678872,   0.0038241,103547922909064
103380672781774,2,   0.0619642,   0.0168206,   0.0601795,  0.00274165,103548675174000
103380672781774,2,   0.0513404,   0.0127663,   0.0446275,  0.00316227,103549439546115
103380672781774,2,   0.0441593,   0.0174466,   0.0348889,  0.00457661,103550141307588
103380672781774,2,   0.0365211,   0.0184011,   0.0273735,  0.00458014,103550783290446
103380672781774,2,   0.0275519,   0.0143966,   0.0195875,  0.00383748,103551564117403
103380672781774,2,   0.0241514,   0.0128419,   0.0177801,  0.00469468,103552344719620
103380672781774,2,   0.0188246,   0.0102212,   0.0145322,  0.00477834,103553162398301
103380672781774,2,   0.0141749,  0.00778149,    0.010236,   0.0055597,103553939789911
103380672781774,2,   0.0103959,  0.00574398,  0.00822859,  0.00457418,103554622729205
103380672781774,2,  0.00798143,  0.00439066,  0.00782851,  0.00365761,103555376627388
103380672781774,2,  0.00260985,   0.0014997,  0.00547675,  0.00413259,103556092933090
103380672781774,2,           0,  -0.0135058,  0.00392069,  0.00517912,103556864256756
103380672781774,2,           0,  -0.0181529,  0.00117513,  0.00710514,103557602999423
103380672781774,2,           0,  -0.0126804,  0.00104587,  0.00663795,103558349019892
103558975088230,2,           0,           0,   -0.172322,     3.00241,103559073670914
103558975088230,2,           0,           0,   -0.172322,     3.00241,103559715575401
103558975088230,2,           0,           0,   -0.172322,     3.00241,103560455549219
103558975088230,2,           0,   0.0639817,   -0.172793,     3.00213,103561137813539
103558975088230,2,           0,    0.314723,   -0.101985,     3.00509,103561900715147
103558975088230,2,           0,    0.507223,  -0.0279786,     3.00588,103562609108062
103558975088230,2,           0,    0.661198,   0.0362182,     3.00775,103563320030901
103558975088230,2,           0,     0.77736,    0.402059,      2.9848,103564073782314
103558975088230,2,           0,    0.836894,    0.622774,     2.94984,103564886669467
103558975088230,2,           0,    0.782874,     1.16917,     2.78082,103565559688448
103558975088230,2,           0,    0.728789,     1.42374,     2.65699,103566311454912
103558975088230,2,           0,    0.699499,     1.65368,     2.52039,103567100754581
103558975088230,2,           0,    0.617712,     2.12224,     2.14237,103567753920921
103558975088230,2,           0,    0.555362,     2.36148,     1.86987,103568468062010
103558975088230,2,           0,    0.544855,     2.50385,     1.66853,103569201086219
103558975088230,2,           0,    0.555272,     2.67654,     1.37486,103569974453572
103558975088230,2,           0,    0.514354,      2.7844,     1.15029,103570687231565
103558975088230,2,           0,    0.469548,     2.86445,    0.926858,103571359916355
103558975088230,2,           0,    0.415558,     2.91854,    0.753576,103572073328614
103558975088230,2,           0,     0.39498,     2.95153,    0.600631,103572786574137
103558975088230,2,           0,    0.314756,     2.99368,    0.210488,103573540800233
103558975088230,2,           0,    0.270036,     3.02316,   0.0729762,103574173861810
103558975088230,2,           0,    0.234887,     3.01837,  -0.0947777,103574906527573
103558975088230,2,           0,    0.186262,     3.00523,   -0.255322,103575596256530
103558975088230,2,           0,    0.140261,     2.98275,   -0.376863,103576247525084
103558975088230,2,           0,    0.122761,     2.97307,   -0.412946,103577100438068
103558975088230,2,           0,   0.0920845,     2.96161,   -0.475083,103577791440736
103558975088230,2,           0,   0.0363765,     2.94465,    -0.56482,103578579426902
103558975088230,2,           0,           0,     2.93699,   -0.611627,103579347943153
103558975088230,2,   0.0581244,   0.0148183,     2.92615,   -0.642265,103580058553515
103558975088230,2,    0.102358,   0.0171318,     2.92193,   -0.648647,103580687752225
103558975088230,2,    0.145156,    0.021571,     2.92061,   -0.651723,103581455683066
103558975088230,2,    0.176971,   0.0240594,     2.93454,   -0.674321,103582266033739
103558975088230,2,    0.194059,   0.0226461,     2.95135,   -0.699259,103582998498887
103558975088230,2,    0.249447,   0.0324722,     2.91889,   -0.713867,103583749820400
103558975088230,2,    0.318173,    0.039717,     2.91032,   -0.729602,103584460676652
103558975088230,2,    0.379129,   0.0434524,     2.91028,   -0.759031,103585214052954
103558975088230,2,    0.428982,   0.0490303,     2.89109,   -0.794415,103585982804358
103558975088230,2,    0.462347,   0.0565709,     2.88546,   -0.838754,103586668785030
103558975088230,2,     0.50189,   0.0711365,     2.86116,   -0.879347,103587435028241
103558975088230,2,    0.554192,   0.0935182,     2.87027,   -0.936858,103588281079042
103558975088230,2,    0.588977,   0.0875963,     2.83069,   -0.978336,103589123115812
103558975088230,2,    0.557537,   0.0778021,     2.82131,    -1.10208,103589808045423
103558975088230,2,    0.451495,   0.0882334,     2.78164,    -1.15829,103590514404674
103558975088230,2,    0.407717,   0.0499759,     2.75578,    -1.26095,103591177491152
103558975088230,2,    0.379888,   0.0165777,     2.72148,    -1.31833,103591919053702
103558975088230,2,     0.37251,  0.00805122,     2.70957,     -1.3635,103592639294340
103558975088230,2,    0.371591,  -0.0159799,     2.67286,     -1.4113,103593397802832
103558975088230,2,    0.369592,  -0.0197352,     2.65108,    -1.44394,103594117259720
103558975088230,2,    0.369492,  -0.0356236,     2.65539,    -1.47536,103594819109115
103558975088230,2,    0.368813,  -0.0370545,     2.65968,    -1.49233,103595519558087
103558975088230,2,    0.356732,  -0.0597705,     2.65378,    -1.50459,103596221189031
103558975088230,2,    0.349701,  -0.0834511,     2.65615,    -1.52363,103596981065681
103558975088230,2,     0.35175,   -0.111187,     2.64169,    -1.49056,103597739447603
103558975088230,2,    0.343641,   -0.113145,     2.66455,    -1.48024,103598344632523
103558975088230,2,    0.349467,   -0.126833,     2.69045,    -1.45135,103599008179303
103558975088230,2,    0.347906,   -0.131805,     2.71624,    -1.43856,103599688446685
103558975088230,2,    0.344184,   -0.125661,     2.75536,    -1.38964,103600410940721
103558975088230,2,    0.347604,   -0.157934,     2.73498,    -1.38421,103601153658161
103558975088230,2,    0.347479,   -0.146334,     2.79068,    -1.30739,103601913355410
103558975088230,2,    0.352357,   -0.145502,     2.79709,    -1.25923,103602574958635
103558975088230,2,    0.359395,   -0.174276,     2.82667,    -1.23376,103603393583262
103558975088230,2,    0.346669,   -0.138055,     2.87238,    -1.14869,103604092783865
103558975088230,2,     0.36635,   -0.143325,     2.87931,    -1.09524,103604735788732
103558975088230,2,    0.370113,   -0.165681,     2.91453,    -1.04437,103605455587721
103558975088230,2,    0.392665,   -0.144523,     2.95919,   -0.966807,103606176852899
103558975088230,2,    0.419162,   -0.140648,     2.95419,   -0.903058,103606859128043
103558975088230,2,    0.442925,   -0.150684,     2.98138,   -0.879381,103607577050812
103558975088230,2,    0.449171,   -0.109576,      3.0029,   -0.786978,103608312833537
103558975088230,2,    0.441712,  -0.0937972,     3.00917,    -0.74319,103609048888604
103558975088230,2,     0.43879,  -0.0917992,     3.01907,   -0.709772,103609765761527
103558975088230,2,    0.470268,    -0.12939,      3.0197,   -0.659595,103610427250761
103558975088230,2,    0.532966,   -0.168243,     3.04633,   -0.593892,103611072720763
103558975088230,2,    0.597731,   -0.190513,       3.048,   -0.512938,103611833137436
103558975088230,2,    0.648325,   -0.194971,     3.07509,   -0.454256,103612556798435
103558975088230,2,    0.697509,   -0.166519,     3.07164,   -0.329242,103613184476364
103558975088230,2,    0.751527,   -0.132455,     3.05873,   -0.258143,103613930719556
103558975088230,2,    0.784932,   -0.116137,     3.07375,   -0.203126,103614696412119
103558975088230,2,    0.787917,  -0.0776667,     3.06261,   -0.114264,103615445689609
103558975088230,2,    0.769564,   -0.081054,      3.0544,    -0.09919,103616172657414
103558975088230,2,    0.757471,  -0.0372061,     3.04379,  -0.0289665,103616961974463
103558975088230,2,    0.738747,  -0.0102852,     3.06675,   0.0197703,103617631467753
103558975088230,2,    0.718586,  0.00175494,     3.03876,    0.041674,103618319754391
103558975088230,2,     0.69281,  0.00576111,     3.04716,   0.0478759,103619067826620
103558975088230,2,    0.679379,   0.0122329,     3.03574,   0.0563656,103619718756912
103558975088230,2,     0.66833,  0.00577581,     3.02645,   0.0512354,103620847905770
103558975088230,2,    0.637175,  0.00590174,     3.04389,   0.0569884,103621932910131
103558975088230,2,     0.61059,  0.00956882,      3.0292,   0.0586709,103622743539111
103558975088230,2,    0.580078,   0.0243634,     3.03706,   0.0742072,103623414415597
103558975088230,2,    0.481092,   0.0318937,     3.02537,    0.077887,103624162719371
103558975088230,2,    0.443373,   0.0326487,     3.03638,   0.0765213,103624910161383
103558975088230,2,    0.452386,   0.0241725,     3.03451,   0.0682333,103625617967202
103558975088230,2,    0.443136,   0.0188615,     3.02706,   0.0593131,103626385560284
103558975088230,2,    0.436052,   0.0228846,     3.00984,   0.0489294,103627113491168
103558975088230,2,    0.417342,   0.0378433,     3.01232,   0.0459882,103627839978523
103558975088230,2,    0.438961,    0.111445,     3.00101,   0.0191322,103628609123761
103558975088230,2,     0.45233,    0.161239,     3.01044,  -0.0223142,103629378538592
103558975088230,2,    0.466832,    0.214476,     3.01019,  -0.0862365,103630088651389
103558975088230,2,    0.486995,    0.256122,     3.00445,   -0.121338,103630800804233
103558975088230,2,    0.495345,    0.296033,     2.99379,   -0.258452,103631355810619
103558975088230,2,    0.306594,     0.18172,     2.98534,   -0.394765,103632107295914
103558975088230,2,    0.253574,    0.193896,     2.94121,   -0.550354,103632877683637
103558975088230,2,    0.214476,     0.18268,     2.92536,   -0.665543,103633530577059
103558975088230,2,    0.207364,    0.157651,     2.89643,   -0.769458,103634200566619
103558975088230,2,    0.207364,    0.123299,     2.88189,   -0.865256,103634972069388
103558975088230,2,    0.207364,   0.0933853,      2.8634,   -0.912609,103635706019731
103558975088230,2,    0.280548,   0.0864719,     2.83733,   -0.968054,103636520565049
103558975088230,2,    0.369999,   0.0669139,     2.82166,    -1.03656,103637191838305
103558975088230,2,    0.454821,   0.0733598,     2.80286,    -1.08804,103637842215720
103558975088230,2,    0.545866,    0.102944,      2.7725,     -1.1241,103638636612187
103558975088230,2,    0.609397,    0.102209,     2.75681,    -1.16294,103639271939569
103558975088230,2,     0.66784,    0.103733,     2.72831,    -1.24471,103639946340452
103558975088230,2,    0.711675,    0.107768,     2.70359,    -1.30562,103640535680792
103558975088230,2,    0.780614,    0.102308,     2.66771,    -1.37488,103641323652678
103558975088230,2,    0.850584,   0.0846816,     2.64772,    -1.43853,103641974128430
103558975088230,2,    0.910461,   0.0840797,     2.61484,    -1.48064,103642625297294
103558975088230,2,    0.962351,   0.0561229,     2.57202,    -1.54009,103643350513471
103558975088230,2,    0.996194,   0.0386747,     2.54605,    -1.60356,103644060425025
103558975088230,2,     1.01152,   0.0389635,     2.51176,    -1.65469,103644824457310
103558975088230,2,    0.982524,   0.0354935,     2.47204,     -1.7195,103645590772325
103558975088230,2,    0.953652,   0.0271142,     2.44066,    -1.76579,103646357561627
103558975088230,2,    0.920838,   0.0334085,     2.43138,    -1.79863,103647123722276
103558975088230,2,    0.901903,   0.0297005,     2.38787,    -1.84307,103647926594424
103558975088230,2,    0.852195,   0.0236412,     2.38353,     -1.8644,103648611241120
103558975088230,2,    0.822682,   0.0178886,     2.38194,    -1.88431,103649373283621
103558975088230,2,    0.804244,  -0.0127999,     2.36044,    -1.92655,103650078003560
103558975088230,2,    0.684244,  -0.0289617,     2.35234,    -1.95476,103650859245068
103558975088230,2,    0.554454,  -0.0381967,     2.35468,    -1.95859,103651737592623
103558975088230,2,    0.603164,  -0.0691274,     2.38566,    -1.96976,103652518731386
103558975088230,2,    0.647092,  -0.0849758,     2.38096,    -1.95337,103653163779125
103558975088230,2,    0.681397,   -0.099843,     2.44823,    -1.94009,103653907970640
103558975088230,2,    0.682812,   -0.100818,     2.45251,    -1.90702,103654709657714
103558975088230,2,    0.598907,  -0.0698357,     2.55065,    -1.86165,103655395690563
103558975088230,2,    0.558503,  -0.0706574,      2.5779,    -1.84813,103656109761934
103558975088230,2,    0.506568,  -0.0435617,     2.61736,    -1.80315,103656823541001
103558975088230,2,    0.518809, -0.00128272,     2.65281,    -1.77126,103657611888555
103558975088230,2,    0.545399,   0.0233022,     2.68475,    -1.76155,103658279853933
103558975088230,2,    0.539073,   0.0402793,     2.67704,    -1.76072,103659009642206
103558975088230,2,     0.51737,   0.0543786,     2.73689,    -1.76545,103659776560788
103558975088230,2,    0.488288,   0.0769451,     2.71273,    -1.80759,103660382771501
103558975088230,2,    0.462458,     0.12908,     2.64117,    -1.85335,103661150960277
103558975088230,2,    0.442378,    0.169989,     2.52236,    -1.90353,103661819623905
103558975088230,2,    0.429241,    0.242157,     2.50276,    -1.89727,103662491386102
103558975088230,2,    0.426183,    0.261164,     2.27391,    -2.05069,103663303863165
103558975088230,2,    0.407254,      0.2618,     2.10945,    -2.14878,103664016478550
103558975088230,2,    0.399051,    0.300266,     1.93794,    -2.23914,103664708768067
103558975088230,2,    0.380051,    0.300127,     1.78151,    -2.31098,103665381215415
103558975088230,2,    0.360264,    0.286454,     1.57255,    -2.41586,103666094341107
103558975088230,2,    0.339304,    0.295049,     1.48625,    -2.44444,103666864420447
103558975088230,2,    0.316967,    0.272294,     1.22701,       -2.55,103667539374889
103558975088230,2,     0.29559,    0.180127,     1.07077,    -2.59899,103668209689364
103558975088230,2,    0.265715,    0.160301,    0.912506,    -2.63736,103669000327445
103558975088230,2,    0.239607,    0.105255,    0.731192,     -2.6752,103669728712657
103558975088230,2,    0.219295,   0.0625433,    0.618887,    -2.69087,103670338841127
103558975088230,2,     0.19444,   0.0455758,    0.503856,    -2.70499,103671029736860
103558975088230,2,    0.172295,    0.037106,    0.424483,    -2.71496,103671837559758
103558975088230,2,    0.157533,   0.0336131,    0.381672,     -2.7211,103672546823553
103558975088230,2,    0.140713,   0.0328632,    0.323447,    -2.72533,103673218358335
103558975088230,2,    0.121173,   0.0372047,    0.280603,    -2.73396,103673986057934
103558975088230,2,    0.104421,   0.0352478,    0.229786,    -2.73714,103674713112548
103558975088230,2,   0.0895739,   0.0363579,    0.190031,    -2.74126,103675420098735
103558975088230,2,   0.0841154,   0.0319359,     0.17161,    -2.74246,103676130258684
103558975088230,2,   0.0733618,   0.0266115,    0.136634,    -2.74267,103676844923491
103558975088230,2,   0.0613381,   0.0230588,    0.108187,    -2.74469,103677548152478
103558975088230,2,   0.0451807,   0.0223397,   0.0731065,    -2.74723,103678294164450
103558975088230,2,   0.0394247,   0.0179847,   0.0583236,    -2.74653,103678942613094
103558975088230,2,   0.0283276,   0.0143875,   0.0389221,    -2.74939,103679671717828
103558975088230,2,   0.0211217,   0.0102567,   0.0277621,    -2.75231,103680418440534
103558975088230,2,    0.014827,  0.00738384,   0.0151247,    -2.75187,103681110689359
103558975088230,2,   0.0847614,   0.0610721,      3.5856,    0.556978,103681776553580
103558975088230,2,    0.179035,    0.148394,     3.57958,    0.519003,103682539410513
103558975088230,2,    0.256615,    0.229272,     3.58078,     0.52235,103683222115124
103558975088230,2,    0.326758,    0.290522,     3.59881,     0.41313,103683924587552
103558975088230,2,    0.388383,    0.344893,     3.58445,    0.300586,103684665058191
103558975088230,2,     0.43363,     0.36756,     3.57977,    0.216292,103685327702182
103558975088230,2,    0.473586,    0.349463,     3.57092,   0.0306673,103686009470750
103558975088230,2,    0.515685,    0.275988,      3.5193,   -0.191833,103686750398699
103558975088230,2,    0.564236,    0.237974,     3.50752,   -0.339391,103687494049873
103558975088230,2,    0.621908,    0.227345,     3.45208,   -0.445102,103688198094551
103558975088230,2,    0.689873,    0.170006,      3.4215,   -0.583498,103688902801072
103558975088230,2,    0.765951,    0.127821,     3.38374,   -0.664628,103689570099012
103558975088230,2,    0.871418,    0.118334,      3.3793,   -0.687248,103690332830348
103558975088230,2,    0.943389,   0.0888299,     3.36167,   -0.730289,103691078304709
103558975088230,2,       1.016,   0.0604867,     3.31254,   -0.760941,103691805419258
103558975088230,2,      1.0796,   0.0431482,      3.3209,   -0.771363,103692472974388
103558975088230,2,     1.14201,   0.0289667,     3.27763,   -0.751965,103693276412939
103558975088230,2,     1.17756,   0.0172295,     3.27506,   -0.745029,103693884645640
103558975088230,2,     1.20678,  0.00417624,     3.26904,   -0.702012,103694646426293
103558975088230,2,     1.20121,   0.0068067,     3.25156,   -0.660115,103695387200669
103558975088230,2,     1.18645,-0.000526582,     3.23422,   -0.630072,103696069525013
103558975088230,2,     1.16557,-0.000638737,     3.21972,   -0.582271,103696828193611
103558975088230,2,     1.14362, -0.00561559,     3.20782,   -0.535008,103697528935871
103558975088230,2,     1.12482,  -0.0113291,     3.21623,   -0.491211,103698171655183
103558975088230,2,     1.10861,  -0.0161468,     3.21307,   -0.449807,103698893811859
103558975088230,2,     1.07854,  -0.0316562,     3.19178,   -0.415553,103700064246486
103558975088230,2,     1.06103,  -0.0253815,     3.18606,   -0.370073,103700825026927
103558975088230,2,     0.92312,  -0.0347106,      3.1661,   -0.354878,103701920131924
103558975088230,2,    0.961435, -0.00418775,      3.1863,   -0.253785,103702560602891
103558975088230,2,    0.981984,   0.0130346,     3.16721,   -0.186577,103703227859554
103558975088230,2,    0.965782,    0.018019,     3.12394,   -0.156527,103703948181935
103558975088230,2,    0.939409,   0.0145722,     3.13124,   -0.122346,103704651809069
103558975088230,2,    0.906904,   0.0110216,      3.1489,  -0.0758895,103705414400606
103558975088230,2,    0.892033, -0.00197882,     3.12762,  -0.0678169,103706057083929
103558975088230,2,    0.861054, 0.000466235,     3.11708,  -0.0296276,103706739343374
103558975088230,2,    0.833798,  0.00413654,     3.12695,   0.0119405,103707460309667
103558975088230,2,    0.813748, -0.00164389,       3.097,   0.0249104,103708086378981
103558975088230,2,    0.783652,  -0.0031009,     2.93328,   0.0238755,103708828454442
103558975088230,2,    0.756454,  0.00297581,     2.78906,   0.0306766,103709472450097
103558975088230,2,    0.731429, -0.00589139,     2.68107,   0.0227018,103710237824928
103558975088230,2,     0.70933,-7.18774e-05,     2.52051,   0.0280561,103710922077470
103558975088230,2,    0.679783,  0.00881492,     2.42796,   0.0346046,103711626790903
103558975088230,2,    0.659004,  0.00612221,     2.32546,   0.0310537,103712233967090
103558975088230,2,    0.638335, 0.000148954,     2.24142,   0.0258377,103713033762500
103558975088230,2,    0.611349,-0.000905381,     2.11967,    0.024893,103713661591038
103558975088230,2,    0.581791, -0.00509205,     2.01451,   0.0209162,103714481793659
103558975088230,2,     0.55113, -0.00299351,     1.88961,   0.0247368,103715164169896
103558975088230,2,    0.533259, -0.00201768,     1.78109,   0.0251276,103715791485164
103558975088230,2,    0.509196, -0.00044653,     1.67097,   0.0276508,103716476609128
103558975088230,2,    0.489119,-0.000642562,     1.58751,   0.0284645,103717237553976
103558975088230,2,    0.464771,  0.00214411,     1.50471,   0.0296668,103717906324027
103558975088230,2,    0.438989,  0.00313003,     1.40209,   0.0307302,103718644228296
103558975088230,2,    0.429669, -0.00182571,     1.37873,   0.0280225,103719377478472
103558975088230,2,    0.408851, -0.00240134,     1.28154,   0.0273795,103720049702848
103558975088230,2,    0.394134, -0.00312746,     1.23671,   0.0276396,103720717471442
103558975088230,2,    0.378731, -0.00498696,     1.16721,   0.0274487,103721443539103
103558975088230,2,    0.354395,-0.000587073,     1.07437,   0.0301292,103722131117736
103558975088230,2,    0.351376,  0.00596836,     1.01267,   0.0296125,103722878039128
103558975088230,2,    0.348969,   0.0286975,     0.95269,   0.0299956,103723592152690
103558975088230,2,    0.351046,   0.0481613,    0.903105,   0.0297572,103724201703050
103558975088230,2,    0.355372,   0.0716258,    0.852665,   0.0239168,103724973609987
103558975088230,2,    0.351879,    0.085827,    0.781377,   0.0125185,103725705189594
103558975088230,2,    0.352331,   0.0794052,    0.752473,  0.00698862,103726373864932
103558975088230,2,    0.359343,   0.0799412,    0.672952, -0.00618745,103726965831592
103558975088230,2,    0.354989,    0.073605,    0.611726,  -0.0176273,103727588677809
103558975088230,2,    0.366649,   0.0705335,     0.54803,  -0.0243651,103728255241409
103558975088230,2,    0.362139,   0.0756329,    0.500248,  -0.0276498,103728963672590
103558975088230,2,    0.363795,   0.0654629,    0.435889,  -0.0367593,103729744629174
103558975088230,2,    0.367002,   0.0669142,    0.377232,  -0.0408833,103730509060521
103558975088230,2,    0.368438,   0.0590596,    0.312364,  -0.0431781,103731241880291
103558975088230,2,     0.38567,   0.0677893,     0.25133,   -0.046492,103732047450257
103558975088230,2,    0.383013,   0.0551129,    0.219673,  -0.0474753,103732752577816
103558975088230,2,    0.392255,   0.0450168,     0.13247,  -0.0496729,103733426012672
103558975088230,2,    0.401979,   0.0462899,   0.0537855,   -0.049196,103734156507814
103558975088230,2,    0.401357,   0.0421073,     3.00191,    0.181773,103734766861689
103558975088230,2,    0.424253,   0.0452506,     3.02648,    0.165626,103735456715448
103558975088230,2,    0.430525,    0.044958,     2.99806,    0.146771,103736187862929
103558975088230,2,    0.436611,   0.0400952,     3.03051,    0.123856,103736876620197
103558975088230,2,    0.449733,   0.0360715,     3.01622,    0.106696,103737659966677
103558975088230,2,    0.477588,   0.0222096,     2.99681,   0.0861182,103738431263601
103558975088230,2,     0.49723,   0.0163155,       3.028,    0.074866,103739118980072
103558975088230,2,    0.526115,  0.00154733,     3.00449,   0.0655732,103739783848042
103558975088230,2,     0.54545,  -0.0210641,      3.0013,   0.0687186,103740727200810
103558975088230,2,    0.507202,  -0.0382401,     2.99961,   0.0751753,103741549415026
103558975088230,2,    0.489694,  -0.0403279,     2.99208,   0.0798095,103742458358333
103558975088230,2,    0.471275,  -0.0618593,     3.01212,    0.108411,103743207275282
103558975088230,2,    0.471275,  -0.0965064,     3.00181,    0.138455,103743863745156
103558975088230,2,    0.471275,   -0.135779,     2.98288,    0.198485,103744670562749
103558975088230,2,    0.506641,   -0.165894,     3.00298,    0.263745,103745341792446
103558975088230,2,    0.480825,    -0.13488,     3.00529,    0.362361,103745972275556
103558975088230,2,    0.323728,   -0.090587,     2.97661,      0.4604,103746693487483
103558975088230,2,    0.283196,  -0.0732983,     2.95904,    0.542442,103747389301151
103558975088230,2,    0.252389,  -0.0579327,     2.94508,    0.619502,103748091091288
103558975088230,2,    0.226716,  -0.0430276,       2.945,    0.658998,103748846550129
103558975088230,2,         0.2,  -0.0422986,     2.94501,    0.708834,103749661983225
103558975088230,2,         0.2,  -0.0312894,     2.92429,    0.751264,103750358297782
103558975088230,2,         0.2,  -0.0325542,     2.91367,    0.787326,103751157321184
103558975088230,2,         0.2,  -0.0320149,      2.9112,    0.808038,103751938705339
103558975088230,2,         0.2,  -0.0355639,     2.89627,    0.829261,103752695341647
103558975088230,2,         0.2,  -0.0370359,     2.90447,    0.856549,103753435923826
103558975088230,2,         0.2,  -0.0380781,     2.88744,    0.881711,103754156078749
103558975088230,2,         0.2,   -0.038924,      2.8669,    0.906599,103754895044428
103558975088230,2,         0.2,  -0.0385312,     2.87133,    0.936121,103755670784995
103558975088230,2,         0.2,  -0.0373966,     2.85136,    0.960214,103756394512242
103558975088230,2,         0.2,  -0.0376815,     2.83324,    0.982943,103757096262152
103558975088230,2,         0.2,  -0.0389621,     2.85099,     1.00447,103757852427102
103558975088230,2,         0.2,  -0.0425941,      2.8387,     1.02378,103758649167632
103558975088230,2,         0.2,  -0.0453156,     2.81526,     1.06642,103759431918465
103558975088230,2,    0.235035,  -0.0331045,     2.79705,     1.07964,103760100374670
103558975088230,2,     0.33403,  -0.0220706,     2.80412,     1.11064,103760885107267
103558975088230,2,    0.415533,  -0.0352357,     2.79607,     1.14849,103761635424844
103558975088230,2,    0.483022,  -0.0592839,     2.78921,     1.17158,103762366590574
103558975088230,2,    0.540254,  -0.0939213,     2.76952,     1.18775,103763113616922
103558975088230,2,    0.581416,   -0.101655,     2.76541,     1.24355,103763807645699
103558975088230,2,    0.595381,  -0.0921257,     2.71858,     1.31203,103764582021121
103558975088230,2,    0.570186,  -0.0824998,     2.66597,     1.41427,103765312314804
103558975088230,2,    0.548277,  -0.0617502,     2.64941,     1.47705,103766000493248
103558975088230,2,    0.521682,  -0.0399603,     2.61683,     1.54236,103766769541695
103558975088230,2,    0.502556,  -0.0257094,     2.59994,     1.60565,103767557942520
103558975088230,2,    0.485507,   -0.020013,     2.58465,     1.65596,103768288275074
103558975088230,2,    0.464115, -0.00319712,     2.55479,     1.69652,103769038238418
103558975088230,2,    0.443121,   0.0226473,     2.52605,     1.71097,103769731306991
103558975088230,2,    0.430746,    0.049848,     2.52926,     1.73569,103770423912449
103558975088230,2,    0.412362,   0.0742426,      2.5331,     1.74434,103771174535409
103558975088230,2,      0.4013,   0.0957892,      2.5571,     1.73667,103771924404084
103558975088230,2,    0.388376,      0.1135,     2.55572,     1.71476,103772678356569
103558975088230,2,    0.374148,    0.107768,     2.58154,     1.69222,103773488329105
103558975088230,2,    0.360119,     0.11443,     2.62562,     1.65616,103774362365585
103558975088230,2,    0.365848,    0.132961,     2.64324,     1.61648,103775114630179
103558975088230,2,    0.367246,    0.157315,      2.6517,     1.59706,103775766470850
103558975088230,2,      0.3693,    0.134562,     2.68703,     1.54313,103776479763297
103558975088230,2,    0.366397,    0.169753,     2.75318,     1.46701,103777188614342
103558975088230,2,      0.3743,     0.15577,     2.76271,     1.43435,103777841520826
103558975088230,2,    0.387678,    0.156628,     2.80984,     1.34503,103778532790130
103558975088230,2,    0.378568,    0.149464,     2.84731,     1.27392,103779247088484
103558975088230,2,    0.397839,    0.149983,      2.8754,     1.19588,103779955933989
103558975088230,2,    0.393064,    0.126159,     2.89698,     1.13758,103780730742762
103558975088230,2,    0.394314,    0.123096,     2.92938,     1.07622,103781363903518
103558975088230,2,    0.444479,    0.123665,     2.97361,     1.00167,103782134742788
103558975088230,2,    0.481493,    0.125053,     2.98269,    0.956539,103782925048967
103558975088230,2,    0.502173,    0.114705,     2.99601,    0.892239,103783653899281
103558975088230,2,    0.505125,    0.112502,     3.01203,    0.820808,103784347558971
103558975088230,2,     0.55709,    0.159855,     3.02396,     0.75315,103785124795861
103558975088230,2,     0.63284,    0.163196,     3.05234,     0.63856,103785934920184
103558975088230,2,    0.694858,      0.1633,     3.05361,     0.62724,103786726412872
103558975088230,2,    0.749241,     0.14828,     3.08106,     0.50726,103787458963599
103558975088230,2,    0.828021,    0.136408,     3.08577,    0.455502,103788213994509
103558975088230,2,    0.892108,    0.107785,     3.08443,    0.337171,103788947808662
103558975088230,2,    0.947479,   0.0866591,      3.0895,    0.277566,103789763646716
103558975088230,2,    0.982237,   0.0517867,     3.08838,    0.185768,103790496503663
103558975088230,2,    0.985233,   0.0215247,     3.07216,     0.11442,103791308627877
103558975088230,2,    0.961359,  0.00731769,     3.08968,   0.0619823,103792019465572
103558975088230,2,    0.939435, -0.00440915,     3.08318,   0.0329363,103792832102086
103558975088230,2,    0.913799, -0.00686303,     3.07358, -0.00498761,103793526795017
103558975088230,2,    0.884685, -0.00718853,     2.99826, -0.00846359,103794302065539
103558975088230,2,    0.861812, -0.00607119,     2.80005, -0.00356029,103795094793236
103558975088230,2,    0.840786, -0.00370311,     2.70049, -0.00223061,103795906734688
103558975088230,2,    0.802564, 0.000482906,     2.49923,  0.00180022,103796657899301
103558975088230,2,    0.783274,   0.0050846,     2.36182,  0.00495802,103797391254993
103558975088230,2,    0.755267,-0.000110164,     2.22514,  0.00198563,103798161364038
103558975088230,2,    0.731046,  0.00123993,     2.10502,  0.00210275,103798938935718
103558975088230,2,     0.70642, -0.00479176,     1.98722, -0.00278629,103799690262508
103558975088230,2,     0.67181, -0.00572194,     1.82865, -0.00263614,103800420904983
103558975088230,2,    0.652786, -0.00451594,     1.74475, -0.00137705,103801150972230
103558975088230,2,    0.622966, -0.00232922,      1.6259,-0.000418743,103801881633157
103558975088230,2,    0.599357, 0.000678919,     1.52081,  0.00177099,103802670816452
103558975088230,2,     0.57169, 0.000940817,     1.41307,  0.00119836,103803505212636
103558975088230,2,    0.549838,  0.00264241,     1.35742,  0.00204915,103804319494898
103558975088230,2,    0.526264,  0.00323298,     1.26647,  0.00139208,103805089094132
103558975088230,2,    0.492518,  0.00231091,     1.17449,-8.14664e-05,103805851594926
103558975088230,2,    0.462458, 0.000247356,     1.02412, -0.00114793,103806620624880
103558975088230,2,    0.452455,  0.00366664,    0.998482, 0.000178052,103807392721314
103558975088230,2,    0.423503,   0.0012411,    0.896399, -0.00219254,103808142987441
103558975088230,2,    0.397269, -0.00133315,    0.845429, -0.00420809,103808893266693
103558975088230,2,    0.372705,  -0.0010589,    0.738402, -0.00399898,103809839327587
103558975088230,2,     0.35281, -0.00223055,    0.679483, -0.00489744,103810807609122
103558975088230,2,    0.334415,-0.000725455,    0.645038, -0.00406778,103811620379257
103558975088230,2,    0.322006,  0.00260821,     0.59141, -0.00372794,103812429565970
103558975088230,2,    0.297867,  0.00442499,    0.525271, -0.00323978,103813240327103
103558975088230,2,    0.276664,-0.000214102,    0.484432, -0.00368315,103814070869523
103558975088230,2,    0.261023, -0.00152319,     0.43116, -0.00527183,103814755260559
103558975088230,2,    0.241683, -0.00144292,    0.383416, -0.00573491,103815559408769
103558975088230,2,    0.216528, -0.00122193,     0.32589, -0.00659368,103816384805610
103558975088230,2,    0.201105,-0.000939897,    0.288841, -0.00680659,103817130918564
103558975088230,2,    0.179146,  0.00127308,    0.248866, -0.00794578,103817855144604
103558975088230,2,    0.162422,   0.0021104,    0.209786, -0.00684159,103818659691188
103558975088230,2,    0.148213, 0.000953471,    0.192024, -0.00877892,103819467121124
103558975088230,2,    0.124519,  0.00213911,    0.162418, -0.00904973,103820210195440
103558975088230,2,    0.111466,  0.00233608,    0.126826, -0.00929615,103820950631206
103558975088230,2,    0.100064,  0.00382115,     0.10882, -0.00826096,103821690190153
103558975088230,2,   0.0872281,  0.00138802,   0.0893532, -0.00888084,103822513723091
103558975088230,2,   0.0786975,  0.00223307,   0.0770891, -0.00787627,103823179566962
103558975088230,2,    0.066423,  0.00184532,   0.0611828, -0.00843263,103823871119111
103558975088230,2,   0.0526197,  0.00208482,   0.0440799, -0.00774333,103824601810545
103558975088230,2,   0.0410842, 0.000266318,   0.0318356, -0.00791936,103825312565368
103558975088230,2,   0.0332379, 0.000209147,   0.0243674, -0.00760862,103826094221628
103558975088230,2,   0.0269662, 0.000175559,   0.0191422, -0.00702589,103826759087278
103558975088230,2,   0.0199648,  0.00012357,   0.0138489, -0.00628122,103827480507175
103558975088230,2,   0.0105678, 5.94822e-06,  0.00839458, -0.00605795,103828244777612
103558975088230,2, 0.000665391, 1.75671e-06,    0.005105,  -0.0062321,103829025159010
103558975088230,2,           0,  -0.0811119,   0.0060459, -0.00750574,103829756115794
103558975088230,2,           0,   -0.161232,  0.00628824, -0.00542687,103830429981912
103558975088230,2,           0,   -0.205579,  0.00509207, -0.00559301,103831221685535
103558975088230,2,           0,   -0.187197,  0.00614295, -0.00236908,103831950015787
103558975088230,2,           0,    -0.15187,  0.00822719,-0.000459403,103832662114852
103558975088230,2,           0,   -0.127236,   0.0101349,  0.00114602,103833495505551
103558975088230,2,           0,   -0.085471,   0.0118144,  0.00393004,103834231810691
103558975088230,2,           0,  -0.0539763,   0.0140631,  0.00633702,103834948143895
103558975088230,2,           0,  -0.0248797,   0.0153469,  0.00582686,103835680153745
103558975088230,2,           0, -0.00189191,   0.0170063,  0.00613382,103836392545106
103836746130842,2,           0,           0,    -2.99524,   0.0696108,103837097229880
103836746130842,2,           0,           0,    -2.99524,   0.0696108,103837778317862
103836746130842,2,           0,           0,    -2.99524,   0.0696108,103838539118793
103836746130842,2,           0,    0.212401,    -2.99539,   0.0608392,103839266601767
103836746130842,2,           0,    0.495651,    -2.99039,    0.198418,103840076948129
103836746130842,2,           0,    0.694634,    -2.99424,    0.159322,103840741888840
103836746130842,2,           0,     0.87648,    -2.94307,     0.57236,103841482397613
103836746130842,2,           0,     1.01392,    -2.90184,    0.771184,103842230257424
103836746130842,2,           0,     1.09781,    -2.65431,     1.41868,103842912044340
103836746130842,2,           0,     1.09971,    -2.36224,     1.87115,103843691170711
103836746130842,2,           0,     1.07512,    -1.92596,     2.32074,103844350651636
103836746130842,2,           0,     1.02473,    -1.33854,     2.70814,103845128059260
103836746130842,2,           0,     0.97727,   -0.754729,     2.91965,103845905594303
103836746130842,2,           0,    0.919994,   -0.111065,     3.01314,103846601772516
103836746130842,2,           0,    0.875148,    0.310802,     2.99967,103847276835758
103836746130842,2,           0,     0.83499,    0.733398,     2.92639,103847915220151
103836746130842,2,           0,    0.762718,     1.29942,     2.72077,103848711116213
103836746130842,2,           0,    0.722435,     1.49401,     2.61403,103849443615063
103836746130842,2,           0,    0.653863,      1.9153,     2.32475,103850239572370
103836746130842,2,           0,    0.607807,     2.12805,     2.13691,103850919611071
103836746130842,2,           0,    0.513009,      2.4811,     1.70825,103851661297469
103836746130842,2,           0,    0.440215,     2.68329,     1.37403,103852449156800
103836746130842,2,           0,     0.38104,     2.80893,      1.1135,103853216905657
103836746130842,2,           0,    0.321211,     2.90781,    0.906413,103853926904061
103836746130842,2,           0,    0.254335,     3.01369,    0.600182,103854699228717
103836746130842,2,           0,    0.199419,     3.06776,    0.405976,103855521243143
103836746130842,2,           0,    0.171611,     3.09297,    0.314112,103856305020423
103836746130842,2,           0,    0.117955,     3.12038,    0.175355,103857065980014
103836746130842,2,           0,    0.063858,     3.15028,   0.0613449,103857892951119
103836746130842,2,           0,  0.00682225,     3.17372,   -0.014468,103858664045211
103836746130842,2, 0.000594426, 1.39607e-05,     3.18518,   -0.043142,103859428924280
103836746130842,2, 0.000594426,-7.13902e-06,     3.19266,  -0.0665606,103860440850400
103836746130842,2, 3.31259e-06,-4.58213e-08,     3.19824,  -0.0676332,103861411407346
103836746130842,2, 3.31259e-06,-4.46146e-08,     3.20249,  -0.0674378,103862285842145
103836746130842,2, 3.31259e-06, -5.6871e-08,     3.20927,  -0.0720312,103863007642813
103836746130842,2, 3.31259e-06, -5.6871e-08,     3.21616,  -0.0722121,103863770305928
103836746130842,2, 3.31259e-06, -5.6871e-08,     3.22239,  -0.0749587,103864513229487
103836746130842,2, 3.31259e-06, -5.6871e-08,     3.22805,  -0.0705431,103865256260436
103836746130842,2, 3.31259e-06, -5.6871e-08,     3.23597,  -0.0687068,103865941296655
103836746130842,2, 3.31259e-06, -5.6871e-08,     3.24216,  -0.0659375,103866676980567
103836746130842,2, 3.31259e-06, -5.6871e-08,     3.24489,  -0.0694806,103867415640956
103836746130842,2, 3.31259e-06, -5.6871e-08,     3.24735,  -0.0679318,103868117115126
103836746130842,2, 3.31259e-06, -5.6871e-08,     3.24967,  -0.0670632,103868815472609
103836746130842,2, 3.31259e-06, -5.6871e-08,     3.25139,  -0.0667614,103869479265940
103836746130842,2, 3.31259e-06, -5.6871e-08,      3.2506,  -0.0619569,103870238667149
103836746130842,2, 3.31259e-06, -5.6871e-08,     3.25418,  -0.0580102,103870979607268
103836746130842,2, 3.31259e-06, -5.6871e-08,     3.25604,  -0.0601413,103871696454901
103836746130842,2, 3.31259e-06, -5.6871e-08,     3.25712,  -0.0572503,103872475523575
103836746130842,2, 3.31259e-06, -5.6871e-08,        3.26,  -0.0608183,103873194933121
103836746130842,2, 3.31259e-06, -5.6871e-08,     3.26325,  -0.0634549,103873919117162
103836746130842,2, 3.31259e-06, -5.6871e-08,     3.26958,  -0.0637511,103874637364314
103836746130842,2, 3.31259e-06, -5.6871e-08,     3.27625,   -0.068349,103875376370018
103836746130842,2, 3.31259e-06, -5.6871e-08,     3.28105,  -0.0674523,103876178442865
103836746130842,2, 3.31259e-06, -5.6871e-08,     3.28766,  -0.0757354,103876935207542
103836746130842,2, 3.31259e-06, -5.6871e-08,     3.29905,  -0.0856531,103877654779589
103836746130842,2, 3.31259e-06, -5.6871e-08,     3.30616,  -0.0891523,103878392283776
103836746130842,2, 3.31259e-06, -5.6871e-08,     3.31569,  -0.0954187,103879253348789
103836746130842,2, 3.31259e-06, -5.6871e-08,     3.31659,  -0.0885468,103879998738316
103836746130842,2, 3.31259e-06, -5.6871e-08,     3.31978,  -0.0969706,103880723571618
103836746130842,2, 3.31259e-06, -5.6871e-08,     3.32212,   -0.095926,103881444702683
103836746130842,2, 3.31259e-06, -5.6871e-08,     3.32211,  -0.0981065,103882166050911
103836746130842,2, 3.31259e-06, -5.6871e-08,     3.32111,  -0.0966522,103882869726174
103836746130842,2,     0.10216,  -0.0225856,     3.31614,  -0.0870676,103883629071162
103836746130842,2,    0.213365, -0.00644511,     3.30731,  -0.0923769,103884292155054
103836746130842,2,    0.323813,  0.00701497,     3.28314,  -0.0908648,103885014356144
103836746130842,2,    0.425781,   0.0203647,     3.28408,  -0.0818667,103885758320653
103836746130842,2,    0.518371,  0.00510393,     3.19666,  -0.0934675,103886518166167
103836746130842,2,     0.59877, 0.000266141,     3.14908,  -0.0996622,103887275118626
103836746130842,2,    0.670696, -0.00750241,     3.04478,   -0.101288,103888073817142
103836746130842,2,    0.723913,  -0.0106804,     3.02153,   -0.104904,103888817239839
103836746130842,2,    0.762486,  -0.0149907,     3.02397,    -0.10871,103889581990265
103836746130842,2,     0.77788,  -0.0119081,     3.02178,   -0.100294,103890251411686
103836746130842,2,    0.757168,  -0.0146059,     3.00062,  -0.0991816,103890979544003
103836746130842,2,    0.714844,  -0.0127722,       2.997,  -0.0956819,103891692144200
103836746130842,2,    0.705008,  -0.0154712,     3.00995,  -0.0939269,103892324033371
103836746130842,2,    0.674682,  -0.0157336,     3.01591,  -0.0932208,103893022377346
103836746130842,2,    0.650063, -0.00955074,     2.99095,  -0.0818468,103893748958197
103836746130842,2,    0.626736, -0.00874518,     3.00679,  -0.0758916,103894456298369
103836746130842,2,    0.598712, -0.00271342,     3.02461,  -0.0664668,103895169223110
103836746130842,2,     0.57678,  0.00207307,     3.01828,  -0.0517399,103895841598009
103836746130842,2,    0.561819,   0.0186933,     3.00015,  -0.0405294,103896597714180
103836746130842,2,    0.563747,   0.0634962,     2.99993,   -0.058507,103897425649313
103836746130842,2,     0.56948,   0.0861196,     3.00642,  -0.0657301,103898161107910
103836746130842,2,    0.564223,    0.117641,     3.01716,   -0.122397,103898816020140
103836746130842,2,    0.557271,      0.1561,     2.99807,   -0.211341,103899530797918
103836746130842,2,    0.587844,    0.193268,     3.00385,   -0.264333,103900286402797
103836746130842,2,    0.621532,    0.194953,     2.98416,   -0.382247,103901071057209
103836746130842,2,    0.544471,    0.162398,     2.97816,   -0.481292,103901780037621
103836746130842,2,    0.544471,    0.154637,     2.96051,    -0.58701,103902452970999
103836746130842,2,    0.548515,    0.130354,     2.95273,   -0.641222,103903242780166
103836746130842,2,    0.591636,    0.101707,     2.90924,   -0.756797,103903947686485
103836746130842,2,    0.625516,   0.0907659,     2.91127,    -0.81545,103904673135081
103836746130842,2,    0.649516,   0.0629672,     2.86614,   -0.905403,103905418629824
103836746130842,2,     0.66335,   0.0536642,     2.85453,   -0.977282,103906128369010
103836746130842,2,    0.669942,   0.0443274,     2.83727,    -1.03431,103906896763410
103836746130842,2,    0.674055,   0.0375064,     2.81288,    -1.08938,103907586517086
103836746130842,2,    0.673266,   0.0321636,     2.80555,    -1.14104,103908377469225
103836746130842,2,    0.664762,   0.0381569,     2.77765,    -1.17811,103909113391924
103836746130842,2,    0.654607,   0.0393601,     2.78085,    -1.23254,103909866609270
103836746130842,2,    0.643608,   0.0428812,     2.74802,    -1.28375,103910500931003
103836746130842,2,    0.634321,   0.0406586,     2.73002,    -1.33605,103911214150555
103836746130842,2,    0.625489,   0.0350587,     2.73924,    -1.36904,103911888404217
103836746130842,2,     0.59299,   0.0195061,     2.67785,    -1.44953,103912713714229
103836746130842,2,    0.571931,   0.0146437,     2.69134,    -1.48196,103913466812159
103836746130842,2,    0.556689,  0.00668468,     2.67729,    -1.51545,103914181490652
103836746130842,2,     0.53862,-5.11616e-06,      2.6416,    -1.55026,103915035929984
103836746130842,2,    0.525447, -0.00216164,     2.63474,    -1.57987,103915789131636
103836746130842,2,    0.516432, -0.00182212,     2.64492,    -1.59648,103916463039217
103836746130842,2,    0.503264,  -0.0146998,     2.64108,    -1.62455,103917236732591
103836746130842,2,    0.491957,  -0.0199478,     2.61661,    -1.64959,103917928311417
103836746130842,2,    0.483127,  -0.0502136,     2.61398,    -1.66615,103918662844878
103836746130842,2,    0.476585,   -0.107364,     2.61957,    -1.65861,103919393645813
103836746130842,2,    0.471255,   -0.175521,      2.6327,    -1.64518,103920147157366
103836746130842,2,    0.464348,   -0.184565,     2.68183,    -1.57295,103920977219860
103836746130842,2,    0.461977,   -0.192493,     2.72667,    -1.51989,103921731007048
103836746130842,2,    0.460308,   -0.213525,     2.77687,    -1.46358,103922465511374
103836746130842,2,    0.458684,   -0.225163,     2.82418,    -1.35235,103923120024934
103836746130842,2,    0.458178,   -0.235229,     2.87727,    -1.24071,103923914128562
103836746130842,2,    0.458317,   -0.237134,     2.91862,    -1.12801,103924669197900
103836746130842,2,    0.459172,   -0.226759,     2.96229,   -0.991999,103925461510272
103836746130842,2,    0.460901,   -0.221717,     3.00471,   -0.871462,103926270678473
103836746130842,2,    0.463638,   -0.203613,      3.0726,   -0.739527,103927064543147
103836746130842,2,     0.46728,   -0.184447,     3.08263,   -0.660135,103927793808856
103836746130842,2,    0.472616,   -0.167699,      3.1158,   -0.500351,103928547502683
103836746130842,2,    0.519727,   -0.127159,     3.10365,   -0.406688,103929218704918
103836746130842,2,    0.596744,   -0.103323,     3.10395,   -0.295038,103929990849592
103836746130842,2,    0.687067,  -0.0955298,     3.12547,   -0.255845,103930803509310
103836746130842,2,    0.759306,  -0.0791572,     3.09408,   -0.129635,103931576442884
103836746130842,2,    0.819057,  -0.0671553,     3.07189,  -0.0857488,103932386427769
103836746130842,2,     0.85635,  -0.0485954,     2.97449,  -0.0539428,103933135051005
103836746130842,2,    0.865407,  -0.0404382,     2.81892,  -0.0253542,103933864401695
103836746130842,2,    0.847366,  -0.0282177,     2.71664, -0.00833948,103934556910335
103836746130842,2,    0.817269,  -0.0215876,     2.54985,  0.00569788,103935267922402
103836746130842,2,    0.791536,  -0.0142791,     2.41185,   0.0138657,103935919593754
103836746130842,2,    0.767287, -0.00425433,     2.28636,   0.0222234,103936653804579
103836746130842,2,    0.747215,   0.0019216,     2.19777,   0.0256562,103937388130802
103836746130842,2,    0.711287,  0.00275763,     2.01012,   0.0210781,103938299478929
103836746130842,2,    0.689876,  0.00428859,     1.91014,   0.0196592,103939092094684
103836746130842,2,    0.653587,  0.00765658,     1.77851,   0.0185224,103939900747011
103836746130842,2,    0.631529,  0.00729964,     1.65284,   0.0135391,103940611807153
103836746130842,2,    0.605553,  0.00562872,     1.60248,   0.0116391,103941400708394
103836746130842,2,    0.584732,  0.00744434,     1.49105,  0.00997723,103942366579501
103836746130842,2,    0.561612,  0.00768499,     1.37352,  0.00762865,103943241542476
103836746130842,2,    0.529117,  0.00574885,     1.25618,  0.00351597,103944106500855
103836746130842,2,    0.498718,  0.00546724,     1.15361,  0.00146959,103944914228854
103836746130842,2,    0.472523,  0.00106696,     1.05846, -0.00207661,103945602794571
103836746130842,2,    0.445573,  0.00261528,    0.994627, -0.00162103,103946329744381
103836746130842,2,    0.426424,  0.00175765,    0.906561,  -0.0030511,103947101883383
103836746130842,2,    0.405793,  0.00414884,    0.841022, -0.00305883,103947891755197
103836746130842,2,    0.380809,  0.00292265,    0.763633, -0.00425325,103948643518223
103836746130842,2,    0.361402,  0.00198083,    0.717783, -0.00559782,103949330967695
103836746130842,2,    0.333704,  0.00121124,     0.63515, -0.00785223,103950061418259
103836746130842,2,    0.312816,  0.00250903,    0.566838, -0.00801403,103950810294467
103836746130842,2,    0.287801,-0.000846732,    0.507534,  -0.0087155,103951654921389
103836746130842,2,    0.273944, -0.00345796,    0.463156, -0.00863387,103952351111447
103836746130842,2,    0.253209, -0.00305461,    0.411487, -0.00923767,103953151978976
103836746130842,2,    0.237263,-0.000804994,    0.372537,  -0.0103575,103953959167163
103836746130842,2,    0.217505, 0.000121585,    0.330447,  -0.0102798,103954744718678
103836746130842,2,    0.202656,  0.00265572,    0.292785,   -0.008245,103955516014324
103836746130842,2,    0.186174,  0.00311394,    0.262483, -0.00996927,103956182201188
103836746130842,2,    0.168209,  0.00286391,    0.226479,  -0.0113028,103956892829592
103836746130842,2,    0.155622,  0.00275593,    0.196239,    -0.01175,103957640436234
103836746130842,2,    0.139472,   0.0033075,    0.167029,  -0.0108772,103958366883816
103836746130842,2,    0.126622,  0.00426397,    0.149176,  -0.0109901,103959054179775
103836746130842,2,    0.104523,  0.00404728,      0.1156,  -0.0119336,103959776763305
103836746130842,2,   0.0933333,  0.00228727,      0.0984,  -0.0135453,103960520320539
103836746130842,2,   0.0815796,  0.00254446,    0.081212,  -0.0142538,103961267652389
103836746130842,2,   0.0727472,  0.00209332,   0.0690423,  -0.0150321,103962033018715
103836746130842,2,   0.0605449,  0.00127773,   0.0534749,  -0.0153458,103962918085313
103836746130842,2,   0.0552442,  0.00189782,   0.0474892,  -0.0142286,103963688310983
103836746130842,2,   0.0455079, 0.000903566,   0.0369854,  -0.0141018,103964477663727
103836746130842,2,   0.0321919,-7.87913e-05,    0.023531,  -0.0140573,103965168475766
103836746130842,2,   0.0245223,-0.000107951,   0.0171747,  -0.0146219,103965855029839
103836746130842,2,   0.0143125,-6.21543e-05,   0.0103962,  -0.0173643,103966738228549
103836746130842,2,  0.00728971,-2.23956e-05,   0.0069726,  -0.0178916,103967503981777
103836746130842,2, 0.000664686,-6.57097e-06,  0.00515433,  -0.0185955,103968198596273
103836746130842,2,           0,   0.0933227,  0.00431598,   -0.018871,103968966508541
103836746130842,2,           0,    0.193106,  0.00339686,  -0.0189862,103969659757787
103836746130842,2,           0,    0.254849,  0.00262493,  -0.0164824,103970355543891
103836746130842,2,           0,    0.242107, 0.000189072,  -0.0172707,103971185487360
103836746130842,2,           0,    0.186636, -0.00284617,  -0.0158979,103972089892807
103836746130842,2,           0,    0.163259, -0.00913031,  -0.0144763,103972759381251
103836746130842,2,           0,    0.112062,  -0.0118645,  -0.0103396,103973530799980
103836746130842,2,           0,   0.0604721,  -0.0137584, -0.00802622,103974321032796
103836746130842,2,           0,   0.0287427,  -0.0165795, -0.00388415,103975148705622
