105294544931132,2,           0,           0,    -2.96972,    -0.52893,105295304391858
105294544931132,2,           0,           0,    -2.96972,    -0.52893,105296026498693
105294544931132,2,           0,  -0.0082011,    -2.96972,    -0.52893,105296768303344
105294544931132,2,           0,   -0.306088,    -2.96166,   -0.577755,105297527298820
105294544931132,2,           0,    -0.58458,    -2.93016,   -0.731945,105298366709240
105294544931132,2,           0,   -0.791482,    -2.89156,   -0.880715,105299128417872
105294544931132,2,           0,   -0.959028,     -2.7443,    -1.26627,105299930293022
105294544931132,2,           0,    -1.08897,    -2.66289,    -1.42883,105300863520536
105294544931132,2,           0,    -1.13353,    -2.39043,    -1.83977,105301740896457
105294544931132,2,           0,    -1.10692,    -2.09219,    -2.17972,105302659821584
105294544931132,2,           0,    -1.04084,    -1.38713,    -2.68708,105303327055074
105294544931132,2,           0,   -0.999743,   -0.722451,    -2.93953,105304090797771
105294544931132,2,           0,   -0.958894,   -0.217866,    -3.01913,105304812931934
105294544931132,2,           0,   -0.926635,   0.0901487,     -3.0242,105305554202944
105294544931132,2,           0,   -0.864404,    0.800505,    -2.91944,105306220029174
105294544931132,2,           0,   -0.808976,      1.2817,    -2.73868,105307078752299
105294544931132,2,           0,   -0.770943,     1.56663,    -2.58177,105307763821989
105294544931132,2,           0,   -0.709866,      1.7869,    -2.43534,105308588181616
105294544931132,2,           0,   -0.680165,     2.09653,    -2.17471,105309579396214
105294544931132,2,           0,   -0.647647,     2.24503,    -2.02039,105310303156099
105294544931132,2,           0,   -0.606118,     2.41148,    -1.81851,105310969560377
105294544931132,2,           0,   -0.514557,     2.71054,    -1.39525,105311671331794
105294544931132,2,           0,   -0.424404,     2.88915,   -0.954677,105312449702900
105294544931132,2,           0,   -0.383116,     2.94937,   -0.756595,105313285168167
105294544931132,2,           0,   -0.335478,     2.99883,   -0.537199,105313989473050
105294544931132,2,           0,   -0.292003,     3.02601,   -0.393243,105314713559929
105294544931132,2,           0,   -0.244277,     3.05225,   -0.151629,105315495061409
105294544931132,2,           0,   -0.203766,     3.02067,  0.00422872,105316353714391
105294544931132,2,           0,   -0.164361,     3.05842,    0.131121,105317116947167
105294544931132,2,           0,   -0.130245,     3.01665,    0.216583,105317918799031
105294544931132,2,           0,  -0.0862149,     3.01245,    0.331828,105318620213469
105294544931132,2,           0,  -0.0535887,     3.00802,    0.395129,105319365668769
105294544931132,2,           0,  -0.0278096,     3.00965,    0.432818,105320167416716
105294544931132,2,           0,  -0.0122791,     3.01131,    0.461631,105321007301901
105294544931132,2,    0.105295,   0.0373644,     3.00871,    0.470669,105321889059616
105294544931132,2,    0.331803,    0.117742,     2.99812,    0.456993,105322926293958
105294544931132,2,    0.476597,    0.169123,     3.02787,    0.436121,105323654443201
105294544931132,2,    0.613826,     0.21782,     3.04717,    0.338608,105324404090511
105294544931132,2,    0.732924,    0.260082,     3.04774,    0.293785,105325113640823
105294544931132,2,    0.852488,     0.30251,     3.05891,    0.172083,105325905484191
105294544931132,2,    0.948723,     0.33666,     3.05145,  -0.0372714,105326617066723
105294544931132,2,     1.03584,    0.277528,     3.03336,   -0.173664,105327349017886
105294544931132,2,     1.10674,    0.138935,     3.01131,   -0.321626,105328038678878
105294544931132,2,     1.16331,  -0.0188302,     3.00381,   -0.470525,105328690801556
105294544931132,2,     1.21886,   -0.119077,     2.98047,   -0.531225,105329500808761
105294544931132,2,     1.25293,   -0.167011,     2.99281,   -0.555285,105330191274019
105294544931132,2,     1.27412,   -0.192001,     2.97822,   -0.520878,105331040455009
105294544931132,2,     1.26477,   -0.187413,     2.97694,   -0.493271,105331692677118
105294544931132,2,     1.24399,   -0.168616,     2.98125,   -0.412207,105332366631035
105294544931132,2,     1.22599,   -0.145555,     2.98323,   -0.341815,105333119556206
105294544931132,2,      1.2086,   -0.132245,     3.00328,   -0.297455,105333891369571
105294544931132,2,     1.19126,   -0.111973,     3.01151,   -0.240077,105334587414979
105294544931132,2,     1.17021,  -0.0944181,     3.01656,   -0.187534,105335296318112
105294544931132,2,     1.15062,  -0.0729799,     3.00787,   -0.142519,105336065445070
105294544931132,2,     1.12563,  -0.0541669,     3.01174,   -0.100411,105336771439980
105294544931132,2,     1.11345,  -0.0446294,     3.00998,  -0.0880443,105337503234104
105294544931132,2,     1.09768,  -0.0375614,     3.02523,  -0.0651602,105338197485046
105294544931132,2,     1.06672,  -0.0254599,     3.03358,  -0.0422244,105338946865408
105294544931132,2,     1.03643,  -0.0146066,     3.01826,  -0.0234183,105339640594414
105294544931132,2,     1.02632,  -0.0137419,     3.02236,  -0.0158611,105340470414264
105294544931132,2,    0.993816,  -0.0088374,     3.01359, -0.00569876,105341201016826
105294544931132,2,    0.974802, -0.00629431,     3.03419, -0.00350646,105341914271296
105294544931132,2,    0.961137, -0.00660528,     3.01218,  -8.936e-05,105342725275829
105294544931132,2,     0.92606, -0.00294991,      3.0132,  0.00459773,105343493620821
105294544931132,2,     0.89506,   0.0016695,     3.01684,  0.00881678,105344204769533
105294544931132,2,    0.876896, 1.00018e-05,     2.94571,  0.00654513,105344937228684
105294544931132,2,    0.854593,  0.00221289,     2.75813,  0.00929215,105345552287157
105294544931132,2,    0.830897,  0.00324919,     2.64227,  0.00821315,105346285395582
105294544931132,2,    0.798892,   0.0052317,     2.45176,   0.0110455,105346999953870
105294544931132,2,    0.771964,  0.00318133,     2.31008,   0.0069093,105347727280719
105294544931132,2,    0.744846,  0.00381999,     2.18202,  0.00638687,105348521526085
105294544931132,2,    0.714443,  0.00563526,     2.02531,  0.00601278,105349268733127
105294544931132,2,    0.694347,-0.000762929,      1.9207, 0.000424699,105350060009373
105294544931132,2,    0.670693, -0.00320302,      1.8231, -0.00205848,105350786864975
105294544931132,2,    0.654582, 0.000373315,      1.7086,-2.61441e-05,105351520615848
105294544931132,2,     0.61419,-0.000107975,     1.58082,  0.00159603,105352270454920
105294544931132,2,    0.594954, 0.000770256,     1.49253, 0.000373017,105352998499971
105294544931132,2,    0.574307,  0.00186668,     1.42316,  0.00161147,105353688650326
105294544931132,2,    0.542097,  0.00294539,     1.32343,  0.00213041,105354457240015
105294544931132,2,    0.510894,  0.00320232,     1.19183,  0.00242947,105355287203778
105294544931132,2,    0.483644,  0.00543385,     1.09607,  0.00367177,105355997522010
105294544931132,2,    0.461214,  0.00210931,     1.03458,  0.00165107,105356730522137
105294544931132,2,     0.44168,-7.15343e-05,    0.946443, 0.000469606,105357482822249
105294544931132,2,    0.413993, -0.00122471,    0.863601,  0.00043988,105358251650575
105294544931132,2,    0.385033,-0.000577347,    0.793741, 0.000819167,105358984413349
105294544931132,2,    0.369825, -0.00380745,    0.734736,-0.000345539,105359735122124
105294544931132,2,    0.344414, -0.00178812,    0.661216,-0.000626686,105360523255794
105294544931132,2,    0.324552, -0.00307725,    0.605906, -0.00142173,105361196865716
105294544931132,2,    0.301972, -8.6814e-05,     0.54434, 0.000986818,105361901864888
105294544931132,2,     0.28505,   0.0028673,    0.496654,  0.00244484,105362767154995
105294544931132,2,    0.258555,  0.00373689,    0.440226,  0.00262423,105363495050974
105294544931132,2,    0.236392,  0.00217024,    0.379123,  0.00244608,105364262411343
105294544931132,2,     0.22913, 0.000627532,    0.373885,  0.00258683,105365027535163
105294544931132,2,    0.210138,-0.000418917,    0.319359,  0.00365255,105365746762945
105294544931132,2,    0.196025, 0.000114752,    0.290353,  0.00464771,105366504274024
105294544931132,2,    0.171777, 5.03488e-05,    0.247438,  0.00429545,105367185509880
105294544931132,2,    0.157435,-0.000354669,    0.202625,  0.00388673,105367966485832
105294544931132,2,    0.144009,-0.000536895,    0.181799,  0.00484332,105368647897359
105294544931132,2,    0.127124,-0.000173246,    0.153135,  0.00671433,105369331396149
105294544931132,2,    0.112183, 0.000134589,    0.135479,  0.00574204,105370075281005
105294544931132,2,   0.0982267, -0.00151861,    0.106163,  0.00504509,105370840106495
105294544931132,2,   0.0861949, -0.00128357,   0.0878616,  0.00537541,105371624125170
105294544931132,2,   0.0688197,-0.000641129,   0.0639099,  0.00573264,105372314206298
105294544931132,2,   0.0606484,-0.000120376,   0.0535363,    0.005451,105373027758607
105294544931132,2,    0.049482, -0.00102935,   0.0406548,  0.00378225,105373759481287
105294544931132,2,   0.0404428,-0.000479299,   0.0312462,  0.00185255,105374448059231
105294544931132,2,   0.0310226, 3.77169e-05,   0.0229921,-0.000619929,105375169751703
105294544931132,2,   0.0248274,-6.89795e-05,   0.0174508,  0.00054624,105375931471011
105294544931132,2,   0.0195458,-6.88549e-05,   0.0135959, 7.10115e-05,105376613427380
105294544931132,2,    0.012566,-3.34455e-05,  0.00940192, 0.000554664,105377415487638
105294544931132,2,  0.00352222,-8.47563e-06,  0.00570566,-2.29162e-05,105378116320680
105378563508802,2,           0,           0,    -3.00067, 0.000801582,105378817666981
105378563508802,2,           0,           0,    -3.00067, 0.000801582,105379597668690
105378563508802,2,           0,           0,    -3.00067, 0.000801582,105380395328715
105378563508802,2,           0,    0.128406,    -3.00066,  0.00184307,105381002978296
105378563508802,2,           0,   0.0328641,    -3.00205,   0.0130137,105381772487802
105378563508802,2,           0,    0.314546,    -3.00156,   0.0300836,105382503638010
105378563508802,2,           0,    0.569499,    -3.00128,   0.0879391,105383274865038
105378563508802,2,           0,    0.750669,    -2.96541,    0.489672,105383929007231
105378563508802,2,           0,    0.918843,    -2.90773,    0.764869,105384678127488
105378563508802,2,           0,     1.04488,      -2.679,     1.37335,105385472253861
105378563508802,2,           0,     1.10636,    -2.52764,     1.63995,105386144820412
105378563508802,2,           0,      1.1021,    -2.26057,       1.997,105386817778527
105378563508802,2,           0,     1.04773,    -1.62056,     2.55068,105387530666310
105378563508802,2,           0,     1.00182,    -1.04439,     2.84153,105388279514241
105378563508802,2,           0,    0.955827,    -0.49159,     2.98794,105389023907556
105378563508802,2,           0,    0.916771,   -0.112641,      3.0322,105389772359139
105378563508802,2,           0,    0.862995,    0.443756,       3.005,105390511343239
105378563508802,2,           0,    0.786969,     1.17246,     2.80945,105391311441582
105378563508802,2,           0,     0.73707,     1.52924,     2.63778,105392072434873
105378563508802,2,           0,    0.674333,     1.89545,     2.39821,105392716754626
105378563508802,2,           0,    0.602766,     2.22407,     2.10584,105393435734897
105378563508802,2,           0,    0.522635,     2.53237,     1.73298,105394146876556
105378563508802,2,           0,    0.466752,     2.69675,     1.48487,105394953324095
105378563508802,2,           0,    0.414901,     2.81714,     1.25573,105395667074436
105378563508802,2,           0,    0.349822,     2.93525,    0.974496,105396380431051
105378563508802,2,           0,    0.318441,     2.97998,    0.856449,105397213689932
105378563508802,2,           0,    0.255254,      3.0493,    0.597161,105397983851602
105378563508802,2,           0,    0.230718,     3.07214,    0.504346,105398696257530
105378563508802,2,           0,    0.186955,     3.09535,    0.351793,105399429467847
105378563508802,2,           0,    0.129435,      3.1105,    0.190764,105400122259639
105378563508802,2,           0,    0.100111,     3.11366,     0.11747,105400850995921
105378563508802,2,           0,   0.0756713,     3.11405,   0.0620383,105401562391373
105378563508802,2,           0,   0.0491749,     3.11351,   0.0152273,105402274807108
105378563508802,2,           0,   0.0240388,      3.1136,  -0.0239547,105403043583541
105378563508802,2,           0,           0,     3.11404,  -0.0478371,105403774483369
105378563508802,2,    0.141294,   -0.050139,     3.10867,  -0.0494447,105404506341280
105378563508802,2,    0.309921,   -0.109977,     3.10982,  -0.0591049,105405253625681
105378563508802,2,    0.478893,    -0.14083,     3.09682,  -0.0383453,105406060757625
105378563508802,2,    0.627128,  -0.0806591,     3.02614,   0.0172093,105406831474621
105378563508802,2,    0.763181,  -0.0663951,     2.99884,   0.0389624,105407596668160
105378563508802,2,    0.889985,  -0.0244843,     3.00755,   0.0830635,105408385743623
105378563508802,2,    0.982235, -0.00848327,     3.00965,   0.0829785,105409013950904
105378563508802,2,     1.08104,  0.00130424,     3.01796,   0.0593296,105409761689515
105378563508802,2,     1.17047,   0.0220027,     2.99675,   0.0541758,105410528854302
105378563508802,2,     1.23659,   0.0371145,      2.9954,   0.0629934,105411177391856
105378563508802,2,     1.29873,   0.0505361,     3.00091,   0.0594738,105411884697422
105378563508802,2,     1.35058,   0.0604441,     2.99763,   0.0610885,105412592393912
105378563508802,2,     1.39581,   0.0382574,     3.00297,   0.0215558,105413379972007
105378563508802,2,     1.42603,   0.0308666,     3.00471,  0.00801961,105414107875510
105378563508802,2,     1.44515,   0.0200408,     3.00187,  -0.0122654,105414837196942
105378563508802,2,     1.45287,  0.00475527,     3.01046,  -0.0268069,105415523753303
105378563508802,2,     1.45208,  -0.0051022,     3.02151,    -0.03809,105416307930316
105378563508802,2,     1.45093,  -0.0138501,     3.00772,  -0.0445326,105417093263335
105378563508802,2,     1.45143,  -0.0112605,     3.01487,  -0.0416343,105417815437687
105378563508802,2,     1.44942,  -0.0203332,     3.00537,  -0.0390024,105418620097533
105378563508802,2,     1.45066,  -0.0174703,     3.02175,  -0.0334772,105419348049771
105378563508802,2,      1.4512,  -0.0130114,     3.03347,  -0.0269795,105420012727292
105378563508802,2,     1.45314,  -0.0123473,     3.02712,  -0.0270369,105420870615272
105378563508802,2,     1.45266,  -0.0115412,     3.02697,  -0.0184277,105421885598078
105378563508802,2,     1.45269,  -0.0165708,     3.02994,  -0.0191337,105422532895505
105378563508802,2,     1.45257, -0.00978516,     3.01226,  -0.0104528,105423240351007
105378563508802,2,     1.45044, -0.00836448,     3.01633, -0.00281237,105424009684905
105378563508802,2,     1.45382, -0.00921727,     3.03203, -0.00321948,105424813121578
105378563508802,2,     1.45278, -0.00474118,     2.80335,  0.00488955,105425537869374
105378563508802,2,      1.4528,  -0.0017322,      2.5406,  0.00648895,105426262272783
105378563508802,2,     1.44865, 0.000188285,     2.31258,  0.00579204,105426966140216
105378563508802,2,     1.36034, 0.000507372,     2.19746,  0.00600042,105427790193883
105378563508802,2,    0.845697, -0.00129397,     1.87645,  0.00297515,105428562163339
105378563508802,2,    0.797498, -0.00418038,     1.67114,  8.0904e-05,105429210160063
105378563508802,2,    0.775863, -0.00114629,     1.58352,  0.00245776,105429935700341
105378563508802,2,    0.744381,  -0.0012487,     1.40433,  0.00205824,105430723128287
105378563508802,2,    0.719794, -0.00206461,     1.25228, -0.00109402,105431491133679
105378563508802,2,    0.690489, -0.00385383,      1.1968,  -0.0041126,105432218829895
105378563508802,2,    0.652097, -0.00427464,     1.03315, -0.00445402,105433030572147
105378563508802,2,    0.632853, 0.000921336,    0.922979, -0.00264379,105433821650192
105378563508802,2,    0.613109,  0.00120258,    0.856386, -0.00304504,105434508988858
105378563508802,2,    0.532501,  0.00693113,    0.707569, -0.00103227,105435272539440
105378563508802,2,    0.452934,  0.00450649,    0.604733, -0.00386564,105436020678245
105378563508802,2,    0.447317,  0.00354959,    0.556004, -0.00448259,105436729472830
105378563508802,2,    0.437084, -0.00301647,    0.449251, -0.00778712,105437458562916
105378563508802,2,    0.433172, -0.00886138,    0.404932, -0.00930576,105438187785001
105378563508802,2,    0.453777,  -0.0314792,    0.301687, -0.00872231,105438914904264
105378563508802,2,     0.46464,  -0.0864586,    0.242354, -0.00734667,105439645511048
105378563508802,2,     0.47725,   -0.153257,    0.159214, -0.00454799,105440355924301
105378563508802,2,    0.477059,   -0.207075,   0.0939538,-0.000591205,105441081917986
105378563508802,2,     0.47566,   -0.260185,   0.0296604,  0.00311084,105441846834636
105378563508802,2,    0.382753,   -0.242452,     2.98093,    0.273478,105442673106854
105378563508802,2,    0.340881,   -0.236173,     2.99944,    0.385733,105443343771998
105378563508802,2,    0.324654,   -0.218909,     2.98767,    0.493108,105444108411845
105378563508802,2,    0.295635,   -0.175787,     2.94175,    0.665143,105444837122979
105378563508802,2,    0.266833,    -0.11913,     2.89181,    0.741385,105445543760266
105378563508802,2,    0.251794,  -0.0855914,     2.88265,    0.866338,105446408768904
105378563508802,2,    0.251794,  -0.0686893,     2.85357,    0.931145,105447138324024
105378563508802,2,    0.251794,  -0.0499373,      2.8248,    0.978521,105447828614527
105378563508802,2,    0.327772,  -0.0451443,     2.81903,     1.01712,105448637375867
105378563508802,2,     0.40004,  -0.0427708,     2.80886,     1.04891,105449388399309
105378563508802,2,    0.456834,   -0.037412,     2.80142,     1.07439,105450161097641
105378563508802,2,    0.507252,  -0.0287978,      2.7926,     1.10681,105450988761186
105378563508802,2,     0.55137,  -0.0294256,      2.7862,      1.1383,105451874798539
105378563508802,2,    0.568343,  -0.0267983,     2.78165,      1.1623,105452587300129
105378563508802,2,    0.600926,  -0.0292248,     2.75536,     1.18808,105453292611858
105378563508802,2,    0.659371,  -0.0321848,     2.72789,     1.21993,105454060078405
105378563508802,2,    0.655243,   -0.035176,     2.71625,     1.24533,105454887634946
105378563508802,2,    0.697462,   -0.032958,     2.72984,      1.2679,105455590126628
105378563508802,2,    0.710594,  -0.0298274,      2.7034,     1.29568,105456362125939
105378563508802,2,     0.68886,  -0.0204518,     2.69316,     1.33598,105457094126666
105378563508802,2,    0.655491, -0.00844528,     2.64725,     1.34534,105457826511041
105378563508802,2,    0.623743,   0.0113343,     2.65429,     1.37007,105458602205555
105378563508802,2,    0.585945,   0.0328609,     2.64617,     1.38373,105459290622661
105378563508802,2,    0.555021,    0.053602,     2.65286,     1.37678,105460039775405
105378563508802,2,    0.529454,   0.0653576,     2.67592,     1.36696,105460752911640
105378563508802,2,     0.51017,    0.082715,     2.65343,     1.35143,105461406631826
105378563508802,2,    0.481887,    0.110394,     2.69053,     1.32211,105462079135076
105378563508802,2,    0.455844,    0.118374,     2.71442,     1.26969,105462806083060
105378563508802,2,    0.432846,     0.11964,     2.74773,     1.21091,105463460625104
105378563508802,2,    0.413846,    0.115975,      2.7435,     1.16895,105464209397784
105378563508802,2,      0.3911,    0.107256,     2.78578,     1.10264,105464876459859
105378563508802,2,    0.377114,   0.0993419,     2.80333,     1.03583,105465601818456
105378563508802,2,     0.36997,   0.0959377,     2.84551,    0.975768,105466390775793
105378563508802,2,    0.370192,   0.0990217,      2.8444,    0.927333,105467139704031
105378563508802,2,    0.376646,   0.0806716,     2.88089,    0.873335,105467811426742
105378563508802,2,    0.385799,   0.0796942,     2.89627,    0.838313,105468541413816
105378563508802,2,     0.37073,   0.0813304,     2.89552,    0.776615,105469288750270
105378563508802,2,    0.380709,    0.071539,     2.93053,    0.723143,105469998294966
105378563508802,2,    0.378882,   0.0577714,      2.9409,    0.674435,105470709649537
105378563508802,2,    0.387652,   0.0534356,     2.95538,    0.623108,105471417917013
105378563508802,2,     0.40752,   0.0510379,     2.97101,    0.581815,105472248891007
105378563508802,2,    0.408815,   0.0539914,     2.98052,    0.557623,105472977898613
105378563508802,2,    0.407091,   0.0467081,     2.98309,    0.506782,105473630601528
105378563508802,2,    0.420476,   0.0410144,     2.98714,     0.48041,105474284260648
105378563508802,2,    0.443506,   0.0390849,     2.99868,    0.425917,105475111464665
105378563508802,2,    0.467073,   0.0373059,     2.99766,    0.387685,105475906411840
105378563508802,2,    0.504814,   0.0261171,     3.04321,    0.338307,105476674929394
105378563508802,2,    0.506395,    0.022702,     3.04764,      0.3036,105477426080695
105378563508802,2,    0.515606,   0.0224536,     3.04595,    0.279046,105478158775842
105378563508802,2,     0.58413,   0.0245149,     3.05366,    0.247256,105478909735422
105378563508802,2,    0.627085,   0.0262972,       3.045,    0.224222,105479659197266
105378563508802,2,    0.680262,   0.0250633,     3.04982,    0.184901,105480351404408
105378563508802,2,     0.74546,   0.0178096,     3.05448,    0.147198,105481081011887
105378563508802,2,    0.798768,   0.0187126,      3.0658,      0.1273,105481854966764
105378563508802,2,    0.833416,   0.0166263,     3.09128,   0.0760515,105482605278305
105378563508802,2,    0.840799,   0.0162561,     3.08651,   0.0465998,105483315816666
105378563508802,2,    0.812752,  0.00914426,     3.07912,   0.0136554,105483949912380
105378563508802,2,    0.785566,  0.00417579,     3.07741,  -0.0213797,105484677953703
105378563508802,2,    0.759589,   0.0046884,     3.08924,  -0.0468023,105485530632000
105378563508802,2,    0.744514, 0.000733884,     3.08974,   -0.064297,105486360617004
105378563508802,2,    0.721695,   0.0062723,     3.08579,  -0.0773189,105487211441156
105378563508802,2,     0.70682,   0.0165667,     3.09658,  -0.0951517,105487963926775
105378563508802,2,     0.67649,  0.00732138,     3.08412,  -0.0968567,105488697610470
105378563508802,2,    0.650242, -0.00930855,     3.06703,   -0.114631,105489427338294
105378563508802,2,    0.616994,  -0.0158891,     3.07125,   -0.129563,105490063020300
105378563508802,2,    0.587271,  -0.0128317,     3.08813,    -0.13046,105490834772577
105378563508802,2,    0.565529,  -0.0102432,     3.07211,   -0.127211,105491449877676
105378563508802,2,    0.545295, -0.00598157,      3.0983,   -0.121231,105492161861201
105378563508802,2,     0.52301, -0.00297233,     3.07051,   -0.116669,105492950912121
105378563508802,2,    0.504641, -0.00251466,     3.07999,   -0.114264,105493622841180
105378563508802,2,    0.483117, -0.00195447,     3.06286,   -0.108839,105494356124474
105378563508802,2,    0.461196,-0.000416243,     3.08008,   -0.104917,105495145698189
105378563508802,2,    0.438887, 0.000899825,     3.06374,   -0.100677,105495998102369
105378563508802,2,    0.428854,  0.00261069,     3.05391,  -0.0985468,105496786984393
105378563508802,2,    0.412429, -0.00204763,     3.05758,  -0.0992464,105497504933952
105378563508802,2,    0.394589, -0.00260113,     3.07034,  -0.0934995,105498193990064
105378563508802,2,    0.381446, -0.00320101,      3.0559,   -0.088759,105498886845941
105378563508802,2,    0.359771, -0.00153013,     3.04386,  -0.0798079,105499639711068
105378563508802,2,    0.356358, -0.00293557,     3.05683,  -0.0819563,105500353409268
105378563508802,2,    0.360152, -0.00403496,      3.0428,   -0.074184,105501044231408
105378563508802,2,    0.366211,  -0.0147052,     3.05389,  -0.0694923,105501697582639
105378563508802,2,    0.371375,  -0.0273389,      3.0243,  -0.0604531,105502473834236
105378563508802,2,    0.378454,  -0.0373264,     3.02679,  -0.0351224,105503183856382
105378563508802,2,    0.381637,  -0.0421076,     3.02464,  -0.0117844,105503918301572
105378563508802,2,     0.40398,  -0.0465781,      3.0549,   0.0174557,105504589115633
105378563508802,2,    0.409169,  -0.0411182,     3.04797,   0.0549225,105505280550802
105378563508802,2,    0.464305,  -0.0373028,     3.04691,   0.0785882,105505971286710
105378563508802,2,    0.513495,   -0.025729,     3.04389,    0.107909,105506681082087
105378563508802,2,     0.58087,  -0.0291732,     3.00868,    0.133925,105507465185998
105378563508802,2,    0.682201,   -0.025039,     3.01455,    0.175553,105508256940770
105378563508802,2,    0.727714,   -0.023712,     3.02304,    0.180636,105508984769897
105378563508802,2,    0.734157,  -0.0168075,     3.00894,    0.217968,105509694677473
105378563508802,2,    0.711503,  -0.0103568,     2.98789,    0.232078,105510488280797
105378563508802,2,    0.681462,  0.00442365,     2.99154,    0.272171,105511157744739
105378563508802,2,    0.648472,   0.0111966,     3.02539,    0.292224,105511950883842
105378563508802,2,    0.622518,   0.0201007,     3.01685,    0.303968,105512643843205
105378563508802,2,     0.60394,   0.0290339,     3.02215,    0.316399,105513333013041
105378563508802,2,    0.565265,   0.0324622,     2.95355,    0.309456,105514121232453
105378563508802,2,    0.545078,   0.0367458,      2.8355,    0.286069,105514888115834
105378563508802,2,    0.525652,   0.0374847,     2.77723,    0.270142,105515656301237
105378563508802,2,    0.510629,   0.0398173,     2.71444,    0.259016,105516326851529
105378563508802,2,    0.510016,   0.0388087,     2.60334,    0.230355,105517117384915
105378563508802,2,      0.4936,   0.0495849,     2.54734,    0.218718,105517787732859
105378563508802,2,    0.502258,   0.0418702,     2.40308,    0.184827,105518558808565
105378563508802,2,    0.497418,   0.0400099,     2.36073,    0.177858,105519227730547
105378563508802,2,    0.501392,   0.0456311,     2.28267,    0.158533,105519980516452
105378563508802,2,    0.489714,   0.0446065,     2.20209,    0.140375,105520729840466
105378563508802,2,    0.488632,   0.0411317,     2.11484,    0.121598,105521400981371
105378563508802,2,    0.516409,   0.0333845,     2.06715,     0.11227,105522094058323
105378563508802,2,     0.51278,   0.0264791,     1.91695,   0.0905685,105522767374498
105378563508802,2,    0.539575,   0.0292641,     1.87653,     0.08687,105523415316196
105378563508802,2,    0.580815,   0.0325547,     1.75234,   0.0731667,105524147220718
105378563508802,2,    0.614099,   0.0349499,      1.6902,   0.0681029,105524873882103
105378563508802,2,    0.622679,   0.0344583,     1.61473,   0.0606777,105525524079137
105378563508802,2,    0.594824,   0.0332084,      1.4893,   0.0511598,105526329232601
105378563508802,2,    0.574046,   0.0322765,     1.42139,   0.0456112,105527019630486
105378563508802,2,    0.545385,   0.0233189,     1.31445,   0.0331674,105527770234899
105378563508802,2,    0.511177,   0.0182988,     1.19213,   0.0238097,105528502814397
105378563508802,2,    0.494909,   0.0245395,     1.13285,   0.0207448,105529136020720
105378563508802,2,    0.466319,   0.0207091,     1.03706,   0.0161014,105529909877837
105378563508802,2,     0.43976,   0.0130875,    0.940509,   0.0103968,105530542875658
105378563508802,2,    0.422183,  0.00399139,    0.878166,  0.00434752,105531275291837
105378563508802,2,    0.394167, -0.00203399,    0.808222,  0.00193804,105531988113479
105378563508802,2,    0.372811, -0.00307431,    0.731881,  0.00231994,105532681450792
105378563508802,2,    0.346441, -0.00195897,    0.653788,  0.00257739,105533390361642
105378563508802,2,     0.32083, -0.00177732,     0.59266,  0.00263695,105534120663674
105378563508802,2,    0.309572, -0.00377015,    0.564645,  0.00175002,105534745828934
105378563508802,2,    0.286873, -0.00261285,    0.524177,  0.00266999,105535452336283
105378563508802,2,    0.264846,  0.00127374,    0.448382,   0.0032672,105536215442438
105378563508802,2,    0.248355, 0.000426387,    0.425801,  0.00303857,105536879218693
105378563508802,2,    0.232566, 0.000512757,    0.364093,  0.00519854,105537617888331
105378563508802,2,    0.211753,  0.00202199,    0.322853,  0.00580022,105538374394424
105378563508802,2,    0.196116, 7.47012e-05,    0.288323,  0.00472185,105539153123816
105378563508802,2,    0.181367,-0.000653453,    0.252758,  0.00498112,105539839681510
105378563508802,2,    0.158208,-0.000834087,    0.210298,  0.00470493,105540722505950
105378563508802,2,    0.148814, -0.00243626,    0.192488,  0.00370165,105541564484094
105378563508802,2,    0.131082,  0.00160911,    0.160262,  0.00385384,105542424873788
105378563508802,2,     0.12133,  0.00206742,     0.13625,  0.00409372,105543110305731
105378563508802,2,    0.106344,  0.00559985,    0.122062,  0.00346348,105543817738801
105378563508802,2,   0.0941283,  0.00761484,   0.0995185,   0.0031044,105544543439931
105378563508802,2,   0.0837142,   0.0157305,   0.0841405,  0.00399616,105545215183589
105378563508802,2,   0.0732354,   0.0179928,   0.0696348,  0.00178298,105545888991591
105378563508802,2,   0.0613124,   0.0155365,    0.062152, 9.45258e-05,105546676536331
105378563508802,2,   0.0539173,   0.0129455,   0.0455312,-1.04752e-05,105547397353445
105378563508802,2,   0.0469246,   0.0151576,   0.0378301, 0.000203695,105548060589102
105378563508802,2,    0.038458,   0.0177575,   0.0295244,  0.00295063,105548780008152
105378563508802,2,   0.0325261,   0.0166058,   0.0245619,  0.00120907,105549539017755
105378563508802,2,   0.0285614,   0.0151072,   0.0203091, 5.76522e-05,105550236138859
105378563508802,2,   0.0229387,   0.0120232,   0.0159138, -0.00125293,105551071364269
105378563508802,2,   0.0157733,   0.0084865,   0.0111778,-0.000929459,105551808633179
105378563508802,2,   0.0148252,  0.00804118,   0.0113028, 0.000619008,105552527021933
105378563508802,2,    0.010094,  0.00556147,  0.00862015,  0.00115588,105553266157692
105378563508802,2,  0.00637278,  0.00354032,  0.00681909,  0.00251665,105553985808449
105378563508802,2,  0.00209165,  0.00120775,  0.00529156,  0.00171991,105554680782956
105378563508802,2,           0,  -0.0140577,  0.00520852,  0.00099357,105555431425209
105378563508802,2,           0,   -0.014991,  0.00383171,  0.00152446,105556127101264
105378563508802,2,           0,  -0.0123859,  0.00305826,   0.0013769,105556803862145
105378563508802,2,           0, -0.00417546,  0.00196254,  0.00154716,105557444450574
105378563508802,2,           0, -0.00128575,  0.00225143, 0.000842423,105558143343338
105558510259251,2,           0,           0,   -0.172344,     2.99899,105558881580680
105558510259251,2,           0,           0,   -0.172344,     2.99899,105559582304229
105558510259251,2,           0,           0,   -0.172344,     2.99899,105560304075893
105558510259251,2,           0,    0.172085,   -0.176534,     2.99834,105560988193282
105558510259251,2,           0,    0.393996,  -0.0995757,     3.00097,105561716141516
105558510259251,2,           0,    0.571264,    0.103326,     3.00207,105562426406070
105558510259251,2,           0,    0.705317,     0.28314,     2.98845,105563120894351
105558510259251,2,           0,    0.792579,    0.571757,     2.95112,105563775444834
105558510259251,2,           0,    0.791762,     1.13841,     2.78836,105564529777633
105558510259251,2,           0,    0.759707,     1.36592,      2.6881,105565182721653
105558510259251,2,           0,    0.706059,     1.58938,     2.56597,105565954822689
105558510259251,2,           0,    0.662223,     1.88848,     2.35757,105566725528028
105558510259251,2,           0,    0.581831,     2.27298,     1.99113,105567454161495
105558510259251,2,           0,    0.564933,     2.36973,     1.87312,105568263744666
105558510259251,2,           0,    0.573342,     2.58489,     1.55973,105569074890028
105558510259251,2,           0,    0.544907,     2.72037,     1.31407,105569728683282
105558510259251,2,           0,    0.487391,     2.84178,     1.01592,105570521913850
105558510259251,2,           0,     0.46655,     2.91901,    0.756308,105571353075621
105558510259251,2,           0,    0.423846,     2.96915,    0.486568,105572086376910
105558510259251,2,           0,     0.38748,     2.98669,    0.311791,105572900044457
105558510259251,2,           0,    0.340205,     2.98604,   0.0973607,105573711565315
105558510259251,2,           0,    0.288259,     3.02214,    -0.12483,105574480489571
105558510259251,2,           0,    0.259385,     3.00305,    -0.23225,105575273290307
105558510259251,2,           0,     0.20924,     2.97752,   -0.408478,105576023103861
105558510259251,2,           0,    0.174274,     2.96325,   -0.491633,105576752100115
105558510259251,2,           0,    0.137978,     2.94125,   -0.588907,105577501167407
105558510259251,2,           0,   0.0954044,     2.91876,   -0.685144,105578190449444
105558510259251,2,           0,   0.0657222,       2.902,   -0.747821,105578935297371
105558510259251,2,           0,   0.0401448,     2.89089,   -0.782481,105579743528227
105558510259251,2,           0,   0.0188308,     2.88521,    -0.80085,105580512655150
105558510259251,2,           0,           0,     2.87875,    -0.81155,105581262417323
105558510259251,2,   0.0850327,   0.0297479,      2.8765,   -0.815883,105581992469195
105558510259251,2,    0.187561,   0.0581309,     2.90881,   -0.844322,105582760905408
105558510259251,2,    0.272879,   0.0674046,     2.86866,   -0.865832,105583510283285
105558510259251,2,    0.355236,    0.070031,     2.88011,   -0.903768,105584358059954
105558510259251,2,     0.41365,    0.066849,     2.84738,   -0.935044,105585092742563
105558510259251,2,    0.459439,   0.0583621,     2.82667,   -0.986215,105585801773239
105558510259251,2,    0.497157,   0.0592546,     2.82948,    -1.02167,105586608486990
105558510259251,2,    0.528553,   0.0731949,     2.77726,    -1.12001,105587394268349
105558510259251,2,    0.562523,   0.0843274,      2.7884,     -1.1829,105588136153388
105558510259251,2,    0.579455,   0.0883743,     2.72561,    -1.29339,105588976238721
105558510259251,2,    0.508423,   0.0792479,     2.72411,    -1.30822,105589776596140
105558510259251,2,    0.459375,    0.079858,     2.65705,    -1.42673,105590500389295
105558510259251,2,    0.392897,    0.059446,     2.63232,    -1.52251,105591266702457
105558510259251,2,    0.364301,   0.0264292,     2.59013,    -1.58815,105592068652420
105558510259251,2,    0.359178,   0.0112985,      2.5543,    -1.62896,105592772423441
105558510259251,2,    0.356426, -0.00140404,     2.54228,    -1.69704,105593532841830
105558510259251,2,    0.369057,  -0.0101031,     2.52282,    -1.71086,105594294178170
105558510259251,2,    0.368833,  -0.0154256,      2.5041,    -1.73344,105595056421891
105558510259251,2,    0.355458,  -0.0316833,     2.50822,    -1.76264,105595855385245
105558510259251,2,    0.354912,  -0.0505387,     2.48309,    -1.76328,105596556999532
105558510259251,2,    0.346655,  -0.0626439,     2.48764,    -1.77907,105597297818716
105558510259251,2,    0.351352,  -0.0961146,      2.5057,    -1.78375,105598096450316
105558510259251,2,    0.350908,   -0.119732,     2.52503,    -1.78372,105598836692862
105558510259251,2,    0.345808,   -0.127229,     2.52856,    -1.73259,105599616368494
105558510259251,2,    0.350662,   -0.150859,     2.56743,    -1.70772,105600398160313
105558510259251,2,    0.353974,   -0.179028,     2.61184,     -1.6841,105601159984440
105558510259251,2,    0.351932,   -0.173958,     2.63432,    -1.61269,105601922240626
105558510259251,2,    0.347925,   -0.168647,     2.68059,    -1.55039,105602685515038
105558510259251,2,    0.351197,   -0.163851,     2.68983,    -1.52071,105603389061103
105558510259251,2,    0.348453,   -0.178595,     2.75169,    -1.44452,105604051723918
105558510259251,2,    0.351529,   -0.169683,     2.78804,    -1.40225,105604832699231
105558510259251,2,    0.346628,   -0.151913,     2.80695,    -1.34931,105605553936735
105558510259251,2,    0.363548,   -0.161599,     2.84991,    -1.27443,105606237652762
105558510259251,2,    0.386036,   -0.154047,     2.89747,    -1.20601,105606920680143
105558510259251,2,    0.425204,   -0.149898,     2.89952,     -1.1364,105607913286524
105558510259251,2,    0.461976,   -0.135928,     2.94631,    -1.06833,105608777677665
105558510259251,2,    0.480756,   -0.137586,     2.96961,    -1.04244,105609730335750
105558510259251,2,    0.479194,   -0.128659,     2.97989,    -1.01691,105610447995227
105558510259251,2,    0.469485,   -0.121306,     2.99217,   -0.947209,105611205468527
105558510259251,2,    0.465024,   -0.119719,     2.99984,   -0.900042,105611943279272
105558510259251,2,    0.461294,   -0.123602,     3.03684,   -0.858994,105612661219290
105558510259251,2,    0.455753,   -0.132912,     3.03104,   -0.770861,105613417973535
105558510259251,2,     0.50737,   -0.223629,     3.04654,   -0.720909,105614142923459
105558510259251,2,    0.551998,   -0.213152,     3.05081,   -0.639179,105614926883850
105558510259251,2,     0.59399,   -0.204701,     3.09339,   -0.538688,105615713142282
105558510259251,2,     0.64473,   -0.184401,     3.08344,   -0.437984,105616382385907
105558510259251,2,    0.708644,    -0.13808,     3.10306,   -0.297987,105617161417838
105558510259251,2,    0.749028,   -0.111953,     3.09156,    -0.21974,105617848835822
105558510259251,2,    0.776076,  -0.0780258,     3.10218,   -0.165738,105618593686666
105558510259251,2,    0.770556,  -0.0503902,     3.07263,  -0.0886779,105619380065467
105558510259251,2,    0.748134,  -0.0358812,     3.07186,  -0.0492291,105620148467954
105558510259251,2,    0.723878,  -0.0173735,     3.09023,  -0.0186882,105620855607158
105558510259251,2,    0.715102, -0.00242251,     3.07822,  0.00494747,105621565407664
105558510259251,2,     0.69051,  0.00413007,     3.05245,    0.024509,105622297195008
105558510259251,2,    0.677169,   0.0099211,     3.05962,   0.0382852,105622965317133
105558510259251,2,    0.661867,   0.0134102,     3.05356,   0.0502825,105623994504585
105558510259251,2,    0.648662,  0.00757906,     3.05494,   0.0403978,105624902372655
105558510259251,2,    0.601027,   -0.015413,     3.05388,   0.0413135,105625871211365
105558510259251,2,    0.558615,  0.00339978,     3.04813,    0.067276,105626641051057
105558510259251,2,    0.447615,  0.00945406,     3.04314,   0.0847196,105627372856906
105558510259251,2,     0.39657,   0.0150456,     3.03573,   0.0885339,105628124329449
105558510259251,2,    0.414394,   0.0193765,     3.02021,   0.0886821,105628855824841
105558510259251,2,    0.438589,   0.0409434,     3.01652,   0.0889231,105629525395930
105558510259251,2,    0.459615,   0.0595974,     3.00461,   0.0784761,105630196518501
105558510259251,2,    0.473571,    0.104234,     3.00312,   0.0377098,105630931521935
105558510259251,2,    0.498545,    0.159636,     2.99862,  0.00420714,105631645393369
105558510259251,2,    0.518254,    0.238668,     3.00289,  -0.0815003,105632398583494
105558510259251,2,    0.441064,    0.232939,     2.99061,   -0.178542,105633151807201
105558510259251,2,    0.441064,    0.229025,     2.98912,   -0.280274,105633941426908
105558510259251,2,    0.441064,    0.253607,     2.96929,   -0.445922,105634732059627
105558510259251,2,    0.415821,    0.257016,     2.94583,   -0.574263,105635424894843
105558510259251,2,    0.415821,    0.238512,     2.93263,   -0.677755,105636174707038
105558510259251,2,    0.415821,    0.213651,     2.89999,   -0.739162,105636926108672
105558510259251,2,    0.430936,    0.149949,     2.84901,   -0.933553,105637679982176
105558510259251,2,    0.475126,    0.111626,     2.84296,   -0.972133,105638412227145
105558510259251,2,    0.528857,   0.0740048,     2.81779,    -1.06681,105639126762357
105558510259251,2,       0.564,   0.0691676,     2.78582,    -1.10703,105639798941886
105558510259251,2,    0.583376,   0.0805387,     2.76001,    -1.17073,105640492934136
105558510259251,2,    0.587365,    0.104954,     2.76083,    -1.19261,105641282734879
105558510259251,2,    0.585972,    0.115076,      2.7373,    -1.24938,105641991049195
105558510259251,2,    0.601973,    0.107404,     2.68211,    -1.37796,105642660452242
105558510259251,2,    0.657745,    0.101424,     2.65389,    -1.43515,105643409993205
105558510259251,2,    0.709186,   0.0898847,     2.62414,    -1.46989,105644100403790
105558510259251,2,    0.781491,   0.0702525,     2.59269,    -1.53158,105644771607583
105558510259251,2,    0.851865,   0.0606329,     2.57743,    -1.58047,105645501201121
105558510259251,2,    0.907294,   0.0516243,     2.52238,    -1.62583,105646250021924
105558510259251,2,     0.94408,   0.0527975,     2.51623,    -1.65918,105646960969392
105558510259251,2,    0.958771,   0.0542846,     2.48727,    -1.72411,105647765839080
105558510259251,2,    0.946308,   0.0455071,     2.44568,    -1.74863,105648574334826
105558510259251,2,    0.905646,   0.0293546,     2.41119,    -1.79793,105649360220331
105558510259251,2,    0.819217,   0.0177762,     2.40192,    -1.84816,105650007734790
105558510259251,2,    0.848399,  0.00453307,     2.38199,    -1.87255,105650736723189
105558510259251,2,    0.832842,  -0.0100591,     2.38355,    -1.90447,105651479398251
105558510259251,2,    0.826064,  -0.0244892,     2.37036,    -1.91425,105652185458910
105558510259251,2,    0.800386,   -0.046129,     2.37319,    -1.92358,105652932773488
105558510259251,2,    0.769503,  -0.0653621,     2.38905,    -1.91943,105653719616287
105558510259251,2,    0.751485,  -0.0719108,     2.40288,    -1.91452,105654404718695
105558510259251,2,    0.721569,  -0.0646303,     2.45813,    -1.89295,105655192045057
105558510259251,2,    0.699374,  -0.0472867,     2.48394,    -1.87062,105655895049607
105558510259251,2,    0.678218,  -0.0443709,     2.50554,    -1.86025,105656640992994
105558510259251,2,    0.656909,  -0.0296416,     2.57802,    -1.84541,105657311771491
105558510259251,2,    0.618344,  -0.0192534,     2.58343,    -1.83227,105658061210007
105558510259251,2,    0.592007, -0.00198907,     2.63707,    -1.81899,105658822859259
105558510259251,2,     0.55798,   0.0119916,     2.65573,    -1.81822,105659507825673
105558510259251,2,    0.530024,   0.0224213,     2.65977,     -1.8272,105660410043933
105558510259251,2,     0.50417,   0.0298157,     2.65415,    -1.84031,105661155189867
105558510259251,2,    0.479854,    0.039074,     2.71533,     -1.8577,105661939789245
105558510259251,2,    0.455585,   0.0512435,     2.62231,    -1.87692,105662723071164
105558510259251,2,    0.434344,   0.0941663,     2.53969,    -1.89402,105663509417774
105558510259251,2,    0.412885,    0.144071,     2.39629,    -1.94731,105664213220666
105558510259251,2,    0.396192,    0.205473,     2.26988,    -2.00399,105664999233989
105558510259251,2,    0.380114,    0.234761,     2.15138,      -2.074,105665666604874
105558510259251,2,    0.360032,     0.28142,     2.02497,     -2.1447,105666411480268
105558510259251,2,    0.339355,    0.282828,     1.83249,    -2.24572,105667099645602
105558510259251,2,    0.320162,    0.270657,      1.6952,    -2.31124,105667813433488
105558510259251,2,    0.292888,    0.250373,     1.53451,    -2.38543,105668481151560
105558510259251,2,     0.27801,    0.239537,     1.41165,    -2.43787,105669194317096
105558510259251,2,    0.253495,    0.203203,     1.24563,    -2.49973,105669885693983
105558510259251,2,    0.232321,    0.180396,      1.0965,     -2.5492,105670714987355
105558510259251,2,    0.213638,    0.149816,    0.955407,    -2.58955,105671439855915
105558510259251,2,    0.191369,    0.129256,    0.798252,    -2.62796,105672147101090
105558510259251,2,    0.168603,    0.117823,    0.726695,    -2.64298,105672951749381
105558510259251,2,    0.150919,    0.107302,    0.575288,    -2.67012,105673682492537
105558510259251,2,    0.136756,   0.0961791,    0.502134,    -2.68418,105674392778690
105558510259251,2,    0.116554,   0.0876822,    0.405036,    -2.69918,105675196564616
105558510259251,2,    0.105511,    0.084298,    0.362049,    -2.70599,105675924678884
105558510259251,2,    0.094388,   0.0785637,    0.327882,    -2.71005,105676651817563
105558510259251,2,   0.0772152,   0.0697329,    0.236953,    -2.72003,105677397696749
105558510259251,2,   0.0658463,   0.0657145,    0.198557,    -2.72221,105678148120282
105558510259251,2,   0.0560057,   0.0528178,    0.148225,    -2.72282,105678881111835
105558510259251,2,   0.0498532,   0.0441642,    0.117627,    -2.72184,105679606211820
105558510259251,2,   0.0351184,   0.0337185,    0.083142,    -2.72717,105680412206282
105558510259251,2,   0.0289333,   0.0253623,   0.0642096,    -2.72851,105681159615180
105558510259251,2,   0.0203221,   0.0176506,   0.0412411,    -2.72839,105681946950688
105558510259251,2,   0.0168512,   0.0145091,   0.0253608,    -2.72736,105682659698464
105558510259251,2,   0.0776272,   0.0811051,      3.6273,    0.400673,105683364657568
105558510259251,2,     0.16044,    0.181376,     3.62048,    0.380259,105684050522399
105558510259251,2,    0.250355,    0.294009,     3.63656,    0.324374,105684913323444
105558510259251,2,    0.316506,    0.369592,     3.62432,    0.288405,105685655033794
105558510259251,2,    0.369826,    0.392471,     3.62387,    0.152368,105686358325627
105558510259251,2,    0.419913,    0.359386,     3.58619,  -0.0390722,105687062968857
105558510259251,2,    0.482419,    0.283497,     3.55986,   -0.287908,105687849762838
105558510259251,2,    0.552981,    0.210613,     3.53369,   -0.434515,105688595556766
105558510259251,2,    0.643152,     0.17955,     3.50284,   -0.533885,105689377478061
105558510259251,2,    0.722242,    0.142789,     3.46271,   -0.639439,105690024466197
105558510259251,2,    0.828491,    0.122271,     3.42604,   -0.708745,105690772048098
105558510259251,2,    0.924063,   0.0992019,     3.39175,   -0.740867,105691555868588
105558510259251,2,      1.0057,   0.0792977,     3.38496,   -0.755266,105692261754088
105558510259251,2,     1.06822,   0.0612127,     3.35023,    -0.77071,105692931972274
105558510259251,2,     1.13154,    0.047607,     3.34688,   -0.759294,105693697004503
105558510259251,2,     1.17518,   0.0376697,      3.3357,   -0.759782,105694383588804
105558510259251,2,     1.20813,   0.0214255,     3.30742,   -0.729007,105695169998542
105558510259251,2,     1.21151,   0.0116836,     3.28888,   -0.696055,105695874693357
105558510259251,2,     1.19592,  0.00555635,     3.28188,   -0.659758,105696655577070
105558510259251,2,     1.18176, -0.00297764,     3.26337,   -0.635655,105697340025610
105558510259251,2,     1.15284,  -0.0116442,     3.23849,   -0.583372,105698084692076
105558510259251,2,     1.13599, -0.00794077,     3.24198,   -0.529011,105698843651440
105558510259251,2,     1.11441, -0.00279595,      3.2327,   -0.473952,105699566255644
105558510259251,2,     1.09198,  -0.0123627,     3.20881,    -0.43679,105700268416799
105558510259251,2,     1.06326,  -0.0142176,     3.18931,   -0.389563,105701032207889
105558510259251,2,       1.046, -0.00592111,     3.18398,   -0.329245,105701755937004
105558510259251,2,     1.02903, -0.00179217,     3.19707,   -0.301333,105702457830078
105558510259251,2,     1.00159,  0.00311251,     3.16063,   -0.246638,105703085968666
105558510259251,2,    0.976421,  0.00397145,     3.15855,   -0.199638,105703868534532
105558510259251,2,    0.950262, -0.00339071,     3.14059,   -0.165433,105704573889820
105558510259251,2,    0.925185, -0.00343566,     3.15335,   -0.123061,105705259170982
105558510259251,2,    0.906363,  -0.0031026,     3.14121,  -0.0965867,105706022074233
105558510259251,2,    0.872688,-0.000743525,     3.12843,     -0.0413,105706842509478
105558510259251,2,    0.843491,  0.00141638,     3.12079, -0.00365953,105707642713294
105558510259251,2,     0.81692, -0.00202411,      3.1277,   0.0421686,105708383605167
105558510259251,2,    0.793584, 0.000340473,     3.08714,   0.0511939,105709166532192
105558510259251,2,    0.769841,  0.00583746,     3.03955,   0.0776366,105709929459047
105558510259251,2,    0.743791,  0.00516608,     2.90797,   0.0774789,105710633033903
105558510259251,2,    0.709261, 0.000107872,     2.79193,   0.0717734,105711338083642
105558510259251,2,    0.693186, -0.00133159,     2.66525,   0.0743062,105712043059956
105558510259251,2,      0.6659, -0.00310331,     2.54517,   0.0709982,105712806551140
105558510259251,2,    0.628797, -0.00281569,     2.41593,    0.068505,105713570538006
105558510259251,2,    0.616495, -0.00125513,     2.30144,   0.0736582,105714317391782
105558510259251,2,    0.584463, 2.32539e-06,     2.16763,   0.0771017,105715118373304
105558510259251,2,    0.564842,-0.000816222,     2.10578,   0.0775335,105715842925531
105558510259251,2,    0.536051, 0.000886864,     1.97025,   0.0775917,105716646736599
105558510259251,2,     0.52274,  0.00274728,     1.92414,   0.0792149,105717312396748
105558510259251,2,    0.499881,  0.00120209,     1.82541,   0.0774559,105718093064980
105558510259251,2,    0.481022,  0.00274095,     1.73894,   0.0778687,105718893263591
105558510259251,2,    0.458333,  0.00071084,     1.66218,   0.0779174,105719655825530
105558510259251,2,     0.43758, -0.00124086,     1.57479,    0.077314,105720418566189
105558510259251,2,    0.417066, -0.00196333,     1.51114,   0.0768757,105721188883376
105558510259251,2,    0.398994, -0.00180938,     1.42125,   0.0782227,105721906528619
105558510259251,2,    0.381055,-0.000409214,     1.36065,   0.0802193,105722672927988
105558510259251,2,    0.367355,  0.00121274,      1.3017,   0.0813321,105723406797860
105558510259251,2,    0.348729,  0.00129598,     1.25817,   0.0800341,105724174961631
105558510259251,2,    0.352385,   0.0214924,      1.1662,   0.0774807,105725028606493
105558510259251,2,    0.350644,   0.0415363,     1.11974,    0.074679,105725754676530
105558510259251,2,    0.351677,   0.0544002,     1.08082,   0.0689815,105726498337018
105558510259251,2,    0.352729,   0.0594336,    0.995217,   0.0545913,105727243400908
105558510259251,2,     0.34901,   0.0657252,    0.951302,   0.0449152,105727931261113
105558510259251,2,    0.351633,   0.0748076,    0.891461,   0.0329802,105728634811568
105558510259251,2,     0.34992,   0.0762398,    0.833546,   0.0227949,105729381169619
105558510259251,2,    0.364047,   0.0800311,    0.764895,  0.00896797,105730219913409
105558510259251,2,    0.360644,   0.0889335,    0.746935,  0.00557605,105731164777392
105558510259251,2,    0.357654,   0.0764699,    0.659362, -0.00751256,105731923076489
105558510259251,2,    0.356784,    0.075958,    0.604851,  -0.0162111,105732766365598
105558510259251,2,    0.369597,   0.0620212,    0.543647,  -0.0225465,105733545988892
105558510259251,2,    0.369665,   0.0625212,    0.494496,  -0.0274772,105734324244039
105558510259251,2,    0.376094,   0.0611693,    0.450266,  -0.0285773,105735041457542
105558510259251,2,    0.377149,   0.0614003,    0.388439,  -0.0318437,105735763254024
105558510259251,2,    0.383113,   0.0457008,    0.301765,  -0.0379629,105736536583230
105558510259251,2,    0.384768,   0.0398947,    0.228157,  -0.0407225,105737334361102
105558510259251,2,    0.398892,   0.0459044,     0.20308,  -0.0398964,105738068641437
105558510259251,2,    0.403554,   0.0392384,    0.103857,  -0.0422254,105738823126845
105558510259251,2,    0.415975,   0.0380142,   0.0503573,  -0.0445953,105739485442159
105558510259251,2,    0.418272,   0.0329256,     3.00935,    0.145488,105740248858331
105558510259251,2,    0.430018,   0.0300762,     3.00213,    0.130205,105740973123822
105558510259251,2,    0.434211,   0.0345908,     3.01547,    0.126825,105741762581198
105558510259251,2,    0.451222,   0.0300569,     3.01174,    0.102046,105742470617422
105558510259251,2,    0.478905,   0.0241729,     3.01227,   0.0886947,105743209956464
105558510259251,2,    0.481863,   0.0159458,     3.00941,   0.0790367,105743941693792
105558510259251,2,    0.491985,  0.00958708,      3.0222,   0.0706154,105744659265451
105558510259251,2,    0.523173, -0.00750818,      3.0227,   0.0697103,105745529945296
105558510259251,2,    0.553226,  -0.0345385,     3.00769,   0.0702495,105746259811724
105558510259251,2,    0.578999,   -0.065588,     3.01832,   0.0885756,105747031542184
105558510259251,2,    0.590129,  -0.0979072,     3.03494,    0.121058,105747745601709
105558510259251,2,    0.587706,   -0.145902,     3.01305,    0.181172,105748456956877
105558510259251,2,    0.580192,   -0.169766,     2.99916,    0.266557,105749221460615
105558510259251,2,    0.599249,   -0.183122,     2.99294,    0.375212,105749930966566
105558510259251,2,    0.362215,  -0.0974834,     2.99435,    0.432737,105750755926664
105558510259251,2,    0.322335,  -0.0997311,     2.94899,    0.546421,105751481313588
105558510259251,2,    0.294109,  -0.0900901,     2.95142,    0.618839,105752217019553
105558510259251,2,    0.257682,  -0.0665239,     2.91761,    0.715351,105752955768602
105558510259251,2,    0.217256,  -0.0508464,     2.93442,     0.77666,105753694353033
105558510259251,2,         0.2,   -0.032408,     2.89404,    0.831723,105754509287769
105558510259251,2,         0.2,  -0.0221355,     2.86705,     0.86934,105755170552966
105558510259251,2,         0.2,  -0.0184742,     2.88009,    0.895486,105755871279026
105558510259251,2,         0.2,  -0.0126179,     2.87866,    0.922896,105756612533374
105558510259251,2,         0.2, -0.00848567,     2.86272,    0.930425,105757252988655
105558510259251,2,         0.2,  -0.0131554,     2.87899,    0.950336,105758110935965
105558510259251,2,         0.2,  -0.0125081,     2.85911,    0.965184,105758792793456
105558510259251,2,         0.2,  -0.0136307,     2.87178,    0.978622,105759512822462
105558510259251,2,         0.2,  -0.0113853,     2.86109,    0.992282,105760304511073
105558510259251,2,         0.2,  -0.0133809,     2.83109,     1.00154,105761042831501
105558510259251,2,         0.2,  -0.0113877,     2.86197,     1.01478,105761706449911
105558510259251,2,         0.2,  -0.0113946,     2.85598,     1.02493,105762517012698
105558510259251,2,         0.2,   -0.013758,     2.84162,     1.03491,105763290218879
105558510259251,2,         0.2,  -0.0179339,       2.854,     1.05717,105764029336234
105558510259251,2,    0.262908, -0.00756956,     2.84145,      1.0649,105764812111849
105558510259251,2,     0.34182, -0.00078444,     2.82617,     1.07975,105765473990930
105558510259251,2,    0.426159,  -0.0320124,     2.80016,     1.08978,105766276434751
105558510259251,2,     0.48854,  -0.0603686,     2.81243,     1.11086,105766981853034
105558510259251,2,    0.540786,   -0.116625,     2.80617,      1.1682,105767704983000
105558510259251,2,    0.570482,    -0.13377,     2.77688,     1.22273,105768354266560
105558510259251,2,    0.562303,   -0.128908,     2.74012,     1.29229,105769040321138
105558510259251,2,    0.536259,   -0.107284,     2.68896,     1.38351,105769849109691
105558510259251,2,     0.51967,  -0.0853767,     2.65696,     1.46537,105770776143843
105558510259251,2,    0.487058,  -0.0742591,       2.644,     1.53974,105771604956839
105558510259251,2,    0.471112,   -0.051951,     2.60855,     1.59485,105772391823507
105558510259251,2,    0.454753,  -0.0205047,     2.57069,     1.66364,105773137477200
105558510259251,2,    0.440312, -0.00162172,     2.54828,     1.70234,105773804848805
105558510259251,2,    0.424801,   0.0191845,     2.52782,     1.72694,105774533713109
105558510259251,2,    0.410476,   0.0424475,     2.53512,     1.75341,105775162041140
105558510259251,2,    0.396493,   0.0696981,     2.51654,     1.75034,105775852503467
105558510259251,2,    0.380027,   0.0885449,     2.54454,      1.7491,105776584031036
105558510259251,2,    0.369091,     0.10492,     2.56932,     1.73048,105777273632910
105558510259251,2,    0.359153,    0.113434,     2.58165,      1.6826,105778044321138
105558510259251,2,     0.35685,    0.137618,     2.62736,      1.6632,105778772360675
105558510259251,2,    0.366253,      0.1396,     2.63427,     1.64683,105779524282449
105558510259251,2,    0.367219,    0.154891,     2.67166,     1.57455,105780214035951
105558510259251,2,    0.371717,    0.160735,     2.69966,     1.51797,105780964923036
105558510259251,2,    0.371574,    0.126122,      2.7437,     1.46399,105781734761101
105558510259251,2,    0.383667,    0.134219,     2.79814,     1.37914,105782550261581
105558510259251,2,    0.397954,    0.159604,     2.80496,     1.36253,105783338908122
105558510259251,2,    0.385419,    0.157611,     2.86422,     1.27633,105784047604019
105558510259251,2,    0.402134,    0.167626,     2.87683,     1.20428,105784772475666
105558510259251,2,    0.426181,    0.162049,     2.90549,     1.13594,105785539452866
105558510259251,2,    0.430805,    0.123223,     2.93218,     1.07899,105786211968490
105558510259251,2,    0.419643,    0.100533,     2.98357,    0.987698,105787004840979
105558510259251,2,    0.413768,   0.0896728,      2.9785,     0.94259,105787755931535
105558510259251,2,     0.40923,   0.0781478,     2.98617,    0.905953,105788449620049
105558510259251,2,    0.399256,    0.079242,     3.01129,    0.822239,105789184269035
105558510259251,2,    0.482351,    0.171416,     3.03424,    0.771094,105789935530165
105558510259251,2,    0.545093,     0.16819,     3.02847,      0.7157,105790590713557
105558510259251,2,    0.602108,    0.162438,     3.04903,    0.608441,105791263099705
105558510259251,2,    0.659479,    0.147226,     3.06233,    0.534349,105792077086758
105558510259251,2,    0.740366,    0.128865,     3.08837,      0.4317,105792808592880
105558510259251,2,     0.81583,    0.111678,     3.08655,    0.349924,105793540834596
105558510259251,2,    0.885067,   0.0897303,     3.10612,    0.286599,105794313587376
105558510259251,2,    0.934261,   0.0586277,      3.1013,    0.192991,105795011354144
105558510259251,2,    0.971322,   0.0449186,     3.09858,    0.157866,105795726178427
105558510259251,2,    0.978488,   0.0249177,     3.07887,     0.09533,105796459302201
105558510259251,2,    0.961984,  0.00976265,     3.06223,   0.0437011,105797157747022
105558510259251,2,    0.944569, -0.00493521,     3.09069,   0.0094623,105797910433665
105558510259251,2,    0.911334,    -0.01794,     3.09221,  -0.0396667,105798646074523
105558510259251,2,    0.881549,  -0.0205282,     2.91426,  -0.0337338,105799437887521
105558510259251,2,    0.860888,  -0.0177422,     2.79431,  -0.0269219,105800130883687
105558510259251,2,    0.836139,  -0.0176693,     2.65446,  -0.0235465,105800782498620
105558510259251,2,    0.805623,  -0.0119761,     2.48697,  -0.0096544,105801492833313
105558510259251,2,    0.782195, -0.00685445,     2.36307, -0.00312081,105802144923855
105558510259251,2,    0.756552, -0.00601942,     2.23759, -0.00526011,105802900351083
105558510259251,2,    0.738826, -0.00256272,      2.1509, -0.00119356,105803631130336
105558510259251,2,    0.704932, -0.00278772,     1.97994, 0.000791872,105804366654466
105558510259251,2,    0.674707,  -0.0034585,     1.84124, 0.000661931,105805077490912
105558510259251,2,    0.650871,-0.000793147,     1.73602, 0.000410123,105805849106238
105558510259251,2,    0.633794, -0.00396829,     1.66458, -0.00159649,105806603711480
105558510259251,2,    0.598606, -0.00297287,     1.51839, -0.00248304,105807350874970
105558510259251,2,       0.573, -0.00107046,     1.41794,-0.000933018,105808103414297
105558510259251,2,    0.538505,  0.00299928,     1.35307,  0.00221374,105808837057808
105558510259251,2,    0.525224,  0.00151338,      1.2595,-0.000472185,105809591165871
105558510259251,2,    0.495498,-0.000170032,     1.13746, -0.00206943,105810264810448
105558510259251,2,    0.460392, -0.00135787,     1.05918, -0.00333005,105810989913277
105558510259251,2,    0.441067,  -0.0011145,    0.953432, -0.00260717,105811777609354
105558510259251,2,    0.417966,-0.000664507,    0.886816,  -0.0058693,105812466802860
105558510259251,2,    0.394332,  0.00116496,    0.804644, -0.00525859,105813217567323
105558510259251,2,    0.375029,  0.00427823,    0.744883, -0.00308374,105813943014448
105558510259251,2,    0.348362,  0.00571459,    0.687098, -0.00177892,105814650009937
105558510259251,2,    0.332672,  0.00565809,    0.621509, -0.00147463,105815300897091
105558510259251,2,    0.316557,   0.0060489,    0.581484, -0.00205017,105815974601526
105558510259251,2,     0.29546,  0.00177825,    0.524309, -0.00571753,105816767275255
105558510259251,2,    0.269926, -0.00268245,    0.452253, -0.00521364,105817515022956
105558510259251,2,    0.253557, -0.00242256,    0.411302, -0.00452569,105818184096690
105558510259251,2,    0.234063,-0.000370325,    0.366484, -0.00449141,105818871738665
105558510259251,2,    0.215941, 0.000223073,    0.322496, -0.00426987,105819654692538
105558510259251,2,    0.194893,  0.00207468,    0.284406, -0.00332873,105820443957052
105558510259251,2,    0.175976,  0.00215217,    0.235657, -0.00404474,105821151909976
105558510259251,2,    0.162708,  0.00170956,    0.219538, -0.00583254,105821859297672
105558510259251,2,    0.149849,-0.000282714,    0.185514, -0.00690264,105822542480317
105558510259251,2,    0.133857,  0.00113753,    0.156586, -0.00759602,105823280301555
105558510259251,2,     0.11822,  0.00230935,    0.134192, -0.00555544,105824073031384
105558510259251,2,    0.100748,  0.00246101,    0.109784, -0.00520181,105824778365217
105558510259251,2,   0.0834118,  0.00103099,   0.0837272, -0.00570266,105825485920132
105558510259251,2,   0.0752265,  0.00207269,   0.0722363, -0.00555746,105826235771807
105558510259251,2,   0.0648397,   0.0010977,   0.0608869, -0.00481303,105826928268591
105558510259251,2,   0.0513157, 0.000916038,   0.0430586, -0.00511125,105827658253497
105558510259251,2,   0.0426183, 0.000994945,   0.0333261, -0.00401023,105828405319816
105558510259251,2,   0.0326096, 0.000102686,   0.0237608, -0.00472925,105829182167607
105558510259251,2,   0.0245076,-7.47852e-05,   0.0177676, -0.00402684,105829847352718
105558510259251,2,   0.0128329,-2.87351e-05,  0.00950621,  -0.0045902,105830664646784
105558510259251,2,  0.00677677, 1.10499e-05,  0.00667466, -0.00374264,105831326315626
105558510259251,2,   0.0036561, 4.19699e-06,  0.00564309, -0.00394959,105832012232224
105558510259251,2,           0,  -0.0565072,  0.00546454, -0.00580929,105832742047838
105558510259251,2,           0,   -0.154786,  0.00467897, -0.00447838,105833515798695
105558510259251,2,           0,   -0.200247,  0.00413742, -0.00432652,105834251613680
105558510259251,2,           0,   -0.192928,  0.00608021, -0.00457045,105835046710586
105558510259251,2,           0,   -0.166767,   0.0081254,  -0.0018325,105835659733692
105558510259251,2,           0,   -0.109666,    0.010125, 0.000420043,105836454522863
105558510259251,2,           0,  -0.0836073,   0.0124949,  0.00371004,105837151814823
105558510259251,2,           0,  -0.0505138,   0.0142335,  0.00636008,105837903798679
105558510259251,2,           0,  -0.0261147,   0.0142255,  0.00654615,105838672207142
105558510259251,2,           0, -0.00544099,   0.0143402,  0.00641022,105839368230070
105839525319655,2,           0,           0,    -2.99653,   0.0719331,105840031422978
105839525319655,2,           0,           0,    -2.99653,   0.0719331,105840753423661
105839525319655,2,           0,           0,    -2.99653,   0.0719331,105841513384240
105839525319655,2,           0,    0.285898,    -2.99466,    0.101976,105842248691798
105839525319655,2,           0,    0.514592,    -3.03225,    0.168693,105842919747927
105839525319655,2,           0,    0.741036,    -2.96416,    0.441893,105843712582815
105839525319655,2,           0,     0.91623,    -2.92624,    0.653319,105844476791473
105839525319655,2,           0,     1.05039,    -2.87523,    0.860891,105845276186692
105839525319655,2,           0,     1.12403,    -2.58102,     1.53856,105846078748301
105839525319655,2,           0,     1.10608,    -2.27641,     1.97679,105846855911713
105839525319655,2,           0,     1.06285,    -1.77197,     2.44323,105847674088628
105839525319655,2,           0,     1.03265,    -1.39854,     2.67676,105848434440613
105839525319655,2,           0,    0.973644,    -0.67667,     2.95029,105849168727463
105839525319655,2,           0,    0.911624,   -0.129186,     3.02776,105849884847329
105839525319655,2,           0,    0.824945,    0.872848,     2.90367,105850640672006
105839525319655,2,           0,    0.810192,     1.00172,     2.86319,105851355246465
105839525319655,2,           0,    0.740138,        1.52,     2.62862,105852151471852
105839525319655,2,           0,     0.69602,     1.78928,     2.46213,105853042554766
105839525319655,2,           0,    0.628021,     2.12378,     2.18471,105853911446383
105839525319655,2,           0,    0.566674,     2.35015,     1.94911,105854684574926
105839525319655,2,           0,    0.517788,     2.55198,     1.68816,105855461202699
105839525319655,2,           0,    0.453404,     2.73774,     1.38782,105856178075138
105839525319655,2,           0,    0.393417,     2.84588,      1.1686,105856970632350
105839525319655,2,           0,    0.351032,     2.94721,    0.921253,105857773316099
105839525319655,2,           0,    0.310597,     2.99087,    0.802637,105858595457096
105839525319655,2,           0,    0.260325,     3.05344,    0.553695,105859337757219
105839525319655,2,           0,     0.22067,     3.08366,    0.403527,105860088226157
105839525319655,2,           0,    0.190594,     3.09954,    0.300112,105860846588991
105839525319655,2,           0,    0.141482,     3.11343,    0.179942,105861611809489
105839525319655,2,           0,    0.094054,     3.12083,   0.0548637,105862317973686
105839525319655,2,           0,   0.0548512,     3.12681,  -0.0187226,105863022088586
105839525319655,2,           0,   0.0201493,     3.13179,  -0.0630619,105863708602013
105839525319655,2,   0.0359524, -0.00194359,     3.13723,   -0.085071,105864471797441
105839525319655,2,    0.187805,  -0.0670433,     3.13369,  -0.0943244,105865344101683
105839525319655,2,     0.30908,  -0.0818705,     3.11829,  -0.0813179,105866121598956
105839525319655,2,    0.414951,  -0.0932742,     3.09152,   -0.045235,105866880504530
105839525319655,2,    0.510738,  -0.0523782,     3.01689, -0.00308313,105867659480383
105839525319655,2,      0.5879,  -0.0314856,      3.0154,   0.0178463,105868379538591
105839525319655,2,    0.659773,  -0.0148894,     3.00691,   0.0471153,105869175343755
105839525319655,2,    0.710845, 0.000135613,     3.02131,   0.0566176,105869913717028
105839525319655,2,    0.744015,   0.0091301,     3.00737,   0.0624005,105870671266596
105839525319655,2,    0.742969,   0.0130156,     3.03024,   0.0590604,105871411686741
105839525319655,2,    0.719377,   0.0236219,      3.0175,   0.0692949,105872254587714
105839525319655,2,    0.704329,   0.0269815,     3.02556,   0.0590614,105873050997082
105839525319655,2,    0.679046,   0.0306943,     3.02021,   0.0656229,105873793629137
105839525319655,2,     0.64877,   0.0305615,     3.01122,   0.0550744,105874477387037
105839525319655,2,    0.620647,   0.0264362,     2.99264,   0.0394064,105875282607419
105839525319655,2,    0.593467,   0.0274584,     3.00609,   0.0303345,105876026123196
105839525319655,2,     0.57458,   0.0316817,     3.00723,   0.0287291,105876793742256
105839525319655,2,    0.553439,   0.0300812,     3.00391,   0.0167864,105877567249485
105839525319655,2,    0.554825,   0.0459508,      3.0104, -0.00344118,105878280563862
105839525319655,2,    0.586393,   0.0760684,     3.01987,   -0.036642,105878988663032
105839525319655,2,    0.605795,    0.102182,     3.01511,  -0.0467844,105879682905832
105839525319655,2,    0.612403,     0.13346,     3.01198,   -0.100908,105880455682770
105839525319655,2,    0.605327,    0.184482,     2.99827,   -0.220975,105881380518047
105839525319655,2,    0.482705,   0.0987467,     3.00613,   -0.265155,105882186405199
105839525319655,2,    0.482705,    0.168332,      2.9796,   -0.393438,105882993662484
105839525319655,2,    0.359305,    0.139295,     2.97566,   -0.481837,105883828740274
105839525319655,2,    0.359305,      0.1381,     2.96989,   -0.530201,105884574755881
105839525319655,2,    0.359305,    0.123262,     2.92703,   -0.651001,105885319394299
105839525319655,2,    0.408787,    0.112458,     2.91989,   -0.716488,105886148988583
105839525319655,2,    0.469957,   0.0961865,      2.9202,   -0.791223,105886873238362
105839525319655,2,    0.546535,   0.0658572,     2.89046,   -0.854702,105887678179511
105839525319655,2,    0.610768,   0.0548919,     2.87504,    -0.91021,105888461968977
105839525319655,2,    0.661043,    0.050772,      2.8657,   -0.964545,105889257401944
105839525319655,2,    0.694652,   0.0615153,     2.83696,   -0.987315,105890063885967
105839525319655,2,    0.703039,   0.0709525,     2.81415,    -1.06981,105890791437379
105839525319655,2,    0.690153,   0.0735245,     2.80582,    -1.15217,105891623677353
105839525319655,2,    0.680485,    0.071279,     2.78622,    -1.19844,105892316974889
105839525319655,2,    0.670434,   0.0590855,     2.73793,    -1.26552,105893108912159
105839525319655,2,    0.660638,   0.0483506,     2.73532,    -1.33127,105893802676212
105839525319655,2,    0.643275,   0.0323824,     2.71116,    -1.40824,105894670772069
105839525319655,2,    0.619925,   0.0240643,      2.6867,    -1.44092,105895482311780
105839525319655,2,    0.591884,   0.0179539,     2.66924,    -1.50283,105896333429499
105839525319655,2,    0.581745,   0.0137914,     2.64882,    -1.52944,105897008059864
105839525319655,2,    0.567024,  0.00637532,     2.64613,    -1.57161,105897782164529
105839525319655,2,    0.554058,  0.00526141,     2.62207,    -1.60558,105898575757161
105839525319655,2,    0.542096, -0.00587657,     2.61496,    -1.63242,105899348295312
105839525319655,2,    0.532278,  -0.0290818,     2.60108,    -1.65633,105900299920614
105839525319655,2,    0.524574,  -0.0700034,     2.58412,    -1.67388,105901154398357
105839525319655,2,    0.516631,   -0.105911,     2.59741,    -1.67522,105902064691195
105839525319655,2,    0.510645,   -0.119335,      2.6296,    -1.66729,105902935272077
105839525319655,2,    0.504378,   -0.142547,     2.65771,     -1.6147,105903707871622
105839525319655,2,    0.500933,   -0.165545,     2.68495,    -1.58452,105904502404797
105839525319655,2,    0.497594,   -0.168113,     2.75872,    -1.50679,105905298177390
105839525319655,2,    0.496057,   -0.200888,     2.79213,    -1.44729,105906032914129
105839525319655,2,    0.495251,   -0.218859,     2.79572,      -1.365,105906824640881
105839525319655,2,    0.495177,   -0.223181,     2.87698,    -1.25995,105907613227540
105839525319655,2,    0.495993,   -0.244188,     2.92787,    -1.09299,105908388074637
105839525319655,2,    0.497759,   -0.243843,     2.94963,    -1.03106,105909078539588
105839525319655,2,    0.499367,   -0.233898,     3.02185,   -0.879161,105909971624581
105839525319655,2,    0.502172,   -0.212591,      3.0565,   -0.760724,105910645129119
105839525319655,2,    0.507062,   -0.189714,     3.08335,   -0.644938,105911413419705
105839525319655,2,    0.510521,   -0.165947,     3.12101,   -0.545297,105912187400164
105839525319655,2,    0.544156,   -0.148451,      3.1076,   -0.368785,105912993914994
105839525319655,2,    0.616649,   -0.128282,     3.14597,   -0.293345,105913762562934
105839525319655,2,     0.69701,   -0.103182,      3.1191,   -0.210714,105914513243774
105839525319655,2,    0.758063,  -0.0900209,     3.13829,   -0.121838,105915186819766
105839525319655,2,    0.810127,  -0.0736897,     3.07622,  -0.0880997,105915920005288
105839525319655,2,    0.848153,  -0.0564667,     2.95126,   -0.043984,105916692854594
105839525319655,2,    0.844706,  -0.0337792,     2.70199,-0.000467197,105917478884905
105839525319655,2,    0.830379,  -0.0255159,     2.62151,   0.0102555,105918231278969
105839525319655,2,    0.803759,   -0.016156,     2.47674,   0.0209375,105919022111177
105839525319655,2,     0.77416,  -0.0068406,     2.34078,   0.0294356,105919796140708
105839525319655,2,    0.750086, -0.00220429,     2.19864,   0.0318847,105920647128098
105839525319655,2,    0.731526,   0.0119591,     2.12818,   0.0353596,105921378305731
105839525319655,2,    0.701305,   0.0127312,      1.9625,   0.0288094,105922029727823
105839525319655,2,    0.669574,   0.0108333,     1.81808,   0.0227565,105922841378976
105839525319655,2,    0.647711,   0.0114782,     1.72203,   0.0189084,105923570727272
105839525319655,2,    0.620265,   0.0128238,     1.60565,   0.0168401,105924282373633
105839525319655,2,     0.59429,   0.0119882,     1.54475,   0.0145162,105925111141845
105839525319655,2,    0.566418,   0.0102021,     1.39276,   0.0095578,105926099929320
105839525319655,2,    0.535489,  0.00899042,     1.27923,  0.00613826,105926812177132
105839525319655,2,           0,           0,      1.2569,  0.00652723,105928175178281
105839525319655,2, 3.91354e-05, 2.07623e-06,      1.1967,  0.00420765,105928944715487
105839525319655,2,   0.0444837,-0.000360612,     1.16154, -0.00234794,105929734766823
105839525319655,2,    0.136586,-0.000652902,     1.14379,  0.00164159,105930446882971
105839525319655,2,    0.228139, -0.00182674,       1.135,-0.000213967,105931257662194
105839525319655,2,    0.294675, -0.00182932,      1.0923, -0.00121533,105931949244324
105839525319655,2,    0.351119, -0.00174171,     1.05789,-0.000591684,105932661924282
105839525319655,2,    0.394927, 7.77676e-05,     1.00807, 0.000611053,105933375328440
105839525319655,2,    0.422151,-0.000728891,     0.95961,-0.000706051,105934091116345
105839525319655,2,    0.430216, 0.000695407,    0.919679, 0.000575169,105934822295558
105839525319655,2,    0.399107,   0.0015084,    0.802846,  0.00113249,105935532833930
105839525319655,2,    0.375902, 0.000550442,    0.773993, 0.000473741,105936323437857
105839525319655,2,    0.352948, 0.000846989,    0.705818, 0.000419829,105937154259094
105839525319655,2,     0.33045,-0.000447352,    0.621539,-0.000426361,105937860577962
105839525319655,2,    0.308941, -0.00247004,    0.582624, -0.00189291,105938592362742
105839525319655,2,     0.28577,-0.000524274,    0.501813, -0.00102307,105939382759439
105839525319655,2,    0.267113, -0.00200327,    0.474171,-0.000781869,105940227458267
105839525319655,2,    0.241216, -0.00112824,    0.390277, -0.00217382,105941037598660
105839525319655,2,    0.228546, -0.00120414,    0.363788, -0.00373963,105941860629664
105839525319655,2,    0.211269, -0.00184093,    0.321366, -0.00579148,105942667103749
105839525319655,2,    0.191584, -0.00200482,    0.290413,  -0.0043664,105943406619782
105839525319655,2,    0.177033, -0.00173774,    0.248108, -0.00508935,105944203587464
105839525319655,2,    0.160099,-0.000661312,    0.214282, -0.00463746,105944925866472
105839525319655,2,     0.14725,  0.00127737,    0.189262, -0.00334225,105945628964415
105839525319655,2,    0.131692,  0.00210622,     0.16047,  -0.0031595,105946333725377
105839525319655,2,     0.11698, 0.000984273,    0.146943, -0.00359871,105947081325286
105839525319655,2,    0.103306, 0.000569019,    0.116059, -0.00301739,105947791823579
105839525319655,2,   0.0926039,  0.00029631,   0.0971623, -0.00374455,105948457476858
105839525319655,2,   0.0796918, 0.000845453,   0.0783807, -0.00485833,105949125499451
105839525319655,2,   0.0696778,  0.00313806,   0.0648677,-0.000810273,105949969155455
105839525319655,2,    0.057815,  0.00194987,   0.0500722, -0.00179032,105950678155275
105839525319655,2,   0.0509283, 0.000165545,   0.0434023, -0.00416459,105951370270483
105839525319655,2,   0.0393296,-5.26483e-05,   0.0299762, -0.00502724,105952076772729
105839525319655,2,    0.028868, 4.08697e-05,   0.0205803,  -0.0070658,105952844633818
105839525319655,2,   0.0233654, 0.000108072,   0.0162258,  -0.0077455,105953512957726
105839525319655,2,   0.0175895, 8.48968e-05,   0.0132388, -0.00779473,105954257670424
105839525319655,2,   0.0125595, 6.11842e-05,   0.0108617, -0.00597761,105955082094925
105839525319655,2,  0.00276199, 7.00716e-06,   0.0053911, -0.00502079,105955826422486
105839525319655,2,           0,   0.0553169,  0.00459494, -0.00803617,105956537473766
105839525319655,2,           0,    0.176223,  0.00573714, -0.00852953,105957292071799
105839525319655,2,           0,    0.253878,  0.00618726,  -0.0100257,105958046918011
105839525319655,2,           0,    0.262894,  0.00307311,  -0.0122709,105958800752982
105839525319655,2,           0,    0.229398, -0.00226305,  -0.0144142,105959471650631
105839525319655,2,           0,    0.204132, -0.00541515,  -0.0146532,105960236842849
105839525319655,2,           0,    0.158932, -0.00780904,   -0.016424,105961061787656
105839525319655,2,           0,    0.119868, -0.00557739,  -0.0175266,105961911926339
105839525319655,2,           0,   0.0893772, -0.00981374,  -0.0189226,105962721766043
105839525319655,2,           0,   0.0643293,  -0.0142211,  -0.0186567,105963412538754
105839525319655,2,           0,   0.0285317,  -0.0136358,  -0.0168434,105964199882812
105839525319655,2,           0,  0.00534746,  -0.0134501,  -0.0139229,105964967390422
105965223591873,2,           0,           0,     2.99693,  -0.0645742,105965711796171
105965223591873,2,           0,           0,     2.99693,  -0.0645742,105966433692351
105965223591873,2,           0,           0,     2.99693,  -0.0645742,105967139034668
105965223591873,2,    0.131467,  -0.0443805,     2.99706,  -0.0749715,105968026418696
105965223591873,2,    0.295518,  -0.0520216,     3.02904,  -0.0696257,105968755559751
105965223591873,2,    0.456561,  -0.0472834,     2.99783,  -0.0535219,105969521759653
105965223591873,2,    0.623513,  -0.0283519,     3.03649,   -0.037058,105970391692923
105965223591873,2,    0.751758,  -0.0224596,     3.02181,  -0.0270822,105971121006556
105965223591873,2,    0.880811,   -0.010981,     3.03155,  -0.0123482,105971926899848
105965223591873,2,    0.993113, -0.00505805,     2.99288, -0.00489675,105972718641188
105965223591873,2,      1.0898, -0.00185321,     3.01922, -0.00656041,105973490549375
105965223591873,2,     1.17162, 6.10705e-05,     2.99162, 0.000213585,105974237183658
105965223591873,2,     1.25521,  0.00311187,     3.01694,  0.00886342,105975162737776
105965223591873,2,     1.31354, 0.000779646,     3.00556,  -0.0015656,105975990859003
105965223591873,2,     1.36787,  0.00412522,     3.00896,  0.00828511,105977178406975
105965223591873,2,      1.3828,  0.00396055,     3.00589,   0.0121337,105977867592579
105965223591873,2,     1.36849,   -0.014879,     3.02838,  -0.0161101,105978659123407
105965223591873,2,     1.35662, -0.00914259,     3.01515, -0.00586178,105979469206979
105965223591873,2,     1.33663, -0.00953279,     3.00829,  0.00148973,105980161708517
105965223591873,2,     1.32546, -0.00720362,     3.00892, 0.000257128,105980893534847
105965223591873,2,       1.319,   -0.010721,     3.00463, -0.00518946,105981665781720
105965223591873,2,     1.29809, -0.00586288,     2.99754,   0.0109146,105982414508370
105965223591873,2,     1.28718, -0.00533013,     3.01181,   0.0111165,105983125571395
105965223591873,2,     1.27282,  0.00724948,     3.01841,   0.0254189,105983876763010
105965223591873,2,     1.25398,  0.00711985,     3.01651,    0.023584,105984508455856
105965223591873,2,     1.23454,   0.0067973,     3.00496,   0.0135008,105985416202177
105965223591873,2,     1.21992,  0.00883734,     2.99597,   0.0213614,105986187411140
105965223591873,2,     1.20158,  0.00569169,     2.99693,   0.0170814,105986857315218
105965223591873,2,     1.18268,  0.00322744,     3.00356,   0.0103359,105987568885603
105965223591873,2,     1.16696,  0.00221419,     2.99405,  0.00889106,105988237905693
105965223591873,2,     1.13547, -0.00578367,     3.00711,  0.00359686,105989048187387
105965223591873,2,     1.11538,  0.00189414,     3.01001,  0.00722102,105989798223939
105965223591873,2,     1.10409,  0.00138067,     3.02103,  0.00980446,105990525767475
105965223591873,2,     1.08097,  0.00207342,     2.99996,   0.0117412,105991219211016
105965223591873,2,     1.05385,  0.00114409,     3.02603,  0.00693915,105991926046939
105965223591873,2,     1.03694,  0.00134354,      3.0177,   0.0101726,105992634871437
105965223591873,2,     1.01752,-0.000184553,     3.00612,   0.0104159,105993305071522
105965223591873,2,    0.985153,  0.00773068,     3.00279,   0.0105483,105994074636436
105965223591873,2,    0.960012,  0.00722228,     3.02313,   0.0143701,105994866481473
105965223591873,2,    0.942554,  0.00725918,     3.01116,   0.0122262,105995535766120
105965223591873,2,    0.911004,   0.0094987,     3.01089,   0.0124488,105996265165682
105965223591873,2,    0.891868,   0.0028611,     2.97506, -0.00168379,105996995420754
105965223591873,2,    0.858096, -0.00288537,     2.77781, -0.00403678,105997665510185
105965223591873,2,    0.838866, -0.00294787,     2.73444, -0.00526254,105998457118417
105965223591873,2,     0.82416,  0.00389867,     2.58871, -0.00164108,105999227596124
105965223591873,2,    0.789828,-0.000611133,     2.40294,-0.000118258,105999916093083
105965223591873,2,     0.76376, 0.000979936,     2.26832,-0.000857556,106000650493415
105965223591873,2,    0.737847, 0.000730277,     2.12127,-0.000886397,106001377972117
105965223591873,2,    0.708117, 0.000402295,     1.99554,   0.0001138,106002090848454
105965223591873,2,    0.683102,-0.000518458,     1.87859, -0.00121855,106002801283955
105965223591873,2,    0.657896,-3.54829e-05,     1.76791,-0.000960487,106003573571511
105965223591873,2,    0.625803, 0.000315214,     1.62894, 0.000549075,106004264536975
105965223591873,2,    0.600107, 0.000321872,     1.52372,-9.23094e-05,106004998825205
105965223591873,2,     0.57899,  0.00180076,     1.44046, 0.000371786,106005712327985
105965223591873,2,    0.547572, 0.000867106,     1.33926, 0.000389534,106006441241963
105965223591873,2,    0.529314,  0.00252795,     1.25778,  0.00185261,106007234151806
105965223591873,2,    0.503917,  0.00184373,     1.16519, 0.000919384,106007966693381
105965223591873,2,    0.473657, 0.000219966,     1.08091,  0.00115547,106008719345665
105965223591873,2,    0.462458,  0.00168653,     1.02349,  0.00124077,106009471015068
105965223591873,2,    0.427573, 0.000414239,    0.910351,  0.00105835,106010202692560
105965223591873,2,    0.405066, 0.000178499,     0.84222,  0.00070619,106010952582722
105965223591873,2,    0.381569, 0.000347578,     0.76947,  0.00175908,106011685093964
105965223591873,2,    0.357889, 0.000401817,    0.700393,  0.00147126,106012377256188
105965223591873,2,    0.338877, -0.00304242,    0.632828,-0.000189416,106013069917784
105965223591873,2,    0.310519, -0.00306783,    0.579531, -0.00139839,106013758440072
105965223591873,2,    0.294643, -0.00113754,    0.525335,-1.32728e-05,106014485442832
105965223591873,2,    0.269068, -0.00192943,    0.472467,-0.000412308,106015249753162
105965223591873,2,     0.25496, -0.00234148,    0.423951, -0.00162638,106015999255010
105965223591873,2,    0.234579, -0.00158489,    0.374795,-0.000907624,106016763956327
105965223591873,2,    0.219206, 0.000327258,    0.339568, 0.000474402,106017442502600
105965223591873,2,    0.198069,  0.00247626,    0.292474,  0.00112229,106018204519255
105965223591873,2,    0.183297,  0.00266983,    0.261219,  0.00120696,106018986297145
105965223591873,2,    0.166875,  0.00210913,     0.22741,  0.00248856,106019652225974
105965223591873,2,    0.149966,  0.00177755,    0.194528,  0.00296533,106020459638658
105965223591873,2,    0.131627,  0.00104482,    0.163907,  0.00175807,106021396804960
105965223591873,2,     0.11947, 0.000266498,    0.144853,  0.00083603,106022185895751
105965223591873,2,    0.111172,  0.00427338,    0.126244,-0.000102289,106023006255145
105965223591873,2,   0.0962379, 0.000302826,    0.109931,   -0.001576,106023771449007
105965223591873,2,   0.0796584, -0.00141075,   0.0784255,-0.000601187,106024499024391
105965223591873,2,   0.0709768, -0.00108996,   0.0715907,-0.000920279,106025248367008
105965223591873,2,   0.0585433, -0.00118495,   0.0509778,-0.000597522,106025939394132
105965223591873,2,   0.0455212,-0.000582128,   0.0363328,-0.000676425,106026682865940
105965223591873,2,     0.03495,-0.000308779,   0.0259436, -0.00200116,106027401110283
105965223591873,2,   0.0239341,  0.00010183,   0.0167525, -0.00347933,106028160023226
105965223591873,2,   0.0153122, 9.25671e-05,   0.0110152, -0.00312573,106028899186980
105965223591873,2,  0.00747366, 4.36605e-05,  0.00698371, -0.00369439,106029579146933
105965223591873,2,  0.00151531, 3.19572e-06,  0.00528013,  -0.0029913,106030237347559
105965223591873,2,           0,  -0.0344258,  0.00453706, -0.00191864,106030955149595
105965223591873,2,           0,  -0.0674203,  0.00427475, -0.00225942,106031710122899
105965223591873,2,           0,  -0.0590549,  0.00350558, -0.00152325,106032392584557
105965223591873,2,           0,  -0.0425475,  0.00349347, -0.00328201,106033091562623
105965223591873,2,           0,  -0.0223365,  0.00478647, -0.00371878,106033854301760
105965223591873,2,           0,  -0.0108549,  0.00367509, -0.00282574,106034497827789
106035021692860,2,           0,           0,    -3.00613,   -0.105972,106035177794831
106035021692860,2,           0,           0,    -3.00613,   -0.105972,106035920003589
106035021692860,2,           0,           0,    -3.00613,   -0.105972,106036602602066
106035021692860,2,           0,   -0.120349,     -3.0053,   -0.131493,106037310205842
106035021692860,2,           0,   -0.376533,    -3.00655,   -0.110433,106037999882074
106035021692860,2,           0,   -0.603784,    -2.98747,   -0.326976,106038711909447
106035021692860,2,           0,   -0.797612,    -2.94589,   -0.584511,106039444537630
106035021692860,2,           0,   -0.953738,    -2.87345,   -0.850054,106040195060169
106035021692860,2,           0,    -1.06439,    -2.69069,    -1.30813,106040959717473
106035021692860,2,           0,    -1.11944,    -2.58397,    -1.58516,106041787677550
106035021692860,2,           0,    -1.07645,    -1.98551,    -2.28327,106042521539967
106035021692860,2,           0,    -1.03958,    -1.61954,    -2.55273,106043244833943
106035021692860,2,           0,    -1.00774,    -1.16146,    -2.79144,106043899412382
106035021692860,2,           0,   -0.947505,   -0.448619,    -2.98893,106044711608116
106035021692860,2,           0,   -0.915407,  -0.0870312,    -3.02328,106045424608150
106035021692860,2,           0,   -0.873331,    0.344654,    -3.00363,106046075913133
106035021692860,2,           0,   -0.831094,    0.737511,    -2.93327,106046806269479
106035021692860,2,           0,    -0.77067,     1.06711,    -2.82856,106047518186054
106035021692860,2,           0,   -0.714214,     1.60424,    -2.55975,106048248953761
106035021692860,2,           0,   -0.659272,      1.8627,    -2.37453,106048940896876
106035021692860,2,           0,    -0.59523,     2.20528,    -2.05733,106049654644488
106035021692860,2,           0,   -0.562261,     2.33485,    -1.89786,106050408229085
106035021692860,2,           0,   -0.482802,     2.49657,    -1.66422,106051099657485
106035021692860,2,           0,   -0.434892,     2.73338,    -1.31674,106051912094545
106035021692860,2,           0,   -0.391885,     2.81585,    -1.11407,106052640551356
106035021692860,2,           0,   -0.341449,     2.88777,   -0.886968,106053334388100
106035021692860,2,           0,    -0.31404,     2.91713,    -0.76846,106054024868018
106035021692860,2,           0,   -0.258655,      2.9644,    -0.54335,106054834158623
106035021692860,2,           0,   -0.231437,     2.97864,   -0.433886,106055606074196
106035021692860,2,           0,   -0.197004,     2.98914,   -0.340874,106056337595845
106035021692860,2,           0,   -0.150324,     3.00647,   -0.168501,106057127820562
106035021692860,2,           0,   -0.132884,     3.01059,   -0.116821,106057977975991
106035021692860,2,           0,  -0.0879302,     3.01403, -0.00742598,106058689718254
106035021692860,2,           0,  -0.0583378,     3.00906,   0.0539806,106059400985014
106035021692860,2,           0,  -0.0419345,      3.0063,   0.0855092,106060154875375
106035021692860,2,           0,  -0.0227558,     3.00269,    0.113938,106060925270094
106035021692860,2,           0,  -0.0114771,     3.04053,     0.12568,106061734687735
106035021692860,2,           0, -0.00185049,     3.03717,    0.137539,106062388971062
106035021692860,2,           0, -0.00253639,     3.03189,    0.140452,106063201080778
106035021692860,2,   0.0949937,   0.0337091,     3.02261,    0.138201,106063971210753
106035021692860,2,    0.279707,   0.0992556,     3.01077,    0.127795,106064776502037
106035021692860,2,    0.438877,    0.155738,     3.02094,   0.0877084,106065528665010
106035021692860,2,    0.593952,    0.203168,     3.02424,   0.0852214,106066312655347
106035021692860,2,    0.725979,    0.174304,     3.02893,  0.00844708,106067039734454
106035021692860,2,    0.847008,   0.0845353,     3.00844,   -0.122387,106067766389517
106035021692860,2,    0.965558,   0.0291749,     3.01698,   -0.156035,106068551621871
106035021692860,2,      1.0613, -0.00971695,     2.99069,    -0.20307,106069259223600
106035021692860,2,     1.14648,   -0.052373,     3.00393,   -0.225211,106069967121598
106035021692860,2,     1.21732,   -0.069835,     3.01505,   -0.224145,106070631071036
106035021692860,2,      1.2794,  -0.0787358,      3.0134,    -0.21087,106071378255113
106035021692860,2,     1.31249,  -0.0733244,     3.01134,   -0.184231,106072126577181
106035021692860,2,      1.3246,  -0.0779932,      3.0197,   -0.172978,106072896402326
106035021692860,2,      1.3103,   -0.069302,     3.01497,   -0.145705,106073681144530
106035021692860,2,     1.29307,  -0.0517987,     3.01094,   -0.107621,106074348972373
106035021692860,2,     1.27701,  -0.0386329,     3.00665,  -0.0878402,106075119436561
106035021692860,2,     1.26221,  -0.0321182,     3.01518,  -0.0763718,106075847375168
106035021692860,2,     1.23934,  -0.0291156,     3.01568,  -0.0621866,106076598298023
106035021692860,2,     1.22165,  -0.0261232,       3.002,  -0.0513699,106077362877394
106035021692860,2,     1.21016,  -0.0154584,     3.01398,  -0.0408474,106078129049877
106035021692860,2,     1.18933, -0.00345994,      3.0185,  -0.0252815,106078836450693
106035021692860,2,     1.17134,  -0.0042596,     3.02159,  -0.0248632,106079561937390
106035021692860,2,     1.15078, -0.00681471,      3.0257,  -0.0260945,106080351735456
106035021692860,2,     1.13252, -0.00265097,     3.00583,  -0.0208788,106081065652425
106035021692860,2,     1.11179, -0.00417464,     3.00566,  -0.0209725,106081795151365
106035021692860,2,     1.09006, -0.00911868,     3.00794,  -0.0263992,106082557556765
106035021692860,2,     1.07199, -0.00479996,     3.02691,  -0.0214634,106083283338869
106035021692860,2,     1.03738, -0.00683243,     2.99424,  -0.0223011,106083951033432
106035021692860,2,     1.01849, 0.000330833,     3.00607,  -0.0175865,106084678143537
106035021692860,2,     1.00077,  0.00439951,     2.99295,  -0.0101854,106085459420324
106035021692860,2,    0.980993, -0.00113803,     3.02018,  -0.0160193,106086143738302
106035021692860,2,    0.956552, -0.00213956,     3.00485,  -0.0172139,106086947032327
106035021692860,2,    0.937021, -0.00425634,      3.0065,  -0.0131001,106087789758364
106035021692860,2,    0.914408, -0.00932583,      3.0365,   -0.018135,106088614853673
106035021692860,2,    0.900005, -0.00736633,      3.0221,  -0.0144765,106089355413137
106035021692860,2,    0.881336, -0.00497689,     3.03612, -0.00856668,106090180569409
106035021692860,2,    0.866791, -0.00206246,     3.01361, -0.00541095,106090888300518
106035021692860,2,    0.846048, -0.00106766,     2.99702,  -0.0036792,106091614719104
106035021692860,2,    0.829945, -0.00279021,     3.02645, -0.00211675,106092316667304
106035021692860,2,    0.813522, -0.00184579,     3.03336, -0.00387547,106092984872482
106035021692860,2,    0.797641,  0.00609083,     2.97933,   0.0017937,106093790136975
106035021692860,2,    0.780325,  0.00529343,     2.81732, 0.000406519,106094495539131
106035021692860,2,    0.761856,  0.00462905,     2.69826,  0.00131138,106095279190265
106035021692860,2,    0.746272,  0.00177896,     2.57896, -0.00288001,106096062543949
106035021692860,2,    0.735561,-0.000147977,     2.45186,  -0.0041187,106096807356047
106035021692860,2,    0.722677, -0.00295934,     2.33145, -0.00690237,106097690039113
106035021692860,2,     0.71026, -0.00268176,     2.21005, -0.00515859,106098435413027
106035021692860,2,    0.700006, -0.00218729,     2.09802, -0.00533628,106099495859809
106035021692860,2,    0.681713,  0.00205961,     1.90648,  -0.0024644,106100318095102
106035021692860,2,    0.669199,  0.00365381,     1.79096,  -0.0011741,106101119414643
106035021692860,2,    0.664861,-0.000208549,     1.70508, -0.00357284,106101903867878
106035021692860,2,    0.651001,  -0.0010541,     1.61753,  -0.0028809,106102667594396
106035021692860,2,    0.648972, -0.00251406,     1.50431, -0.00369551,106103337149114
106035021692860,2,    0.636591, 9.57906e-05,     1.39388, 4.12309e-05,106104060590022
106035021692860,2,    0.630857,  0.00238801,     1.28942,  0.00058577,106104866773078
106035021692860,2,     0.62569,  0.00292866,     1.23273,  0.00206818,106105650776044
106035021692860,2,    0.617324,-9.37706e-05,     1.08912, 0.000150898,106106425243313
106035021692860,2,     0.60587, -0.00274676,    0.982019,-0.000647527,106107241525493
106035021692860,2,    0.606229,  -0.0011525,    0.895275,  0.00113541,106107984867833
106035021692860,2,    0.654816,  0.00410171,    0.820855,  0.00137439,106108766237195
106035021692860,2,    0.694137,   0.0101626,    0.641512,  0.00385012,106109522458528
106035021692860,2,    0.734924,   0.0149659,    0.530973,  0.00405187,106110360667122
106035021692860,2,    0.750602,   0.0113895,    0.504963,  0.00165648,106111081801487
106035021692860,2,    0.714775,  0.00914291,    0.322045,  0.00163795,106111826066418
106035021692860,2,    0.703351,   0.0146832,    0.215455,  0.00493531,106112607512573
106035021692860,2,    0.664983,   0.0137217,   0.0959066,  0.00635821,106113288812175
106035021692860,2,    0.638516,  0.00838982,     2.99436, -0.00482688,106114050273823
106035021692860,2,    0.628811,  0.00743257,     3.00477,  -0.0132519,106114855167730
106035021692860,2,    0.591441,  0.00349907,     3.02122,  -0.0181561,106115607629128
106035021692860,2,    0.556433,-0.000323586,     3.02757,  -0.0253673,106116352389099
106035021692860,2,    0.486024, -0.00492061,     3.00756,  -0.0309914,106117178372828
106035021692860,2,    0.506241,  -0.0127447,     3.00673,  -0.0280462,106117931842773
106035021692860,2,    0.513832,  -0.0158372,      3.0365,  -0.0249127,106118719388425
106035021692860,2,    0.509133,  -0.0387016,     3.02027,   -0.020332,106119490221437
106035021692860,2,    0.492138,  -0.0152065,     3.00346, -0.00463157,106120256253324
106035021692860,2,    0.451442,  -0.0480988,     3.01069,   0.0124323,106121101806483
106035021692860,2,    0.442041,  -0.0977122,     2.99382,   0.0485458,106121793846563
106035021692860,2,    0.420119,   -0.146214,     2.98854,    0.105366,106122522269478
106035021692860,2,    0.387814,   -0.172349,     3.00551,    0.192591,106123295359051
106035021692860,2,    0.363456,   -0.173253,     3.01457,    0.264262,106124083573838
106035021692860,2,    0.337787,   -0.163173,     2.99742,    0.393475,106124792833463
106035021692860,2,    0.320468,   -0.143432,     2.97826,    0.456113,106125462409854
106035021692860,2,        0.29,   -0.109443,     2.96964,    0.550843,106126133968690
106035021692860,2,    0.275136,  -0.0808806,     2.93039,    0.657528,106126884946827
106035021692860,2,    0.275136,  -0.0602641,      2.9285,    0.718092,106127638254751
106035021692860,2,    0.275136,  -0.0400903,      2.9178,    0.753537,106128330065284
106035021692860,2,    0.343345,  -0.0346188,     2.92412,    0.794816,106129023831768
106035021692860,2,    0.430817,  -0.0503381,     2.89582,    0.818229,106129794057309
106035021692860,2,    0.503503,  -0.0716745,     2.89204,    0.855221,106130545884560
106035021692860,2,    0.559714,  -0.0950314,     2.86172,    0.899722,106131238508819
106035021692860,2,    0.605482,    -0.10457,     2.85559,     0.94449,106131912826044
106035021692860,2,    0.641786,   -0.107442,     2.82569,     1.03323,106132645335143
106035021692860,2,    0.663587,  -0.0965631,     2.79823,     1.12491,106133396197741
106035021692860,2,    0.662898,  -0.0860531,     2.78988,     1.19007,106134205763423
106035021692860,2,    0.654007,  -0.0703722,     2.73432,     1.27302,106134989654808
106035021692860,2,    0.598043,  -0.0519091,     2.71252,     1.32655,106135680796651
106035021692860,2,    0.596659,  -0.0222744,      2.6856,     1.39976,106136428694745
106035021692860,2,    0.561607,  0.00982182,     2.67478,     1.45061,106137157935460
106035021692860,2,    0.444607,   0.0152293,     2.65878,     1.49781,106137926648309
106035021692860,2,    0.408046,   0.0388891,     2.62427,     1.51666,106138714983065
106035021692860,2,    0.392852,   0.0669666,     2.64285,     1.53443,106139484456328
106035021692860,2,    0.402291,    0.116333,     2.64801,     1.51257,106140447357232
106035021692860,2,     0.43111,    0.176958,     2.65829,      1.5063,106141274700394
106035021692860,2,    0.456303,    0.221279,     2.72883,     1.42167,106142179418792
106035021692860,2,     0.46853,    0.258732,     2.75151,     1.37003,106143179884711
106035021692860,2,    0.465842,    0.259995,     2.80028,     1.28534,106143906576307
106035021692860,2,    0.462709,    0.265519,     2.84594,     1.17549,106144574702273
106035021692860,2,     0.45964,     0.29145,     2.87642,     1.06138,106145341534457
106035021692860,2,    0.458328,    0.289608,      2.9315,      0.9776,106146048312854
106035021692860,2,     0.45867,    0.322838,     2.97175,    0.846565,106146836838069
106035021692860,2,    0.456872,    0.325565,     3.01286,    0.620791,106147719976170
106035021692860,2,    0.456208,    0.281645,     3.06072,    0.443233,106148407579587
106035021692860,2,    0.455508,    0.227871,     3.06922,     0.21731,106149155197649
106035021692860,2,    0.452785,     0.21442,      3.0799,    0.082092,106150001270161
106035021692860,2,    0.454036,    0.173845,     3.08137,  -0.0141697,106150688832475
106035021692860,2,     0.46277,    0.122823,     3.08967,   -0.175337,106151416784080
106035021692860,2,    0.479985,    0.081931,     3.07453,   -0.280644,106152105963886
106035021692860,2,    0.504367,   0.0282623,     3.05662,   -0.366288,106152799050515
106035021692860,2,    0.534121,   0.0134953,     3.02815,     -0.4321,106153565925983
106035021692860,2,     0.58998,  0.00447317,      3.0369,   -0.451285,106154414330834
106035021692860,2,    0.664244,  0.00496606,     3.03039,   -0.497863,106155183346650
106035021692860,2,    0.765037,  0.00634689,     3.00226,   -0.530375,106155968779221
106035021692860,2,    0.853218,   0.0101088,     2.98317,   -0.578793,106156776896137
106035021692860,2,    0.922481,   0.0156647,     2.99132,   -0.599038,106157543079186
106035021692860,2,    0.975912,   0.0125042,      2.9684,   -0.663794,106158311828510
106035021692860,2,     1.00832,  0.00808957,     2.92088,   -0.732486,106159020164910
106035021692860,2,      1.0199,   0.0120852,     2.93964,   -0.778491,106159770259911
106035021692860,2,    0.989728,  0.00466903,     2.87809,   -0.845151,106160541366431
106035021692860,2,    0.965176,  0.00557397,     2.89039,   -0.909999,106161289383626
106035021692860,2,    0.938883,  0.00283222,     2.85972,   -0.961476,106161996041833
106035021692860,2,    0.911784, -0.00387753,     2.83564,    -1.02572,106162760681665
106035021692860,2,    0.893313, -0.00025668,     2.84901,     -1.0441,106163430369375
106035021692860,2,    0.870075,-0.000617791,       2.779,    -1.08615,106164121627422
106035021692860,2,    0.844563,-0.000840037,      2.6091,    -1.08148,106164852107528
106035021692860,2,    0.809339,  -0.0095665,     2.48037,    -1.08463,106165562266387
106035021692860,2,    0.788768,  -0.0131837,     2.35169,    -1.07982,106166310828482
106035021692860,2,    0.769629,   -0.015845,     2.26163,     -1.0764,106167020373708
106035021692860,2,    0.726185,  -0.0212237,     2.13083,    -1.07349,106167712423096
106035021692860,2,    0.710951,   -0.020229,     2.00635,    -1.06821,106168498065703
106035021692860,2,    0.677256,  -0.0116401,     1.84707,    -1.05668,106169136618425
106035021692860,2,    0.647539, 0.000986681,     1.72194,    -1.05407,106169895481772
106035021692860,2,    0.619843,   0.0201693,     1.62452,     -1.0525,106170574121565
106035021692860,2,    0.590533,   0.0272224,     1.51005,    -1.05548,106171350466893
106035021692860,2,    0.561364,   0.0267535,     1.39403,     -1.0626,106172143859917
106035021692860,2,    0.532447,   0.0237429,     1.30486,    -1.06879,106172864017979
106035021692860,2,     0.50794,   0.0164869,      1.2134,    -1.07686,106173622668499
106035021692860,2,    0.475422,   0.0132139,     1.11198,    -1.08191,106174417047303
106035021692860,2,    0.446324,     0.01182,      1.0215,    -1.08349,106175133227393
106035021692860,2,    0.425443,   0.0100229,     0.95626,    -1.08487,106175892056364
106035021692860,2,    0.390259,   0.0105779,     0.86112,    -1.08522,106176574153462
106035021692860,2,    0.367975,  0.00822336,    0.797192,    -1.08655,106177274934340
106035021692860,2,    0.344884,  0.00720755,    0.754793,    -1.08611,106178071768613
106035021692860,2,    0.322463,  0.00565184,    0.673009,    -1.08764,106178731120300
106035021692860,2,    0.297107,  0.00811233,    0.606471,    -1.08751,106179470985369
106035021692860,2,    0.269969,   0.0105967,    0.550402,    -1.08935,106180309485454
106035021692860,2,    0.252714,   0.0163865,    0.505623,    -1.08986,106181009119195
106035021692860,2,    0.232773,   0.0226787,    0.453254,    -1.09234,106181771113620
106035021692860,2,    0.219494,   0.0268559,    0.426332,    -1.09531,106182430503459
106035021692860,2,    0.199703,   0.0373132,    0.383153,    -1.09774,106183188297335
106035021692860,2,    0.181158,   0.0482789,    0.321306,    -1.10086,106183947392821
106035021692860,2,    0.165195,   0.0464341,    0.279198,    -1.10286,106184629719205
106035021692860,2,    0.149044,   0.0446845,    0.241118,    -1.10603,106185407920387
106035021692860,2,    0.132217,   0.0375654,    0.206288,    -1.10905,106186201436447
106035021692860,2,    0.120287,   0.0351187,    0.181877,    -1.10916,106186959199359
106035021692860,2,    0.108729,   0.0254017,    0.144875,    -1.11102,106187740221111
106035021692860,2,   0.0944439,   0.0194679,     0.12148,    -1.11119,106188462701272
106035021692860,2,   0.0856976,   0.0164425,    0.100988,    -1.11198,106189239444196
106035021692860,2,   0.0703596,    0.012492,    0.073789,    -1.11238,106189980948356
106035021692860,2,   0.0617447,  0.00942643,   0.0600148,    -1.11216,106190663306621
106035021692860,2,   0.0498028,  0.00815151,   0.0434866,     -1.1131,106191389063312
106035021692860,2,   0.0422905,  0.00722209,   0.0356597,    -1.11326,106192186301052
106035021692860,2,   0.0318135,   0.0047282,   0.0230812,    -1.11395,106192906704733
106035021692860,2,   0.0271178,  0.00405726,   0.0179023,    -1.11202,106193743975617
106035021692860,2,   0.0205986,  0.00304577,   0.0118802,    -1.11099,106194408978276
106035021692860,2,    0.107458,   0.0395738,     3.28873,    -0.54602,106195193396621
106035021692860,2,     0.23165,   0.0796702,     3.30907,   -0.573226,106195906841588
106035021692860,2,    0.319203,    0.106907,     3.28419,   -0.596858,106196662271963
106035021692860,2,    0.394575,   0.0854331,     3.28079,   -0.652519,106197391933297
106035021692860,2,    0.480793,   0.0726915,     3.28673,   -0.662506,106198192440468
106035021692860,2,    0.567492,   0.0248707,     3.27739,   -0.731608,106198997779644
106035021692860,2,    0.632717,   0.0107841,     3.25987,   -0.756413,106199701434942
106035021692860,2,    0.664888,  0.00046845,      3.2512,   -0.775392,106200446153564
106035021692860,2,    0.772485,  -0.0091149,       3.236,   -0.805435,106201266809454
106035021692860,2,    0.876711,  -0.0160121,     3.21745,   -0.814463,106202068990686
106035021692860,2,    0.964811,  -0.0226675,     3.21459,    -0.82913,106202814217339
106035021692860,2,     1.05012,  -0.0180489,     3.18803,   -0.853819,106203578062886
106035021692860,2,     1.11624,   -0.014435,     3.18174,   -0.855623,106204279061539
106035021692860,2,     1.17618,  -0.0143261,     3.17612,   -0.871888,106205054807176
106035021692860,2,     1.21895,   -0.018942,     3.15879,   -0.891612,106205836068673
106035021692860,2,      1.2432,  -0.0202026,     3.11296,   -0.899129,106206601424001
106035021692860,2,     1.21818,  -0.0282202,     3.07269,   -0.896833,106207342074897
106035021692860,2,     1.19295,  -0.0223105,      3.0725,   -0.884146,106208148382386
106035021692860,2,     1.17509,  -0.0192239,     3.03071,   -0.861702,106208830538413
106035021692860,2,     1.17552,  -0.0177151,     3.03061,   -0.833001,106209520909890
106035021692860,2,     1.16098,  -0.0154117,     3.01827,   -0.797059,106210293603786
106035021692860,2,     1.12769, -0.00410444,      2.9879,   -0.746765,106210986246135
106035021692860,2,      1.0805,   0.0114047,     2.97285,   -0.685052,106211678777061
106035021692860,2,     1.00935,   0.0320132,     2.96237,   -0.598655,106212391563624
106035021692860,2,    0.950797,    0.052301,     2.93861,   -0.521689,106213083177358
106035021692860,2,    0.895127,   0.0806962,     2.90125,    -0.44539,106213832415773
106035021692860,2,    0.861776,   0.0920365,      2.8881,   -0.398892,106214504877302
106035021692860,2,    0.805013,     0.10635,     2.85597,   -0.328597,106215190767244
106035021692860,2,    0.769278,    0.111851,     2.84278,    -0.24874,106215939888754
106035021692860,2,    0.742008,    0.110565,     2.80558,   -0.231659,106216709477702
106035021692860,2,    0.715659,    0.103499,     2.78931,   -0.199632,106217439728970
106035021692860,2,    0.692358,    0.106551,     2.77126,   -0.174727,106218212065624
106035021692860,2,    0.677152,   0.0953654,     2.71423,   -0.160852,106219041031130
106035021692860,2,    0.700016,   0.0921211,     2.69138,   -0.119344,106219987120080
106035021692860,2,    0.720518,   0.0783572,     2.67989,  -0.0985016,106220834986226
106035021692860,2,    0.753744,   0.0582564,     2.63046,  -0.0638001,106221582310313
106035021692860,2,    0.800264,   0.0604739,     2.64875, -0.00454789,106222371193284
106035021692860,2,    0.816535,   0.0418662,     2.54602,   0.0284076,106223193399626
106035021692860,2,    0.795883,   0.0354336,     2.43493,   0.0158724,106223976576962
106035021692860,2,    0.774293,   0.0207684,     2.32277,  -0.0022591,106224697590264
106035021692860,2,    0.750486,   0.0146639,     2.20092, -0.00974348,106225423770186
106035021692860,2,    0.724865,  0.00680381,     2.07529,  -0.0160279,106226225390387
106035021692860,2,    0.700663, 0.000392229,     1.99692,  -0.0185357,106226924981751
106035021692860,2,    0.658733, -0.00840077,     1.76936,  -0.0201011,106227806088827
106035021692860,2,    0.650484,   -0.011218,      1.7553,  -0.0218773,106228647778055
106035021692860,2,    0.626282, -0.00967288,      1.6315,   -0.016378,106229417235127
106035021692860,2,    0.601526,  -0.0319772,     1.53134,  -0.0294978,106230321886431
106035021692860,2,    0.571427, -0.00857647,     1.41221, -0.00843002,106231070873360
106035021692860,2,    0.548118, -0.00667498,     1.32549, -0.00512175,106231838619997
106035021692860,2,    0.521103, -0.00256428,     1.22509, -0.00143634,106232484351102
106035021692860,2,    0.495741, -0.00166916,      1.1252,  0.00114713,106233203484522
106035021692860,2,    0.466616,-0.000164835,     1.03811,  0.00155085,106233982145456
106035021692860,2,    0.433819, -0.00628931,    0.954838, -0.00101959,106234781210386
106035021692860,2,    0.423338, -0.00596945,    0.916594, 0.000151264,106235465202822
106035021692860,2,    0.397916, -0.00626552,    0.818748,  0.00188593,106236168760484
106035021692860,2,       0.373, -0.00631447,    0.746075,  0.00222339,106236909265216
106035021692860,2,    0.351102, -0.00365534,    0.701831,  0.00347171,106237707450335
106035021692860,2,    0.329711, -0.00361039,    0.624063,  0.00404272,106238467014967
106035021692860,2,    0.307447, -0.00268916,    0.558944,   0.0049172,106239225939260
106035021692860,2,    0.279873,  -0.0024743,    0.481273,  0.00494547,106239927161382
106035021692860,2,     0.26609,  0.00305466,     0.47201,  0.00702026,106240645972364
106035021692860,2,    0.249674,  0.00255984,    0.411057,  0.00716354,106241460227654
106035021692860,2,    0.228368, 0.000393329,    0.359754,  0.00737917,106242166323272
106035021692860,2,    0.209962,-0.000222712,    0.316761,  0.00710338,106242946454146
106035021692860,2,     0.19337,   -0.001956,    0.284787,  0.00695327,106243729976883
106035021692860,2,    0.175164, -0.00341533,    0.244077,  0.00659992,106244514325724
106035021692860,2,    0.164012,   -0.003028,    0.218714,   0.0065304,106245203435348
106035021692860,2,    0.148215, -0.00309847,    0.191571,  0.00608113,106245892636021
106035021692860,2,    0.134684, -0.00258592,    0.165994,  0.00677193,106246544742134
106035021692860,2,    0.117912, -0.00258038,    0.137455,  0.00560763,106247290453043
106035021692860,2,    0.109215, -0.00256578,    0.126147,  0.00524514,106247961451695
106035021692860,2,   0.0931102, -0.00164936,   0.0977935,  0.00371207,106248676613238
106035021692860,2,    0.080257, -0.00141444,   0.0791341,  0.00419773,106249438016276
106035021692860,2,   0.0685569, -0.00145875,   0.0633168,  0.00490184,106250199162598
106035021692860,2,   0.0565697,-0.000150654,   0.0485651,  0.00462452,106250900397670
106035021692860,2,   0.0496162, -0.00098431,    0.040679,  0.00466029,106251656519464
106035021692860,2,   0.0395044, -0.00013599,   0.0302002,  0.00391103,106252451730546
106035021692860,2,   0.0273389, 0.000222189,    0.019246,  0.00411403,106253249494045
106035021692860,2,   0.0212996, 0.000272877,   0.0147561,  0.00467452,106254011014669
106035021692860,2,   0.0170399, 0.000205743,   0.0118411,   0.0044647,106254746992670
106035021692860,2,  0.00901999,  0.00012577,  0.00754221,   0.0054626,106255505284953
106035021692860,2,           0,   0.0107801,  0.00406278,  0.00589099,106256236970488
106035021692860,2,           0,    0.202304,  0.00378344,  0.00645967,106257007229757
106035021692860,2,           0,    0.334235,  0.00533635,  0.00647262,106257704194921
106035021692860,2,           0,    0.434046,  0.00579269,  0.00648034,106258500548679
106035021692860,2,           0,    0.457568,  0.00511489,  0.00259442,106259274326489
106035021692860,2,           0,    0.407936,  0.00608671, -0.00137422,106260009661821
106035021692860,2,           0,     0.36577,  0.00452683, -0.00406989,106260846299020
106035021692860,2,           0,     0.32691,  0.00396569, -0.00445776,106261872594710
106035021692860,2,           0,    0.309415, -0.00491233,  0.00113559,106262515518987
106035021692860,2,           0,    0.261351,  -0.0050948,    0.003132,106263232349039
106035021692860,2,           0,     0.19616, -0.00916617,  0.00501264,106263953627825
106035021692860,2,           0,    0.164091,  -0.0133271,  0.00535626,106264772817141
106035021692860,2,           0,    0.119975,   -0.014147,  0.00513396,106265558087002
106035021692860,2,           0,   0.0815212,  -0.0139955,  0.00764968,106266362833167
106035021692860,2,           0,   0.0518172,  -0.0185803,   0.0107819,106267025849182
106035021692860,2,           0,   0.0145157,   -0.020908,    0.012594,106267773308241
106268123246180,2,           0,           0,     2.13506,     2.11139,106268513494756
106268123246180,2,           0,           0,     2.13506,     2.11139,106269292200729
106268123246180,2,           0,           0,     2.13506,     2.11139,106270092005889
106268123246180,2,           0,     0.14973,     2.14686,     2.09688,106270842887658
106268123246180,2,           0,    0.258326,     2.19645,     2.04692,106271572766124
106268123246180,2,           0,    0.323644,      2.2451,     1.99157,106272338762396
106268123246180,2,           0,    0.301507,     2.32221,     1.94956,106273127917029
106268123246180,2,           0,    0.272456,     2.38026,     1.87528,106273856842959
106268123246180,2,           0,    0.240784,      2.4722,     1.74281,106274569094510
106268123246180,2,           0,    0.196508,      2.5686,     1.59446,106275259751564
106268123246180,2,           0,    0.157316,     2.62398,     1.49236,106276089057328
106268123246180,2,           0,    0.114007,     2.66919,     1.40243,106276857633886
106268123246180,2,           0,    0.082268,     2.69743,     1.34416,106277565187715
106268123246180,2,           0,   0.0484445,     2.72018,     1.29316,106278314498900
106268123246180,2,           0,   0.0246421,     2.73166,     1.26536,106279104291613
106268123246180,2,           0,           0,     2.73799,     1.24599,106279931318111
106268123246180,2,    0.114664,   0.0459396,     2.73593,     1.22899,106280700608962
106268123246180,2,     0.20336,   0.0754113,     2.76474,     1.27027,106281486881684
106268123246180,2,    0.276564,   0.0765127,      2.7557,     1.25174,106282320766577
106268123246180,2,    0.333778,   0.0692957,     2.74658,     1.25958,106283145123779
106268123246180,2,    0.370296,   0.0566739,       2.745,     1.27816,106283855250244
106268123246180,2,    0.394977,   0.0392306,     2.72766,      1.3047,106284679757823
106268123246180,2,    0.382964,    0.026222,     2.71624,     1.31941,106285408046970
106268123246180,2,    0.371699,   0.0203423,     2.70348,     1.37513,106286253127458
106268123246180,2,    0.372546,   0.0213026,     2.67019,     1.39668,106287000693364
106268123246180,2,    0.368029,    0.025611,     2.63978,     1.44318,106287770809082
106268123246180,2,    0.361044,   0.0328018,     2.63481,     1.47112,106288517812474
106268123246180,2,    0.360211,   0.0341418,     2.60335,     1.49436,106289149816972
106268123246180,2,    0.356282,   0.0459133,     2.58761,     1.53486,106289898050969
106268123246180,2,    0.348489,   0.0481633,     2.54928,     1.56184,106290666800807
106268123246180,2,    0.352985,   0.0575171,     2.55142,     1.59239,106291393889910
106268123246180,2,    0.349361,   0.0486132,     2.52722,     1.61357,106292165422240
106268123246180,2,     0.35003,   0.0628348,     2.50025,     1.62191,106292893439339
106268123246180,2,    0.352204,   0.0702248,     2.50073,     1.64666,106293659605485
106268123246180,2,    0.354756,   0.0828691,     2.49553,     1.65068,106294410720154
106268123246180,2,    0.355275,   0.0902418,     2.48643,     1.66124,106295134290233
106268123246180,2,    0.354054,    0.086428,     2.47997,     1.65219,106295824892901
106268123246180,2,     0.35633,   0.0936316,     2.48239,     1.66314,106296474064710
106268123246180,2,    0.357867,    0.108247,     2.46987,     1.64658,106297167326558
106268123246180,2,    0.355733,    0.114823,     2.49382,     1.66521,106297836436603
106268123246180,2,    0.356437,    0.128355,     2.48908,     1.64258,106298586315381
106268123246180,2,    0.362389,    0.145143,     2.50813,     1.63046,106299315755485
106268123246180,2,    0.359109,    0.155685,     2.50737,     1.57776,106300098441643
106268123246180,2,     0.36372,    0.164965,     2.52938,     1.56075,106300967816086
106268123246180,2,    0.361083,    0.154429,     2.55043,      1.5261,106301637258544
106268123246180,2,    0.337145,    0.143435,      2.5843,     1.49233,106302366083479
106268123246180,2,    0.338717,     0.15842,     2.59669,     1.44627,106303155652586
106268123246180,2,    0.332707,    0.162612,     2.62367,     1.41015,106303864733680
106268123246180,2,    0.323338,    0.159563,     2.64631,     1.35234,106304517678813
106268123246180,2,    0.317983,    0.172413,      2.6536,      1.3147,106305306892291
106268123246180,2,    0.310916,    0.162029,     2.67449,      1.2628,106305975239198
106268123246180,2,    0.283289,    0.144637,     2.71734,     1.21875,106306803527463
106268123246180,2,    0.262869,    0.143988,     2.75208,     1.13995,106307547954729
106268123246180,2,    0.238328,    0.125842,     2.75828,     1.07984,106308254820538
106268123246180,2,    0.222711,    0.122895,     2.78533,     1.04795,106308960878564
106268123246180,2,    0.213073,    0.113364,     2.81265,    0.994595,106309707808724
106268123246180,2,    0.213073,    0.111787,     2.81732,      0.9462,106310452545712
106268123246180,2,    0.216076,    0.105457,     2.83626,    0.876292,106311258367145
106268123246180,2,     0.27059,    0.124485,     2.85124,    0.854454,106312044993418
106268123246180,2,    0.311519,    0.128101,     2.88695,    0.783276,106312812679249
106268123246180,2,    0.337368,    0.120658,     2.87301,    0.754991,106313499350810
106268123246180,2,    0.353661,    0.124019,     2.90473,    0.705135,106314249075817
106268123246180,2,    0.351648,    0.110735,     2.91723,    0.658369,106315015317994
106268123246180,2,    0.351147,    0.106396,      2.9166,      0.6209,106315762216571
106268123246180,2,    0.357463,    0.106725,     2.94839,    0.574803,106316488760154
106268123246180,2,    0.348714,   0.0904659,     2.95127,    0.501037,106317253671777
106268123246180,2,    0.362436,   0.0986433,     2.95056,    0.451296,106317999187528
106268123246180,2,    0.363108,    0.105767,     2.98617,    0.428642,106318785902579
106268123246180,2,    0.362025,    0.104088,     2.99882,    0.364382,106319512072075
106268123246180,2,     0.37464,   0.0999834,     2.99876,    0.303299,106320260018947
106268123246180,2,    0.366941,   0.0938329,     3.00856,    0.254179,106321046438593
106268123246180,2,    0.377288,   0.0909403,     3.00279,    0.191766,106321830006454
106268123246180,2,    0.368612,   0.0763821,     3.01359,    0.150397,106322632708744
106268123246180,2,    0.396368,   0.0744943,     3.00747,    0.114889,106323378452311
106268123246180,2,    0.382029,   0.0592797,     3.01487,   0.0692051,106324123251037
106268123246180,2,    0.391942,   0.0608033,     3.02729,  0.00684394,106324906724147
106268123246180,2,    0.438086,   0.0594017,     3.01185,   -0.045179,106325707683649
106268123246180,2,    0.481927,   0.0563634,     3.03145,   -0.076748,106326470373667
106268123246180,2,    0.521687,    0.043081,      3.0159,   -0.119985,106327235862198
106268123246180,2,    0.588614,   0.0387277,     3.01904,   -0.155943,106327980681577
106268123246180,2,    0.659201,   0.0352374,     2.99391,    -0.19282,106328725867354
106268123246180,2,    0.731865,   0.0300386,     2.91105,   -0.207718,106329527852371
106268123246180,2,    0.727676,   0.0285159,     2.80189,   -0.222504,106330253027973
106268123246180,2,    0.613676,    0.015553,     2.65859,   -0.235546,106330997510718
106268123246180,2,    0.535514,  0.00362375,     2.56145,   -0.244863,106331741655862
106268123246180,2,    0.481607, -0.00672544,     2.45293,   -0.249241,106332563708781
106268123246180,2,    0.459682,  -0.0223628,     2.37198,   -0.247528,106333288336778
106268123246180,2,    0.460903,  -0.0328989,     2.29281,   -0.238342,106334068309696
106268123246180,2,     0.40285,  -0.0408893,     2.21845,   -0.230347,106334852497082
106268123246180,2,    0.427774,  -0.0459657,     2.17537,   -0.222225,106335604968511
106268123246180,2,    0.432373,   -0.043464,     2.07384,   -0.196096,106336397328095
106268123246180,2,    0.431173,  -0.0442605,     2.01068,   -0.183045,106337133790404
106268123246180,2,    0.428405,  -0.0422178,     1.92216,   -0.161388,106337886680957
106268123246180,2,    0.432172,  -0.0420977,     1.90979,   -0.153234,106338622416063
106268123246180,2,    0.416258,  -0.0419896,     1.79695,     -0.1339,106339455501159
106268123246180,2,    0.430927,  -0.0416772,     1.77214,   -0.127927,106340229316184
106268123246180,2,    0.440609,  -0.0415916,     1.67093,   -0.107859,106341043275963
106268123246180,2,    0.504943,  -0.0395021,      1.6115,  -0.0965172,106341855756288
106268123246180,2,     0.54416,   -0.037522,     1.52753,  -0.0833547,106343099188743
106268123246180,2,    0.570781,  -0.0464853,     1.49821,  -0.0826726,106343908653825
106268123246180,2,    0.561898,  -0.0446182,     1.36932,  -0.0687498,106344799853277
106268123246180,2,    0.526892,  -0.0326611,     1.24175,  -0.0489481,106345552580154
106268123246180,2,    0.507072,  -0.0354324,     1.22574,  -0.0482028,106346325919932
106268123246180,2,    0.488288,  -0.0469711,     1.10643,  -0.0372375,106347116462495
106268123246180,2,    0.451384,  -0.0403361,     1.05147,  -0.0338809,106347888283239
106268123246180,2,    0.437263,  -0.0425253,     0.96953,  -0.0248807,106348719614519
106268123246180,2,    0.407882,  0.00629224,    0.869218,  -0.0179586,106349528694449
106268123246180,2,    0.377375,   0.0819368,    0.794876,  -0.0206315,106350233879026
106268123246180,2,    0.364684,     0.13378,     0.73842,  -0.0266969,106351036070412
106268123246180,2,    0.336598,    0.152379,    0.678674,  -0.0389198,106351840766685
106268123246180,2,    0.326214,    0.138298,    0.618673,  -0.0554825,106352590292378
106268123246180,2,    0.299276,      0.1272,    0.554327,  -0.0722439,106353376043752
106268123246180,2,    0.280665,    0.114768,    0.504698,  -0.0841437,106354098508167
106268123246180,2,     0.26415,    0.103456,      0.4759,  -0.0927796,106354882058884
106268123246180,2,    0.241268,   0.0953681,    0.410487,   -0.104911,106355545916148
106268123246180,2,    0.222688,   0.0923616,    0.358397,   -0.113442,106356271802957
106268123246180,2,    0.204988,    0.081738,    0.317498,   -0.120681,106357015530028
106268123246180,2,    0.187698,   0.0750725,    0.278013,   -0.127007,106357878418842
106268123246180,2,    0.177448,   0.0684164,    0.241156,   -0.129558,106358703371251
106268123246180,2,    0.161099,     0.06143,    0.214649,   -0.130743,106359388996391
106268123246180,2,    0.140895,   0.0540921,    0.191311,   -0.132862,106360156026243
106268123246180,2,    0.127004,   0.0477377,    0.163097,   -0.134753,106360919339883
106268123246180,2,    0.113512,   0.0424754,    0.130644,   -0.135359,106361606422682
106268123246180,2,    0.100776,   0.0393614,    0.106772,   -0.136011,106362354045014
106268123246180,2,   0.0861702,   0.0330064,   0.0906722,   -0.137687,106363016229891
106268123246180,2,   0.0755733,   0.0280895,   0.0739914,   -0.139753,106363803177890
106268123246180,2,   0.0613596,   0.0225995,   0.0601526,   -0.142282,106364570146387
106268123246180,2,   0.0559345,   0.0205008,   0.0478596,   -0.143078,106365433317212
106268123246180,2,   0.0498028,   0.0179104,   0.0405554,   -0.141706,106366163782816
106268123246180,2,   0.0409865,   0.0147238,   0.0310626,   -0.141778,106366906284150
106268123246180,2,   0.0319865,  0.00831369,   0.0235092,    -0.14374,106367635319685
106268123246180,2,   0.0233134,  0.00447921,   0.0147641,   -0.144239,106368362927037
106268123246180,2,   0.0178501,  0.00251673,   0.0110899,   -0.144962,106369069276045
106268123246180,2,   0.0128424,  0.00164187,  0.00704443,   -0.147549,106369859157219
106268123246180,2,   0.0902911,   0.0324749,     2.99356,    0.429929,106370665905654
106268123246180,2,    0.165434,   0.0536006,     2.99436,    0.434787,106371439065644
106268123246180,2,    0.223651,   0.0552025,     2.96912,    0.412079,106372151680442
106268123246180,2,    0.283312,   0.0616737,     2.98481,    0.396303,106373061483412
106268123246180,2,    0.315631,   0.0542567,     2.99896,    0.383083,106373736305900
106268123246180,2,     0.34062,   0.0455418,      2.9989,    0.365176,106374450359859
106268123246180,2,    0.358655,   0.0390491,     2.98428,    0.341348,106375260193596
106268123246180,2,    0.366815,   0.0430761,     3.01419,    0.331278,106376093253228
106268123246180,2,    0.364988,   0.0478399,     2.99243,    0.317161,106376827208920
106268123246180,2,    0.366546,   0.0412188,     3.01252,    0.302948,106377538475394
106268123246180,2,    0.375516,   0.0383901,     3.00562,    0.285014,106378230476585
106268123246180,2,     0.38248,   0.0435624,     3.00942,    0.276269,106378923421378
106268123246180,2,    0.385168,   0.0416159,     2.98963,     0.25525,106379697011131
106268123246180,2,    0.392212,   0.0460518,     2.99297,    0.244686,106380561322915
106268123246180,2,    0.397214,   0.0421782,      2.9831,    0.219098,106381567837304
106268123246180,2,     0.39614,   0.0441442,      2.9915,    0.209966,106382495615900
106268123246180,2,     0.40399,   0.0383564,     3.00748,    0.190776,106383226201749
106268123246180,2,    0.411999,   0.0330088,     3.00252,    0.172065,106383938652260
106268123246180,2,    0.420306,   0.0268797,     2.99563,    0.157777,106384671436682
106268123246180,2,    0.430123,   0.0272151,     2.99311,    0.146701,106385501459200
106268123246180,2,    0.455237,   0.0268198,     3.00825,    0.135073,106386234838265
106268123246180,2,     0.44892,   0.0210467,     3.00361,    0.120363,106387005206911
106268123246180,2,      0.4817,   0.0202932,      3.0084,    0.113019,106387756591891
106268123246180,2,    0.511511,   0.0179943,     3.00746,    0.109078,106388547700684
106268123246180,2,    0.529403,   0.0171018,     3.01761,    0.098414,106389259485366
106268123246180,2,    0.536924,   0.0153013,     3.03013,   0.0932955,106390009638940
106268123246180,2,    0.574384,   0.0176759,     3.00165,   0.0870919,106390719868741
106268123246180,2,    0.612248,   0.0214055,     3.02515,   0.0848247,106391449885697
106268123246180,2,    0.658535,   0.0207407,     3.00916,   0.0739808,106392222089772
106268123246180,2,    0.698691,   0.0215265,     3.00119,   0.0653651,106392955063337
106268123246180,2,    0.740706,   0.0202196,     3.01694,   0.0569288,106393824759195
106268123246180,2,    0.779368,   0.0217421,     3.00818,   0.0501633,106394639756298
106268123246180,2,    0.863618,   0.0229006,     2.99577,   0.0461593,106395392674171
106268123246180,2,    0.926642,   0.0169621,     3.00992,   0.0307071,106396184111468
106268123246180,2,    0.995854,   0.0144487,     3.01136,   0.0223372,106396915771860
106268123246180,2,     1.05933,  0.00813466,     3.02278,   0.0147209,106397727384240
106268123246180,2,     1.10017,  0.00842838,     3.02147,  0.00869568,106398439111873
106268123246180,2,     1.12426,  0.00142791,     2.99444,  0.00130524,106399112589120
106268123246180,2,     1.11668, -0.00386747,     3.00737, -0.00324466,106399863591774
106268123246180,2,     1.09696, 0.000399853,     3.03252, 0.000465549,106400656477572
106268123246180,2,     1.07407, -0.00370662,     3.01015,  -0.0010585,106401425682433
106268123246180,2,     1.04951, -0.00463626,     3.01413, -0.00177065,106402238921920
106268123246180,2,     1.03038, 8.30262e-05,     3.01649,  0.00337087,106403009779342
106268123246180,2,      1.0134, -0.00219308,     3.00528,  0.00205571,106403880233317
106268123246180,2,    0.986251, -0.00178392,     3.03694,  0.00220766,106404649535029
106268123246180,2,    0.962289, -0.00356345,     3.01994,  0.00235068,106405419993921
106268123246180,2,    0.935056, -0.00664491,     3.03604,  0.00215244,106406167909337
106268123246180,2,    0.907044,  -0.0070275,     3.02431,  0.00213475,106406992798318
106268123246180,2,    0.883534, -0.00510187,      2.9589,  0.00609878,106407704653599
106268123246180,2,    0.857397, -0.00305016,     2.77357,  0.00963745,106408458917652
106268123246180,2,    0.833984,-3.69881e-05,     2.64268,   0.0106958,106409228892035
106268123246180,2,    0.798329,  0.00400216,     2.44826,   0.0124711,106410000619488
106268123246180,2,    0.775261,  0.00164399,     2.32712,  0.00901238,106410692289938
106268123246180,2,    0.755069, -0.00189389,     2.22345,  0.00531801,106411442030110
106268123246180,2,    0.725254, -0.00299459,     2.15284,  0.00208663,106412254677894
106268123246180,2,    0.714989, 0.000135884,     1.97983,  0.00578128,106413004655845
106268123246180,2,    0.680269,  0.00361162,     1.85252,  0.00765032,106413774205321
106268123246180,2,    0.650945, 0.000359312,     1.73554,  0.00446327,106414546946624
106268123246180,2,    0.632887,-0.000780736,     1.63467,  0.00217642,106415321137317
106268123246180,2,    0.599857,  -0.0011604,     1.52244,  0.00144428,106415994184482
106268123246180,2,    0.574569,  0.00131867,     1.42446,  0.00183846,106416766384089
106268123246180,2,    0.542097,  -0.0017529,      1.3611,  -0.0018564,106417578594590
106268123246180,2,    0.530921, 0.000161533,     1.26449, 1.50692e-05,106418389830448
106268123246180,2,    0.495786, -0.00136967,     1.13782, -0.00232159,106419120954563
106268123246180,2,    0.474875, -7.0993e-05,     1.06641, -0.00163274,106419829332274
106268123246180,2,    0.444506,  0.00111514,    0.964342, -0.00252445,106420620655174
106268123246180,2,    0.424314, 1.76071e-05,    0.906858, -0.00359063,106421368798699
106268123246180,2,    0.400352,-0.000253014,    0.824948,  -0.0052724,106422120150986
106268123246180,2,    0.373346, 0.000622243,    0.742451, -0.00633822,106422890623973
106268123246180,2,    0.351726,  0.00163086,    0.681408, -0.00650845,106423642196357
106268123246180,2,     0.33067,  0.00312686,    0.622394, -0.00544622,106424395799197
106268123246180,2,     0.30799,  0.00511791,    0.560234, -0.00365515,106425187054041
106268123246180,2,    0.285428,  0.00114695,    0.517198, -0.00513921,106425918870423
106268123246180,2,    0.273447, 7.34276e-06,    0.465692, -0.00483373,106426650193758
106268123246180,2,    0.251696, 1.58137e-05,    0.416179, -0.00522746,106427435807562
106268123246180,2,    0.235714, 0.000965182,    0.377868, -0.00446057,106428146195606
106268123246180,2,    0.221804,  0.00132438,    0.339518, -0.00575198,106428966800337
106268123246180,2,    0.200137,  0.00115547,     0.29713, -0.00629243,106429683451423
106268123246180,2,    0.181406,  0.00042141,    0.257156, -0.00774308,106430460444942
106268123246180,2,    0.165504,  0.00213869,    0.225004, -0.00550846,106431178564481
106268123246180,2,    0.154886,  0.00113557,    0.201102, -0.00625887,106431878645423
106268123246180,2,    0.134874,  0.00177823,    0.166534, -0.00680541,106432643907228
106268123246180,2,    0.125687,  0.00173942,     0.15067, -0.00872654,106433369577094
106268123246180,2,    0.104287,  0.00275206,    0.115207, -0.00790325,106434098539609
106268123246180,2,   0.0960152,  0.00239553,    0.103192, -0.00680418,106434782701608
106268123246180,2,   0.0821889,  0.00277167,   0.0849946, -0.00661744,106435452558848
106268123246180,2,   0.0709685,  0.00146402,   0.0666619, -0.00786454,106436342392778
106268123246180,2,   0.0626693,  0.00130033,   0.0569145,  -0.0091612,106437091559843
106268123246180,2,   0.0483872,  0.00121566,   0.0394519,  -0.0113187,106437738274576
106268123246180,2,    0.040314, 0.000591397,    0.031106,   -0.011085,106438504504784
106268123246180,2,   0.0267103, 0.000428094,    0.018913,  -0.0122836,106439207548938
106268123246180,2,   0.0165132, 0.000181426,   0.0119428,  -0.0131383,106439989791557
106268123246180,2,  0.00813235, 7.02036e-05,  0.00732651,  -0.0124375,106440686989958
106268123246180,2,  0.00668572, 6.74506e-05,  0.00729897,  -0.0132722,106441431381684
106268123246180,2,   0.0039172, 3.80149e-05,  0.00582348,   -0.012719,106442171516757
106442637496396,2,           0,           0,    -2.99981,  -0.0189479,106442910953279
106442637496396,2,           0,           0,    -2.99981,  -0.0189479,106443651089789
106442637496396,2,           0,           0,    -2.99981,  -0.0189479,106444448736710
106442637496396,2,           0,   -0.112727,     -2.9983,  -0.0372352,106445158835880
106442637496396,2,           0,   -0.404452,    -2.99417,   -0.109417,106445951917608
106442637496396,2,           0,   -0.644856,    -2.98622,   -0.242112,106446722320045
106442637496396,2,           0,   -0.850046,    -2.95989,   -0.476376,106447525173163
106442637496396,2,           0,   -0.992042,    -2.89312,   -0.789437,106448252949076
106442637496396,2,           0,    -1.09097,    -2.82346,    -1.01981,106448995842114
106442637496396,2,           0,    -1.12451,    -2.48714,    -1.69046,106449658963371
106442637496396,2,           0,    -1.09815,     -2.2069,     -2.0335,106450368296254
106442637496396,2,           0,    -1.05381,    -1.69039,    -2.47644,106451111081102
106442637496396,2,           0,    -1.01699,    -1.24356,    -2.72571,106451899120588
106442637496396,2,           0,   -0.960769,   -0.571836,    -2.93217,106452624500197
106442637496396,2,           0,   -0.922114,   -0.460981,    -2.97951,106453391145707
106442637496396,2,           0,   -0.881392,    0.292196,     -2.9897,106454155504975
106442637496396,2,           0,   -0.820426,    0.850764,     -2.8724,106454898225938
106442637496396,2,           0,   -0.781062,     1.16089,     -2.7514,106455541527348
106442637496396,2,           0,   -0.720702,      1.5865,    -2.57162,106456322053129
106442637496396,2,           0,   -0.662616,      1.9043,    -2.33896,106457082946516
106442637496396,2,           0,   -0.606412,     2.08475,    -2.17593,106457806443794
106442637496396,2,           0,   -0.547799,     2.39174,    -1.83058,106458548245506
106442637496396,2,           0,   -0.499297,     2.55019,    -1.60008,106459388744818
106442637496396,2,           0,   -0.461747,     2.64394,    -1.43972,106460191576782
106442637496396,2,           0,   -0.400786,     2.78432,    -1.13775,106460997108608
106442637496396,2,           0,    -0.35134,     2.84211,   -0.982041,106461742804274
106442637496396,2,           0,   -0.299191,     2.92975,   -0.687289,106462552169816
106442637496396,2,           0,   -0.265853,     2.95937,   -0.551725,106463354659100
106442637496396,2,           0,   -0.223036,     2.98871,   -0.393941,106464025870581
106442637496396,2,           0,   -0.185771,     3.00575,   -0.283376,106464989356562
106442637496396,2,           0,   -0.176797,     3.01032,   -0.229724,106465857077889
106442637496396,2,           0,  -0.0163932,     3.02407,  -0.0437193,106466882545180
106442637496396,2,           0,  -0.0641351,     3.02831,   0.0268961,106467595831429
106442637496396,2,           0,   -0.047481,     2.98905,   0.0579728,106468423976307
106442637496396,2,           0,  -0.0286649,     2.99173,    0.085015,106469056857610
106442637496396,2,           0,  -0.0170675,     2.99345,   0.0968006,106469865976442
106442637496396,2,           0, -0.00304611,     2.99602,    0.109749,106470617633073
106442637496396,2,    0.082695,   0.0293448,     2.99316,    0.107781,106471470311451
106442637496396,2,    0.269742,   0.0957196,     3.00739,   0.0739221,106472323488409
106442637496396,2,    0.407147,    0.144478,     3.01366,   0.0765831,106472995583308
106442637496396,2,    0.549668,    0.167368,     3.00075,    0.047174,106473744657483
106442637496396,2,     0.67369,    0.116518,     3.01208,  -0.0450648,106474457518375
106442637496396,2,    0.795924,   0.0760623,     3.02693,  -0.0966313,106475228675829
106442637496396,2,    0.910717,   0.0404685,     3.01577,   -0.146388,106476038444189
106442637496396,2,     1.01794, -0.00422796,     3.01183,    -0.17936,106476907822131
106442637496396,2,     1.09098,  -0.0367429,      2.9839,   -0.199498,106477599131917
106442637496396,2,     1.16684,  -0.0581942,     3.01951,   -0.203895,106478467876677
106442637496396,2,     1.21819,  -0.0626836,     3.00792,    -0.19601,106479238941330
106442637496396,2,     1.25219,  -0.0641462,     3.00242,   -0.172658,106479950916410
106442637496396,2,     1.27054,  -0.0630999,     2.99925,   -0.154483,106480683252160
106442637496396,2,     1.25363,  -0.0591023,     2.99758,   -0.132987,106481450020185
106442637496396,2,      1.2366,  -0.0536051,     3.01944,   -0.115625,106482119015015
106442637496396,2,     1.22205,  -0.0464068,      3.0011,   -0.100622,106482847142278
106442637496396,2,      1.1954,  -0.0357347,     3.01042,  -0.0729695,106483600397398
106442637496396,2,      1.1846,  -0.0295935,     3.01697,  -0.0606925,106484392890126
106442637496396,2,     1.16368,  -0.0238463,     3.00147,  -0.0422763,106485104736589
106442637496396,2,     1.14337,  -0.0174983,     3.01186,  -0.0286749,106485952894527
106442637496396,2,     1.11334,  -0.0183016,     3.02751,  -0.0215658,106486745778768
106442637496396,2,     1.10625,  -0.0122905,     3.01698,  -0.0177485,106487536134739
106442637496396,2,     1.08047, -0.00441096,     3.00752, -0.00695709,106488227636306
106442637496396,2,     1.05838, -0.00181269,     3.02441, -0.00290726,106488942448500
106442637496396,2,     1.02619,  0.00083855,     3.01966, 0.000416084,106489694125806
106442637496396,2,     1.00508,-0.000427209,     3.03062,-0.000610339,106490504341106
106442637496396,2,    0.995755, -0.00237263,     3.03355, -0.00174491,106491176740360
106442637496396,2,    0.973444, -0.00273817,      3.0216,  -0.0012937,106491948461339
106442637496396,2,    0.947128, 0.000408967,      2.9963,  0.00530055,106492737959292
106442637496396,2,    0.911992,-0.000763408,     3.01376,  0.00141603,106493507956522
106442637496396,2,    0.885704,  0.00334183,     2.93393,  0.00649896,106494240343097
106442637496396,2,    0.869766,  0.00631373,     2.90864,  0.00889985,106495035557239
106442637496396,2,    0.845594,  0.00152589,     2.70718,  0.00130041,106495727912809
106442637496396,2,    0.817636,  0.00476701,     2.55192,   0.0039116,106496480478166
106442637496396,2,    0.795548,  0.00250393,     2.47566,  0.00214454,106497211332346
106442637496396,2,      0.7667,  0.00245791,     2.28268, -0.00164003,106497922091529
106442637496396,2,    0.740118, 0.000141041,     2.15215, -0.00376604,106498773898116
106442637496396,2,    0.718003,  0.00107288,     2.04282,-0.000770187,106499488656592
106442637496396,2,    0.685514, -0.00300727,     1.88948, -0.00371988,106500282331230
106442637496396,2,    0.655537, -0.00916635,     1.75599, -0.00728198,106501032482307
106442637496396,2,    0.626042, -0.00491149,     1.64569, -0.00281707,106501919471245
106442637496396,2,    0.613701, -0.00589363,     1.57854, -0.00365978,106502570662186
106442637496396,2,    0.579835,-0.000600164,     1.50562,-0.000281432,106503246211343
106442637496396,2,    0.564247,  0.00262568,     1.37409,   0.0019016,106503973655454
106442637496396,2,    0.536717, 0.000468087,     1.27825, 0.000458037,106504586101043
106442637496396,2,     0.51215,-3.92844e-05,     1.21855,-0.000602984,106505316402636
106442637496396,2,     0.48676,  0.00147501,     1.10523,  0.00127414,106505979063074
106442637496396,2,    0.455897,  0.00512504,    0.993094,   0.0027506,106506711330629
106442637496396,2,    0.435389,  0.00465062,    0.908814,  0.00256613,106507419389005
106442637496396,2,    0.421958,  0.00201873,    0.855278,  0.00163207,106508205155395
106442637496396,2,    0.385714, -0.00111314,    0.792874,-0.000865276,106508950257189
106442637496396,2,    0.359365,-0.000814482,    0.703306,-0.000270058,106509661231413
106442637496396,2,    0.340461, 7.79164e-05,    0.635071, 7.01995e-05,106510453729908
106442637496396,2,    0.327738, -0.00312277,    0.609558, -0.00231031,106511159136839
106442637496396,2,    0.305419, -0.00103987,    0.554776, -0.00236105,106511903487702
106442637496396,2,    0.282095, -0.00522412,    0.498969, -0.00467198,106512570292787
106442637496396,2,    0.265981, -0.00396548,    0.451511, -0.00420187,106513300546271
106442637496396,2,     0.24394,   0.0002019,    0.412752, -0.00238803,106514191394659
106442637496396,2,    0.227093,  0.00183504,    0.357766, -0.00117434,106514922973699
106442637496396,2,    0.207852,    0.004285,     0.31405,  0.00131814,106515646061248
106442637496396,2,    0.190494,  0.00404693,     0.27596,  0.00220104,106516345841664
106442637496396,2,    0.180135,  0.00465935,    0.254678,  0.00380427,106517141250386
106442637496396,2,    0.164457,  0.00069566,    0.222903,-0.000111985,106517862667313
106442637496396,2,    0.141634,-0.000662579,    0.193097, -0.00162625,106518562810130
106442637496396,2,    0.130984, -0.00146337,    0.160028, -0.00224037,106519322268679
106442637496396,2,    0.115592, -0.00147536,    0.124294,  -0.0034875,106520104540830
106442637496396,2,    0.102309, -0.00034455,    0.114985, -0.00276287,106520882307798
106442637496396,2,   0.0908808,  0.00102504,   0.0947117, -0.00201605,106521547475072
106442637496396,2,   0.0775397,  0.00129818,   0.0755218, -0.00302421,106522357126767
106442637496396,2,     0.06661, 0.000774222,   0.0610491, -0.00432602,106523065332154
106442637496396,2,   0.0560231, 0.000661597,   0.0490494, -0.00505966,106523814022329
106442637496396,2,    0.047791, 0.000886316,   0.0395014,  -0.0055436,106524457974765
106442637496396,2,   0.0373853,-1.52204e-05,   0.0310358, -0.00548818,106525182799435
106442637496396,2,   0.0281724, 0.000182535,   0.0200892, -0.00539511,106525885783117
106442637496396,2,   0.0239955,  7.1192e-05,   0.0167774, -0.00602885,106526550677566
106442637496396,2,   0.0142944,  5.1747e-06,   0.0102858,  -0.0064631,106527214262027
106442637496396,2,  0.00624038,-7.36746e-07,  0.00649767, -0.00635312,106527999283047
106528601797112,2,           0,           0,    -3.00088, -0.00606327,106528717604540
106528601797112,2,           0,           0,    -3.00088, -0.00606325,106529537476858
106528601797112,2,           0,           0,    -3.00088, -0.00606325,106530336902474
106528601797112,2,           0,   -0.112738,    -3.00033,  -0.0151813,106531161714289
106528601797112,2,           0,   -0.437724,    -2.99972,  -0.0754592,106532045782867
106528601797112,2,           0,   -0.694328,    -2.97264,   -0.394981,106532890638062
106528601797112,2,           0,    -0.87209,    -2.94959,   -0.533107,106533622930655
106528601797112,2,           0,    -1.01683,    -2.85724,   -0.890503,106534411537153
106528601797112,2,           0,    -1.10257,    -2.77828,    -1.09887,106535140795922
106528601797112,2,           0,    -1.10765,     -2.3346,    -1.92277,106535928847159
106528601797112,2,           0,     -1.0814,    -2.03349,    -2.22723,106536638418752
106528601797112,2,           0,    -1.03959,    -1.79537,    -2.41195,106537422793386
106528601797112,2,           0,   -0.989233,    -1.11994,    -2.78403,106538231552013
106528601797112,2,           0,   -0.959058,   -0.555598,    -2.94053,106538965470759
106528601797112,2,           0,   -0.913504,  -0.0399332,    -2.99028,106539711659506
106528601797112,2,           0,   -0.874812,    0.283856,    -2.97363,106540383502151
106528601797112,2,           0,   -0.816559,    0.906976,    -2.88676,106541115088584
106528601797112,2,           0,   -0.766604,     1.30152,    -2.73024,106541902793649
106528601797112,2,           0,   -0.703481,     1.57946,    -2.57726,106542699390097
106528601797112,2,           0,   -0.659653,     1.90082,     -2.3441,106543445008168
106528601797112,2,           0,    -0.58899,     2.25888,    -2.00133,106544274306050
106528601797112,2,           0,   -0.542503,     2.38154,    -1.84333,106545059576050
106528601797112,2,           0,   -0.495982,     2.57582,    -1.56123,106545713620080
106528601797112,2,           0,   -0.442474,     2.71179,    -1.30914,106546444078538
106528601797112,2,           0,   -0.383951,     2.82361,    -1.03706,106547193362233
106528601797112,2,           0,   -0.331927,      2.8976,   -0.809255,106548040553254
106528601797112,2,           0,   -0.295397,     2.93819,    -0.65681,106548752561022
106528601797112,2,           0,   -0.254575,     2.97399,   -0.495608,106549500338397
106528601797112,2,           0,   -0.209616,     2.99873,   -0.333104,106550249305696
106528601797112,2,           0,   -0.185782,     3.00702,    -0.25749,106550980242032
106528601797112,2,           0,   -0.139463,     3.01709,   -0.126195,106551751039771
106528601797112,2,           0,    -0.10513,     3.01967,  -0.0477812,106552600251061
106528601797112,2,           0,  -0.0706036,     3.02167,   0.0217804,106553403326003
106528601797112,2,           0,  -0.0585926,     3.02292,   0.0432795,106554173444672
106528601797112,2,           0,  -0.0292747,     3.02478,   0.0848819,106554981957428
106528601797112,2,           0,  -0.0123568,     3.02669,    0.101623,106555814250930
106528601797112,2,   0.0573794,   0.0157838,     3.02802,    0.110671,106556661060758
106528601797112,2,    0.253521,   0.0899633,     3.01952,   0.0974031,106557506908638
106528601797112,2,    0.430796,     0.15287,      2.9909,   0.0658626,106558332599290
106528601797112,2,    0.579003,    0.166828,     2.99202,   0.0556804,106559080234662
106528601797112,2,    0.705243,    0.134441,     3.01227,  -0.0148287,106559767619858
106528601797112,2,    0.828013,   0.0835111,     3.00537,  -0.0757309,106560496003541
106528601797112,2,    0.936948,    0.021697,     3.01487,   -0.150138,106561205688624
106528601797112,2,     1.04067, -0.00889699,     3.03235,   -0.179656,106561952811462
106528601797112,2,     1.13741,  -0.0466969,     2.99366,   -0.190709,106562739621139
106528601797112,2,     1.22128,  -0.0621561,     3.00385,   -0.186435,106563523573168
106528601797112,2,     1.28409,  -0.0644446,     2.99792,   -0.163761,106564211630066
106528601797112,2,      1.3425,  -0.0680518,     3.01405,   -0.148033,106564979555248
106528601797112,2,     1.38974,  -0.0611598,     3.01743,   -0.129402,106565768578447
106528601797112,2,     1.42281,   -0.052067,     3.01405,    -0.11665,106566515240547
106528601797112,2,     1.44424,  -0.0497706,     2.98872,  -0.0995915,106567284021694
106528601797112,2,      1.4512,  -0.0412252,     2.99748,  -0.0802759,106568066568544
106528601797112,2,     1.45448,  -0.0384008,     3.01065,  -0.0581939,106568892016600
106528601797112,2,     1.45332,  -0.0261574,     2.99428,  -0.0464867,106569579161720
106528601797112,2,     1.45243,  -0.0126432,     3.03278,  -0.0300448,106570267745763
106528601797112,2,     1.45296,  -0.0104259,     3.01444,  -0.0206657,106571036092308
106528601797112,2,     1.45066, -0.00920444,     3.02152,  -0.0154872,106571742323366
106528601797112,2,     1.45356,  -0.0090574,     3.01402,  -0.0142756,106572525984273
106528601797112,2,      1.4535,  -0.0070783,     3.01335,  -0.0115284,106573231062816
106528601797112,2,     1.45115,  -0.0138649,     3.00814,  -0.0130391,106573919406194
106528601797112,2,     1.45334, -0.00988787,     3.01954, -0.00443105,106574606072002
106528601797112,2,     1.45346,  -0.0041669,     3.03462,  0.00332303,106575392781002
106528601797112,2,     1.45412,-0.000805343,     2.91394,  0.00440548,106576174531384
106528601797112,2,     1.45379, 0.000762471,      2.6921,   0.0062096,106576979353517
106528601797112,2,     1.45435,   0.0030076,     2.55504,   0.0048189,106577742046381
106528601797112,2,     1.45093, -0.00285018,     2.21134,  0.00067523,106578449524029
106528601797112,2,     0.85153, -0.00227511,     2.01639,  0.00211027,106579117069830
106528601797112,2,    0.810372, -0.00348496,     1.76746,  0.00075592,106579884473135
106528601797112,2,    0.794483, -0.00764583,     1.62741, -0.00265974,106580636494677
106528601797112,2,    0.761317, -0.00502099,      1.4915,-0.000762989,106581308159158
106528601797112,2,    0.725605,-0.000507584,     1.36494, 0.000332338,106582097895105
106528601797112,2,    0.718542, -0.00486079,     1.28958, -0.00271278,106582863810038
106528601797112,2,    0.674168, -0.00570357,     1.16753, -0.00420706,106583616280894
106528601797112,2,    0.656127, 0.000270334,       1.001, -0.00211704,106584267201324
106528601797112,2,    0.625647, 1.46969e-05,    0.900376, -0.00355628,106584998264058
106528601797112,2,    0.593258, -0.00108349,    0.741925, -0.00623263,106585762716970
106528601797112,2,    0.535783, -0.00248746,      0.7012, -0.00937309,106586512766899
106528601797112,2,    0.449338, 0.000814348,     0.62159, -0.00671079,106587570589860
106528601797112,2,    0.444762,  0.00276269,    0.499011, -0.00448441,106588490331381
106528601797112,2,    0.462663,  0.00683845,    0.454079, -0.00364645,106589235420603
106528601797112,2,    0.463762,  -0.0017201,    0.411842, -0.00506666,106590062540840
106528601797112,2,    0.467217,  -0.0375837,    0.301861, -0.00768594,106590804926767
106528601797112,2,    0.477186,  -0.0816607,    0.236823, -0.00663231,106591537229209
106528601797112,2,    0.474597,   -0.149706,    0.152092, -0.00472254,106592338769773
106528601797112,2,    0.481111,    -0.23883,   0.0914535, -0.00263505,106593024891545
106528601797112,2,    0.489516,   -0.261654,    0.059164, 0.000182071,106593851734472
106528601797112,2,    0.384708,   -0.224081,     2.99122,    0.271113,106594519003382
106528601797112,2,    0.384708,   -0.239389,     2.98327,    0.353791,106595301989749
106528601797112,2,    0.320468,   -0.187654,     2.99145,    0.486648,106596010072043
106528601797112,2,        0.29,   -0.154437,     2.93186,    0.661612,106596737684996
106528601797112,2,    0.264008,   -0.116823,     2.90868,    0.760442,106597460995419
106528601797112,2,    0.243926,  -0.0851329,      2.8703,    0.848937,106598229641531
106528601797112,2,    0.241454,  -0.0712384,     2.89057,    0.889101,106598957357523
106528601797112,2,    0.241454,  -0.0572213,     2.82748,    0.948121,106599721383013
106528601797112,2,    0.267109,  -0.0441199,     2.83188,    0.983744,106600469111769
106528601797112,2,    0.351911,  -0.0422958,      2.8469,     1.01397,106601197469016
106528601797112,2,    0.424932,  -0.0445727,     2.81008,     1.04621,106602023108730
106528601797112,2,    0.486504,  -0.0418091,     2.80777,     1.06499,106602813716171
106528601797112,2,    0.505781,   -0.035938,     2.77641,     1.10756,106603604394593
106528601797112,2,    0.532273,  -0.0345091,     2.75331,     1.13814,106604372223190
106528601797112,2,    0.568508,  -0.0352758,     2.75901,     1.15274,106605119217971
106528601797112,2,    0.598392,  -0.0375635,     2.73722,     1.18995,106605908009094
106528601797112,2,     0.60749,  -0.0339907,     2.74531,      1.2184,106606577781858
106528601797112,2,     0.59905,  -0.0269756,     2.70935,     1.24934,106607246504898
106528601797112,2,    0.589105,  -0.0231853,     2.69991,     1.28293,106608011127597
106528601797112,2,    0.580408,  -0.0231653,     2.67574,     1.30574,106608784042637
106528601797112,2,    0.575089,  -0.0237872,      2.6857,     1.31608,106609452588414
106528601797112,2,    0.557986,  -0.0204147,      2.6702,     1.35118,106610219288890
106528601797112,2,    0.536337,  -0.0137167,     2.66977,     1.36654,106610868948718
106528601797112,2,    0.504854, 0.000903393,     2.62733,     1.38185,106611542022128
106528601797112,2,    0.470068,   0.0179652,     2.65491,     1.39409,106612275713830
106528601797112,2,     0.44266,   0.0451313,     2.65606,     1.39587,106613029825361
106528601797112,2,    0.413778,   0.0696999,     2.66308,     1.37484,106613719221068
106528601797112,2,     0.39913,    0.094578,     2.64604,       1.372,106614401681349
106528601797112,2,     0.37198,    0.101046,     2.68496,       1.331,106615064531002
106528601797112,2,    0.358631,   0.0990614,     2.71465,     1.28971,106615792017612
106528601797112,2,     0.34642,    0.102497,     2.72036,     1.24186,106616497090354
106528601797112,2,    0.365067,    0.103641,     2.76142,     1.18913,106617206013491
106528601797112,2,    0.363739,   0.0956639,     2.77168,     1.14624,106617928276226
106528601797112,2,    0.359422,   0.0987077,     2.79579,     1.10101,106618694863240
106528601797112,2,    0.358564,    0.086981,     2.79847,     1.02804,106619388588844
106528601797112,2,    0.367349,   0.0824946,     2.82903,    0.987399,106620262369729
106528601797112,2,    0.363682,   0.0810708,     2.84793,    0.938239,106621266531051
106528601797112,2,    0.366423,   0.0884031,     2.84916,    0.917577,106622072386081
106528601797112,2,   0.0397172,   0.0162438,     2.87638,    0.876383,106623210304034
106528601797112,2,    0.121315,   0.0477649,     2.89582,    0.822735,106623961702381
106528601797112,2,    0.188037,   0.0541801,     2.89722,    0.803072,106624676612468
106528601797112,2,     0.24623,   0.0500988,     2.89742,    0.776093,106625415342622
106528601797112,2,    0.295625,   0.0476333,     2.90932,    0.741364,106626200750652
106528601797112,2,    0.329383,   0.0418511,     2.93414,    0.714984,106626959830418
106528601797112,2,    0.354718,   0.0413282,     2.94024,    0.695934,106627706130746
106528601797112,2,    0.367971,   0.0436586,     2.93496,    0.671824,106628467988884
106528601797112,2,    0.374741,   0.0377697,     2.93646,    0.628712,106629152315529
106528601797112,2,    0.384077,   0.0380369,     2.95281,    0.604563,106629857396813
106528601797112,2,    0.389656,   0.0382994,     2.98618,     0.55929,106630624714163
106528601797112,2,    0.412365,   0.0409451,     2.98077,     0.53058,106631386331741
106528601797112,2,    0.411174,   0.0401725,     2.99959,    0.488024,106632174423410
106528601797112,2,    0.427878,   0.0397416,     2.99928,    0.457846,106632995907296
106528601797112,2,    0.443385,   0.0385226,     3.00696,    0.425811,106633743888801
106528601797112,2,    0.444965,   0.0354933,     3.02964,    0.385419,106634511031965
106528601797112,2,    0.454866,   0.0323396,     3.02339,    0.356304,106635302449142
106528601797112,2,    0.491609,   0.0295497,     3.03596,    0.312725,106636008728561
106528601797112,2,    0.529933,   0.0206856,     3.04171,    0.285672,106636718862382
106528601797112,2,    0.575252,   0.0214673,     3.05042,    0.255719,106637462125355
106528601797112,2,    0.618156,   0.0230306,     3.06111,     0.23435,106638149675542
106528601797112,2,    0.647291,   0.0196388,      3.0564,    0.192325,106638833924297
106528601797112,2,    0.724562,   0.0201437,     3.05587,    0.160146,106639620600338
106528601797112,2,    0.777737,   0.0170931,     3.08854,     0.12488,106640289746170
106528601797112,2,    0.821054,   0.0151596,     3.08757,   0.0924916,106641014990623
106528601797112,2,     0.84634,   0.0162158,     3.09605,   0.0726522,106641861152378
106528601797112,2,    0.831195,   0.0164344,     3.08446,   0.0454333,106642651534415
106528601797112,2,    0.797953,   0.0132021,     3.09227,   0.0147623,106643319860915
106528601797112,2,    0.772089,   0.0102166,     3.09582,  -0.0196449,106644050017017
106528601797112,2,    0.760209,   0.0099871,     3.07704,  -0.0301271,106644800540685
106528601797112,2,    0.727881,  0.00981856,     3.07591,   -0.054137,106645552420145
106528601797112,2,    0.699591,  0.00333385,     3.07441,  -0.0827695,106646360225606
106528601797112,2,    0.686722,-0.000959481,     3.08263,  -0.0890466,106647058474773
106528601797112,2,    0.656705, -0.00666748,     3.08835,   -0.104172,106647786397082
106528601797112,2,    0.628918,  -0.0103509,     3.07987,   -0.109245,106648615815374
106528601797112,2,     0.60837, -0.00799784,     3.07369,   -0.105265,106649418219753
106528601797112,2,    0.586772, -0.00583843,     3.08813,   -0.101392,106650110882681
106528601797112,2,    0.565791, -0.00556971,     3.07859,  -0.0988707,106650861911420
106528601797112,2,    0.555728, -0.00949552,      3.0807,   -0.100964,106651593550460
106528601797112,2,    0.525138, -0.00876117,     3.08225,  -0.0931912,106652259796614
106528601797112,2,    0.508237, -0.00766069,     3.05571,  -0.0895048,106652928508386
106528601797112,2,    0.489129, -0.00703671,     3.08876,  -0.0774677,106653719162415
106528601797112,2,    0.468095, -0.00384677,     3.07845,  -0.0685324,106654429633919
106528601797112,2,    0.456108, -0.00298298,     3.07759,  -0.0643182,106655164833604
106528601797112,2,    0.432502,  -0.0042511,     3.06488,  -0.0599605,106655814991841
106528601797112,2,    0.418972, -0.00171438,     3.05566,  -0.0511354,106656545627190
106528601797112,2,    0.403913, -0.00223714,     3.03957,  -0.0451409,106657236605633
106528601797112,2,     0.38628, -0.00372925,     3.07039,  -0.0372467,106658010113891
106528601797112,2,    0.368663, -0.00374533,     3.04362,  -0.0326876,106658774488497
106528601797112,2,      0.3592, -0.00370906,     3.05454,  -0.0259322,106659527461075
106528601797112,2,    0.355067, -0.00541669,     3.05592,   -0.017746,106660192208021
106528601797112,2,    0.375288, -0.00955177,     3.05307, -0.00456562,106660983866468
106528601797112,2,    0.380793,  -0.0203039,     3.04456,  0.00784877,106661738529035
106528601797112,2,    0.390579,  -0.0302485,     3.05837,   0.0080589,106662414319961
106528601797112,2,    0.411358,  -0.0390453,     3.02637,   0.0319648,106663155532034
106528601797112,2,    0.422023,  -0.0393235,     3.02154,   0.0654095,106663923343998
106528601797112,2,    0.477666,  -0.0382082,     3.02004,   0.0860382,106664668010833
106528601797112,2,     0.52602,  -0.0275162,     3.00756,    0.116207,106665354042469
106528601797112,2,    0.623675,  -0.0267177,     3.03399,    0.137699,106666105092964
106528601797112,2,    0.709597,  -0.0256396,     3.01867,    0.162482,106666812349367
106528601797112,2,    0.765459,   -0.018683,     2.99729,    0.209378,106667561341607
106528601797112,2,    0.748961, -0.00920934,     3.00318,    0.230379,106668246745847
106528601797112,2,    0.726214,  -0.0014205,     3.02246,    0.255608,106668895617807
106528601797112,2,    0.695964,  0.00783944,     3.01067,    0.276859,106669602273838
106528601797112,2,    0.675938,   0.0169966,     2.99241,    0.287802,106670371108244
106528601797112,2,    0.632924,    0.022245,     2.98445,    0.302175,106671038700560
106528601797112,2,    0.609287,   0.0319057,     2.94241,    0.298697,106671881670031
106528601797112,2,    0.583221,   0.0411082,     2.85075,    0.289771,106672653405160
106528601797112,2,    0.555157,    0.043732,     2.75148,    0.266407,106673415879666
106528601797112,2,    0.533501,    0.044952,     2.66442,     0.24962,106674101032940
106528601797112,2,    0.517783,    0.043532,     2.60317,    0.232075,106674773021195
106528601797112,2,    0.506029,   0.0470556,     2.48084,    0.203916,106675513827880
106528601797112,2,    0.507458,   0.0474228,       2.435,    0.194191,106676280223313
106528601797112,2,    0.494627,   0.0575462,      2.3504,     0.17436,106677104969550
106528601797112,2,    0.501824,   0.0410199,     2.23474,    0.151377,106677774517578
106528601797112,2,    0.504821,   0.0382879,     2.15805,    0.129372,106678578394260
106528601797112,2,     0.49419,   0.0459065,     2.07332,    0.113653,106679300501963
106528601797112,2,    0.510247,   0.0312124,     1.99919,    0.101947,106680003357657
106528601797112,2,     0.53909,   0.0321513,     1.90715,   0.0890588,106680727077266
106528601797112,2,    0.588469,   0.0372254,     1.87441,   0.0831902,106681430895570
106528601797112,2,    0.624496,   0.0310487,     1.72882,   0.0654434,106682190880181
106528601797112,2,    0.628911,   0.0280853,     1.64126,   0.0555015,106682912119819
106528601797112,2,    0.605793,    0.024633,     1.52535,   0.0453693,106683644979556
106528601797112,2,    0.569503,   0.0197113,      1.4497,   0.0385056,106684370273017
106528601797112,2,    0.561898,   0.0233103,     1.37574,   0.0347038,106685158288194
106528601797112,2,    0.523265,   0.0188125,     1.23418,   0.0270974,106685904536651
106528601797112,2,    0.498081,   0.0174608,      1.1461,   0.0221999,106686610039856
106528601797112,2,    0.485313,   0.0247396,     1.10547,   0.0195341,106687301191080
106528601797112,2,    0.450162,    0.015119,    0.973621,   0.0123518,106688109055539
106528601797112,2,    0.416179,  0.00883157,    0.874869,  0.00804127,106688801968693
106528601797112,2,    0.396123,  0.00341325,    0.827771,  0.00582154,106689496078775
106528601797112,2,    0.381484,  -0.0010898,    0.748397,  0.00374351,106690162549225
106528601797112,2,    0.358137, -0.00360503,     0.69371,  0.00175379,106690893713148
106528601797112,2,    0.334446, -0.00548945,    0.632954,  0.00140818,106691580940994
106528601797112,2,    0.318693, -0.00505569,    0.590138,  0.00187879,106692243780978
106528601797112,2,    0.291833, -0.00566781,    0.533145,  0.00140815,106692967599376
106528601797112,2,    0.267064, -0.00307715,    0.481048, 0.000990366,106693727895767
106528601797112,2,    0.252642,   -0.003904,     0.41828, 0.000561363,106694370461390
106528601797112,2,    0.234562, -0.00507447,    0.376633,-0.000783081,106695128178091
106528601797112,2,    0.211971, -0.00392082,     0.33627, -0.00116797,106695905469997
106528601797112,2,    0.195916, -0.00322907,    0.287763, -0.00201795,106696552125105
106528601797112,2,    0.181011,-0.000373139,    0.256293,-0.000909098,106697257292208
106528601797112,2,    0.167335, -0.00174077,    0.232376, -0.00276094,106698003728409
106528601797112,2,    0.147475,-0.000288608,    0.194547, -0.00224798,106698751245962
106528601797112,2,    0.140782,   0.0010994,    0.172548, -0.00212164,106699381635504
106528601797112,2,    0.117678,  0.00232443,     0.13901, -0.00248144,106700171758680
106528601797112,2,    0.106159,  0.00665064,    0.116405,-0.000646751,106700880083437
106528601797112,2,    0.091648,   0.0112067,   0.0958107, -0.00061073,106701553326066
106528601797112,2,   0.0770945,   0.0184902,   0.0785808, 0.000224245,106702243679083
106528601797112,2,   0.0692957,   0.0215604,   0.0644746,  0.00028724,106703063211410
106528601797112,2,   0.0601909,   0.0175481,   0.0544534,   0.0010525,106703807054220
106528601797112,2,   0.0552928,   0.0153177,   0.0471433, 0.000606188,106704416393563
106528601797112,2,   0.0451549,     0.01474,   0.0359747,  0.00106554,106705092764839
106528601797112,2,   0.0386602,   0.0184206,   0.0308818,   0.0015971,106705838739761
106528601797112,2,   0.0318512,   0.0163908,   0.0243341, 0.000443278,106706561977283
106528601797112,2,   0.0235101,   0.0125555,   0.0163326,-0.000224827,106707323904939
106528601797112,2,   0.0206056,   0.0109172,   0.0142664,-0.000808716,106708006164664
106528601797112,2,   0.0150752,  0.00839742,   0.0107009, -0.00174929,106708750878724
106528601797112,2,   0.0109597,  0.00607585,  0.00906155, -0.00119606,106709748980820
106528601797112,2,  0.00880103,  0.00484101,  0.00745887,-0.000105122,106710624349727
106528601797112,2,  0.00307005,  0.00178023,  0.00551691,  0.00106877,106711695834516
106528601797112,2,           0,   -0.010176,  0.00447461,  0.00123823,106712431122948
106528601797112,2,           0,  -0.0169329,  0.00349199,  0.00148296,106713151128448
106528601797112,2,           0,  -0.0142101,  0.00345997,-0.000420547,106713927434503
106528601797112,2,           0, -0.00921459,  0.00259818,-0.000951005,106714627545943
106528601797112,2,           0, -0.00692147,  0.00277383,-0.000645663,106715389189796
106715658946698,2,           0,           0,   -0.167174,     2.99672,106716049947125
106715658946698,2,           0,           0,   -0.167174,     2.99672,106716756004435
106715658946698,2,           0,           0,   -0.167174,     2.99672,106717518108480
106715658946698,2,           0,    0.197881,  -0.0981954,     2.99948,106718226982998
106715658946698,2,           0,    0.410054,  -0.0685385,     2.99862,106718933487596
106715658946698,2,           0,    0.588839,  -0.0435266,     2.99801,106719664624795
106715658946698,2,           0,    0.727026,    0.406156,     2.96989,106720418325904
106715658946698,2,           0,    0.812635,     0.68441,     2.92149,106721167757906
106715658946698,2,           0,    0.790706,      1.1432,     2.77798,106721897720247
106715658946698,2,           0,    0.748647,     1.43433,      2.6444,106722606051558
106715658946698,2,           0,     0.69949,     1.72572,     2.46541,106723299672681
106715658946698,2,           0,    0.632156,      2.0552,     2.19847,106724029466450
106715658946698,2,           0,    0.578332,     2.24568,      2.0013,106724663441915
106715658946698,2,           0,    0.572439,     2.45195,     1.73828,106725434134819
106715658946698,2,           0,    0.558039,     2.60795,     1.49195,106726147627584
106715658946698,2,           0,    0.522273,     2.75679,      1.1871,106726897952918
106715658946698,2,           0,    0.482422,     2.83209,    0.984233,106727651228920
106715658946698,2,           0,    0.464489,     2.91735,    0.684276,106728442864800
106715658946698,2,           0,      0.4301,     2.93715,    0.592517,106729118578058
106715658946698,2,           0,    0.370503,     2.97819,    0.282303,106729865511355
106715658946698,2,           0,    0.336534,     2.98126,   0.0671478,106730559806078
106715658946698,2,           0,     0.28779,     3.01622,   -0.143058,106731287841094
106715658946698,2,           0,    0.247368,     2.99698,   -0.294586,106731978917940
106715658946698,2,           0,    0.205291,     2.97196,   -0.439637,106732726344592
106715658946698,2,           0,    0.174096,      2.9518,   -0.532547,106733493070625
106715658946698,2,           0,    0.117635,     2.91893,   -0.663473,106734303539820
106715658946698,2,           0,   0.0982465,     2.90996,   -0.698753,106735012232809
106715658946698,2,           0,   0.0688842,     2.89405,   -0.748957,106735759609505
106715658946698,2,           0,   0.0371894,     2.91946,   -0.809692,106736608371630
106715658946698,2,           0,   0.0191495,     2.91467,   -0.826446,106737297809555
106715658946698,2,   0.0128667,  0.00108354,     2.90975,    -0.83829,106737988513334
106715658946698,2,    0.125799,   0.0434295,     2.89879,   -0.849037,106738719767398
106715658946698,2,    0.225036,   0.0548875,     2.88419,   -0.857509,106739432146601
106715658946698,2,    0.316054,   0.0615785,     2.86341,   -0.872561,106740160206775
106715658946698,2,    0.403629,   0.0628535,     2.89074,   -0.898341,106740970031221
106715658946698,2,    0.473674,   0.0747993,     2.86471,   -0.917024,106741737975433
106715658946698,2,     0.53026,   0.0593057,     2.83452,   -0.970235,106742504501747
106715658946698,2,    0.570664,   0.0587191,     2.81447,    -1.05445,106743232356938
106715658946698,2,    0.599701,   0.0694682,     2.78807,    -1.13154,106744078304716
106715658946698,2,    0.602602,   0.0720529,     2.74916,    -1.19011,106744821726395
106715658946698,2,    0.591933,   0.0719912,     2.72859,    -1.26318,106745570464905
106715658946698,2,     0.51301,   0.0632874,     2.69775,    -1.36979,106746305444915
106715658946698,2,    0.407101,   0.0528335,     2.66024,    -1.44848,106747143407615
106715658946698,2,     0.39572,   0.0293518,     2.61945,    -1.50905,106747828569978
106715658946698,2,    0.361063,  0.00287737,     2.59394,    -1.57642,106748692347045
106715658946698,2,    0.353731, -0.00292332,     2.56793,    -1.60776,106749459239776
106715658946698,2,    0.366307,  -0.0141499,     2.56114,    -1.64486,106750184448863
106715658946698,2,     0.35871,  -0.0271969,     2.55725,    -1.68194,106750987473613
106715658946698,2,    0.361905,  -0.0353584,     2.52969,    -1.67406,106751755341931
106715658946698,2,    0.354652,  -0.0461684,     2.55391,    -1.70731,106752556718205
106715658946698,2,    0.355317,  -0.0756355,     2.56144,    -1.72075,106753359991073
106715658946698,2,    0.346533,  -0.0889916,      2.5353,    -1.71279,106754083539420
106715658946698,2,    0.347958,   -0.106661,     2.56106,    -1.70716,106754847850765
106715658946698,2,    0.349541,   -0.118088,     2.58366,    -1.70196,106755599709429
106715658946698,2,    0.354772,   -0.151886,     2.58805,    -1.65751,106756380663454
106715658946698,2,    0.348646,   -0.143247,     2.63755,    -1.62528,106757087544788
106715658946698,2,     0.35218,   -0.157055,     2.63431,     -1.5939,106757833896011
106715658946698,2,    0.353019,   -0.158638,     2.67053,    -1.56061,106758614764680
106715658946698,2,    0.346086,   -0.147318,     2.72819,    -1.49811,106759400199946
106715658946698,2,     0.34724,   -0.147061,     2.77042,    -1.44321,106760129359253
106715658946698,2,    0.394202,   -0.145852,     2.77473,    -1.38153,106760851107858
106715658946698,2,    0.434178,   -0.122738,     2.82021,    -1.32866,106761595783472
106715658946698,2,    0.458822,   -0.114822,     2.84645,    -1.29008,106762282391315
106715658946698,2,    0.473339,   -0.108064,     2.86017,    -1.25803,106762944546457
106715658946698,2,     0.49709,   -0.137201,     2.87133,    -1.22821,106763785192610
106715658946698,2,    0.523919,   -0.189346,     2.90746,    -1.18263,106764543114348
106715658946698,2,    0.555029,    -0.23496,     2.94022,    -1.10201,106765416737004
106715658946698,2,    0.576601,   -0.249113,     2.96553,     -1.0126,106766155178727
106715658946698,2,    0.583968,   -0.248796,     3.02678,   -0.875913,106766854840351
106715658946698,2,     0.56656,   -0.213966,     3.02632,   -0.818745,106767540003219
106715658946698,2,    0.551286,   -0.169396,     3.04994,   -0.738441,106768341502590
106715658946698,2,    0.562537,   -0.134249,      3.0675,   -0.631401,106769124944316
106715658946698,2,    0.595639,  -0.0953784,     3.07222,   -0.519928,106769870916644
106715658946698,2,    0.659109,  -0.0710025,     3.06499,   -0.468747,106770634816204
106715658946698,2,    0.735935,  -0.0583145,     3.09182,   -0.445721,106771542690897
106715658946698,2,    0.662394,  -0.0426154,     3.08525,   -0.411296,106772546222301
106715658946698,2,      0.7224,  -0.0293447,     3.07758,   -0.391447,106773308278140
106715658946698,2,    0.772534,   0.0055548,     3.06366,    -0.36809,106774232501000
106715658946698,2,    0.766618,   0.0193526,     3.07317,   -0.368356,106775045157390
106715658946698,2,    0.766618,   0.0371641,      3.0743,   -0.370154,106775791261648
106715658946698,2,    0.753593,   0.0475494,     3.06858,   -0.393497,106776538677288
106715658946698,2,    0.714364,   0.0594334,     3.04421,   -0.432818,106777247585715
106715658946698,2,    0.714364,   0.0546675,     3.04781,   -0.442445,106777990736789
106715658946698,2,    0.673111,   0.0455885,     3.03357,   -0.493562,106778763402196
106715658946698,2,    0.653378,   0.0394961,     3.02907,   -0.515373,106779492748002
106715658946698,2,     0.63451,   0.0363781,     3.02188,   -0.537205,106780241098330
106715658946698,2,     0.63451,   0.0288073,     3.01434,   -0.562478,106780910786487
106715658946698,2,    0.636484,    0.026809,      3.0086,   -0.587317,106781737064074
106715658946698,2,    0.644613,   0.0312681,      2.9852,   -0.606863,106782428339595
106715658946698,2,    0.641371,   0.0590735,     2.95481,   -0.642219,106783176713924
106715658946698,2,     0.63903,   0.0852299,     2.94937,   -0.668545,106783986638902
106715658946698,2,    0.654082,    0.111921,     2.94939,   -0.710455,106784735827347
106715658946698,2,    0.673215,    0.118696,     2.92979,   -0.736085,106785446113646
106715658946698,2,    0.681064,    0.116706,     2.93038,   -0.787408,106786213781156
106715658946698,2,     0.68621,    0.105428,      2.8966,   -0.875972,106786963432639
106715658946698,2,    0.661392,   0.0988818,     2.87036,   -0.942529,106787732762125
106715658946698,2,    0.630509,   0.0807733,     2.84452,    -1.00083,106788484485979
106715658946698,2,    0.624656,   0.0770601,     2.83415,    -1.04893,106789265669312
106715658946698,2,    0.621818,   0.0860907,     2.82673,    -1.08807,106790071325986
106715658946698,2,    0.619925,   0.0459478,      2.7865,    -1.18521,106790917792237
106715658946698,2,    0.612493,    0.100974,     2.77857,     -1.2056,106791530676593
106715658946698,2,    0.632589,    0.142707,      2.7666,    -1.24161,106792296567297
106715658946698,2,    0.655167,    0.149895,       2.742,    -1.30165,106793041184161
106715658946698,2,    0.666726,    0.147784,     2.71472,    -1.34183,106793715232447
106715658946698,2,    0.674603,     0.12975,     2.66144,    -1.43979,106794400507877
106715658946698,2,     0.71045,    0.112639,     2.63531,    -1.48732,106795050793432
106715658946698,2,    0.770153,   0.0903798,     2.59176,    -1.59639,106795776694480
106715658946698,2,    0.832064,   0.0897852,     2.56104,    -1.62924,106796424784427
106715658946698,2,    0.884686,    0.046823,     2.50344,    -1.70358,106797129198157
106715658946698,2,    0.921854,   0.0399797,     2.48462,    -1.76226,106797834584501
106715658946698,2,    0.938269,   0.0399697,     2.47444,    -1.79043,106798616993448
106715658946698,2,    0.889527,   0.0263702,     2.44398,    -1.82444,106799302661892
106715658946698,2,    0.879732,   0.0109776,      2.4322,    -1.85604,106799928353056
106715658946698,2,    0.853348,   0.0050673,     2.43185,    -1.87254,106800594173931
106715658946698,2,    0.833851, -0.00140226,      2.4156,    -1.87433,106801222985229
106715658946698,2,    0.738282,  -0.0115316,     2.44355,    -1.89548,106801886835734
106715658946698,2,    0.651215,  -0.0191193,     2.44607,    -1.89603,106802513079145
106715658946698,2,     0.69236,  -0.0421237,     2.46969,    -1.89368,106803158339460
106715658946698,2,    0.720117,  -0.0614024,     2.49363,    -1.87758,106803842808442
106715658946698,2,    0.718568,  -0.0839379,     2.52176,    -1.86011,106804468306035
106715658946698,2,    0.693153,  -0.0878189,     2.55598,    -1.82113,106805178393545
106715658946698,2,    0.649561,  -0.0738764,      2.6024,    -1.78707,106805943093705
106715658946698,2,    0.614322,  -0.0547047,     2.64694,    -1.75295,106806645971206
106715658946698,2,     0.58581,  -0.0362721,     2.68206,    -1.72135,106807358423105
106715658946698,2,    0.569415, -0.00519717,     2.74034,    -1.69854,106807979397459
106715658946698,2,    0.541273,   0.0230684,     2.75612,    -1.69029,106808664701505
106715658946698,2,    0.521817,   0.0426425,     2.77516,    -1.68993,106809368790717
106715658946698,2,    0.495482,   0.0537742,     2.75621,    -1.70771,106810057213209
106715658946698,2,    0.471344,   0.0826607,     2.80687,    -1.73841,106810702540864
106715658946698,2,    0.444572,    0.140046,     2.69862,     -1.7851,106811308758609
106715658946698,2,    0.437139,    0.196467,     2.61605,    -1.82503,106811958861268
106715658946698,2,    0.429551,     0.25799,     2.45754,    -1.92073,106812628395649
106715658946698,2,    0.419405,    0.284349,     2.27723,    -2.04464,106813235975750
106715658946698,2,    0.411324,    0.299338,     2.09707,    -2.15566,106813966563824
106715658946698,2,    0.389583,    0.313072,     1.91328,     -2.2636,106814638562110
106715658946698,2,    0.361649,    0.262282,     1.74919,    -2.34375,106815308700508
106715658946698,2,    0.338323,    0.217407,     1.60706,    -2.41388,106815941476443
106715658946698,2,    0.296706,    0.160641,     1.39239,    -2.49832,106816668629868
106715658946698,2,    0.279156,    0.155974,      1.2559,    -2.54483,106817396808550
106715658946698,2,    0.249766,    0.147344,     1.12162,    -2.58807,106818106306135
106715658946698,2,     0.23069,    0.136363,    0.983983,    -2.62352,106818728920241
106715658946698,2,    0.210187,    0.123249,      0.8766,    -2.65165,106819433862262
106715658946698,2,    0.197134,    0.109413,    0.813714,    -2.66998,106820138979977
106715658946698,2,    0.173173,    0.114056,    0.694216,    -2.69256,106820826031208
106715658946698,2,     0.15245,    0.113313,    0.604664,    -2.71195,106821533365351
106715658946698,2,    0.138777,    0.106616,     0.54039,    -2.72924,106822544033921
106715658946698,2,    0.119167,    0.100347,    0.443437,    -2.74438,106823286738462
106715658946698,2,    0.102492,     0.08987,     0.36139,    -2.75492,106823950771786
106715658946698,2,   0.0923601,   0.0755561,     0.31046,    -2.76031,106824555609311
106715658946698,2,   0.0765442,   0.0679455,    0.242053,     -2.7661,106825221389677
106715658946698,2,   0.0684286,   0.0607712,    0.215785,    -2.76748,106825832942357
106715658946698,2,   0.0543052,   0.0528346,    0.157407,    -2.77335,106826578057679
106715658946698,2,   0.0430839,   0.0381453,      0.1118,    -2.77607,106827270435697
106715658946698,2,   0.0351184,   0.0294252,    0.086916,     -2.7758,106827895035800
106715658946698,2,   0.0283276,   0.0221935,   0.0684485,    -2.77721,106828546744146
106715658946698,2,   0.0145438,   0.0114495,     0.04369,     -2.7791,106829289459150
106715658946698,2,   0.0605506,   0.0531449,     3.60854,    0.517482,106829977404767
106715658946698,2,    0.131867,    0.111374,      3.6173,    0.492978,106830543848994
106715658946698,2,    0.208178,     0.18501,     3.61446,    0.456012,106831213267412
106715658946698,2,    0.275907,    0.259835,      3.6119,    0.365512,106831878207710
106715658946698,2,    0.349343,    0.322404,     3.62073,    0.254683,106832736824292
106715658946698,2,    0.408504,    0.344126,     3.59811,   0.0810077,106833614996954
106715658946698,2,    0.452861,    0.369972,       3.595,    0.107601,106834318362481
106715658946698,2,    0.491864,      0.3506,     3.57781,   -0.107175,106835000650027
106715658946698,2,    0.537636,    0.231558,     3.53552,   -0.294496,106835588490852
106715658946698,2,    0.584863,    0.184504,     3.50535,   -0.439866,106836118595320
106715658946698,2,    0.654113,    0.149785,     3.46986,   -0.554171,106836746214048
106715658946698,2,    0.742077,    0.136602,     3.45159,   -0.601591,106837413511449
106715658946698,2,     0.83434,    0.123002,     3.42747,   -0.649855,106838080603773
106715658946698,2,    0.922791,   0.0989422,     3.38796,   -0.699337,106838788581317
106715658946698,2,    0.989055,   0.0802513,     3.35387,   -0.719107,106839354849643
106715658946698,2,     1.05497,   0.0645528,     3.33839,   -0.732935,106840004197996
106715658946698,2,      1.1136,     0.05336,     3.32374,   -0.725056,106840695642249
106715658946698,2,     1.15743,   0.0432481,     3.30301,   -0.726204,106841337665181
106715658946698,2,     1.18932,    0.027718,     3.27685,   -0.693586,106841985170623
106715658946698,2,     1.20396,   0.0117945,     3.26499,    -0.68031,106842614415720
106715658946698,2,     1.18977, -0.00296598,     3.24699,   -0.652059,106843316034642
106715658946698,2,     1.16831, -0.00276822,     3.24004,   -0.617509,106843981288926
106715658946698,2,     1.15088,  -0.0105913,     3.22811,   -0.559316,106844687140700
106715658946698,2,     1.13305,  -0.0118114,     3.21199,   -0.521734,106845307801300
106715658946698,2,     1.10828, -0.00712217,     3.22535,   -0.448303,106845897201057
106715658946698,2,     1.08885,  -0.0170663,     3.20485,   -0.422675,106846446261319
106715658946698,2,     1.06188, -0.00481287,     3.19357,   -0.367466,106847171214782
106715658946698,2,       1.044, -0.00106991,     3.19464,   -0.327684,106847819648249
106715658946698,2,     1.01459, -0.00157463,      3.1546,   -0.278961,106848466195338
106715658946698,2,    0.992665,-0.000190302,     3.15278,   -0.226287,106849096358840
106715658946698,2,    0.976985, 0.000248016,     3.13723,   -0.191758,106849805776174
106715658946698,2,    0.948589, 0.000366037,     3.15864,   -0.160584,106850494255844
106715658946698,2,    0.914071,-0.000415802,     3.14067,   -0.107332,106851140529205
106715658946698,2,      0.8889,  -0.0010795,     3.10544,  -0.0795426,106851849693679
106715658946698,2,     0.86257, -0.00078918,     3.13693,  -0.0245601,106852595871876
106715658946698,2,    0.838164, -0.00111838,     3.10361, -0.00790619,106853236901453
106715658946698,2,     0.81362, 0.000506782,     3.11114,   0.0342264,106853899113689
106715658946698,2,    0.787642, -0.00448639,     3.06821,   0.0490881,106854587930952
106715658946698,2,    0.755099,  -0.0039563,     2.87852,   0.0528125,106855307144514
106715658946698,2,    0.733406, -0.00286958,     2.79751,   0.0561906,106856031868274
106715658946698,2,    0.707008, -0.00407044,     2.66263,    0.055937,106856737470939
106715658946698,2,    0.683579,  -0.0012051,     2.55173,   0.0559165,106857343767582
106715658946698,2,    0.657808,  0.00349498,     2.44565,   0.0614333,106858070589512
106715658946698,2,    0.633936,  0.00429261,       2.324,   0.0630062,106858817679491
106715658946698,2,    0.604774, 0.000860489,     2.17352,   0.0567637,106859505573553
106715658946698,2,     0.58496,  0.00195863,     2.10869,   0.0581483,106860176376558
106715658946698,2,    0.553118, 0.000848354,     1.97102,   0.0562727,106860899869859
106715658946698,2,    0.543148, -0.00140374,     1.93659,    0.056217,106861584736614
106715658946698,2,     0.51998, -0.00115677,     1.84391,   0.0563739,106862327906239
106715658946698,2,    0.493579,-0.000898964,     1.73081,   0.0565811,106862992950459
106715658946698,2,    0.466753,-0.000919739,     1.62267,   0.0564257,106863682418536
106715658946698,2,    0.449914, -0.00151376,     1.56781,   0.0571703,106864291072376
106715658946698,2,    0.429994, 0.000306438,     1.47426,   0.0585199,106864974627408
106715658946698,2,    0.413662, -0.00173381,     1.41236,   0.0575438,106865627043114
106715658946698,2,    0.393283, 0.000873099,     1.34209,   0.0598449,106866233907871
106715658946698,2,    0.373392,-3.13355e-05,     1.26001,   0.0599176,106866848392328
106715658946698,2,    0.358163,  -0.0013953,     1.20309,   0.0589284,106867547998805
106715658946698,2,    0.352326,  0.00525376,     1.14655,   0.0595775,106868201589833
106715658946698,2,    0.352635,    0.028573,     1.07724,   0.0587207,106868829826063
106715658946698,2,    0.348457,   0.0469852,     1.01996,   0.0535692,106869456755516
106715658946698,2,    0.349332,   0.0595838,    0.949775,   0.0454583,106870221015196
106715658946698,2,    0.353764,   0.0725149,    0.918144,   0.0421195,106870910643504
106715658946698,2,    0.357207,   0.0778301,    0.860965,   0.0305282,106871614042325
106715658946698,2,    0.362497,   0.0889133,    0.820555,   0.0214865,106872302655562
106715658946698,2,    0.356987,   0.0852507,    0.741881,  0.00856335,106872968730655
106715658946698,2,    0.365275,   0.0703365,    0.660167, -0.00689039,106873651225768
106715658946698,2,    0.364869,   0.0757957,     0.62999,   -0.014131,106874297543063
106715658946698,2,    0.359545,   0.0732166,    0.564729,  -0.0228191,106875027163160
106715658946698,2,    0.368528,   0.0595827,    0.494653,  -0.0299212,106875731607766
106715658946698,2,    0.368756,   0.0659094,    0.457711,  -0.0302466,106876411899934
106715658946698,2,     0.38503,   0.0625674,    0.348137,  -0.0349947,106877110729888
106715658946698,2,    0.389835,   0.0573796,     0.31304,   -0.037842,106877891841383
106715658946698,2,    0.384372,   0.0553915,    0.256628,  -0.0398599,106878476163398
106715658946698,2,    0.389689,    0.045021,    0.191616,  -0.0442007,106879392687052
106715658946698,2,    0.393361,   0.0390289,    0.137625,  -0.0482705,106880158150334
106715658946698,2,    0.403751,   0.0330354,   0.0620126,  -0.0479824,106880898126853
106715658946698,2,    0.408814,   0.0349508,   0.0124147,  -0.0471542,106881508130599
106715658946698,2,     0.42467,   0.0331303,     3.02232,    0.144056,106882211976001
106715658946698,2,    0.436002,   0.0312523,     3.00852,    0.131321,106882882786503
106715658946698,2,    0.448832,   0.0384573,     2.99402,    0.118759,106883571060092
106715658946698,2,    0.448173,   0.0342794,     2.98216,    0.104533,106884256452296
106715658946698,2,    0.470124,   0.0285181,     2.99966,   0.0912072,106884870477401
106715658946698,2,    0.498029,   0.0183212,     3.02259,   0.0742036,106885551996988
106715658946698,2,    0.529919, -0.00409218,     3.01467,   0.0712459,106886222451891
106715658946698,2,    0.545188,  -0.0223476,     3.01532,   0.0690809,106886830553425
106715658946698,2,    0.519134,  -0.0387248,     2.99625,   0.0796943,106887437347937
106715658946698,2,    0.494874,  -0.0256591,     3.01175,   0.0820907,106888163873597
106715658946698,2,    0.494874,  -0.0464561,     3.02061,    0.117093,106888798621647
106715658946698,2,    0.443396,  -0.0663644,     2.99096,    0.150031,106889487249711
106715658946698,2,    0.443396,   -0.106171,     3.00218,      0.1819,106890180146122
106715658946698,2,    0.443396,   -0.134331,     2.99845,     0.25493,106890834545708
106715658946698,2,    0.360555,    -0.11805,     3.00356,     0.31667,106891581558806
106715658946698,2,    0.360555,   -0.117402,     2.98913,    0.421128,106892227085222
106715658946698,2,    0.283196,  -0.0923242,     2.96821,    0.477162,106892928485505
106715658946698,2,    0.261151,  -0.0776601,     2.94453,    0.565607,106893530934518
106715658946698,2,    0.220681,  -0.0597785,     2.93006,    0.641202,106894273027503
106715658946698,2,         0.2,  -0.0526386,     2.95222,    0.665382,106895243802802
106715658946698,2,         0.2,   -0.043409,     2.91497,    0.705733,106896144023489
106715658946698,2,         0.2,  -0.0487443,      2.9374,    0.734648,106896872038428
106715658946698,2,         0.2,  -0.0308058,     2.91851,    0.756629,106897536264936
106715658946698,2,         0.2,  -0.0162558,     2.90544,    0.792671,106898105544537
106715658946698,2,         0.2, -0.00575123,     2.88102,     0.80856,106898785546044
106715658946698,2,         0.2, -0.00612186,     2.91119,    0.827416,106899508540417
106715658946698,2,         0.2, -0.00369172,      2.8773,    0.843637,106900167402385
106715658946698,2,         0.2,-6.80165e-05,     2.90674,    0.861229,106900886244982
106715658946698,2,         0.2,  -0.0102036,     2.87708,    0.876374,106901628581741
106715658946698,2,         0.2,  -0.0134381,     2.87999,    0.888286,106902293797652
106715658946698,2,         0.2,  -0.0338758,     2.87486,     0.91414,106903027288705
106715658946698,2,         0.2,  -0.0413521,     2.87641,    0.946565,106903652837176
106715658946698,2,         0.2,  -0.0418722,      2.8468,    0.967016,106904314345896
106715658946698,2,         0.2,  -0.0418013,     2.86256,     1.01171,106905052003977
106715658946698,2,         0.2,  -0.0399914,     2.84544,     1.03359,106905772991097
106715658946698,2,         0.2,  -0.0407645,     2.82544,     1.05881,106906517962020
106715658946698,2,    0.205256,  -0.0366721,     2.80523,     1.08795,106907216423098
106715658946698,2,    0.284442,  -0.0427954,     2.82853,     1.10856,106907824197368
106715658946698,2,    0.373132,  -0.0743761,     2.80379,     1.14726,106908551882624
106715658946698,2,    0.454175,  -0.0906906,     2.78377,     1.15655,106909310310596
106715658946698,2,    0.508959,  -0.0916883,     2.76144,     1.22565,106909953223838
106715658946698,2,     0.51873,  -0.0839454,       2.725,      1.2806,106910624175263
106715658946698,2,    0.533759,    -0.08251,      2.7273,     1.34105,106911328665503
106715658946698,2,    0.533391,   -0.072477,     2.68307,     1.39841,106912030900491
106715658946698,2,    0.517692,  -0.0548418,     2.64123,     1.50643,106912781866661
106715658946698,2,      0.4997,  -0.0374704,     2.62592,     1.55267,106913449642021
106715658946698,2,    0.482353,   -0.025977,     2.58379,     1.59772,106914078969125
106715658946698,2,    0.467436, -0.00978113,     2.57204,      1.6402,106914809651049
106715658946698,2,    0.456626,  0.00738399,     2.55616,     1.67043,106915472568910
106715658946698,2,    0.444666,   0.0146047,     2.54704,     1.70017,106916121388785
106715658946698,2,    0.430043,   0.0375394,     2.54198,     1.71449,106916808680964
106715658946698,2,    0.418985,    0.043578,     2.52527,       1.722,106917516027320
106715658946698,2,    0.405096,   0.0751594,     2.55609,     1.73262,106918231183008
106715658946698,2,    0.392614,   0.0993939,      2.5648,     1.71902,106918936871709
106715658946698,2,    0.377013,    0.120395,     2.59849,     1.69943,106919649431435
106715658946698,2,    0.368788,    0.118383,     2.61394,      1.6711,106920314076000
106715658946698,2,    0.370883,    0.130245,     2.61905,     1.64025,106921004205933
106715658946698,2,    0.372842,    0.142312,     2.66624,     1.58122,106921733873403
106715658946698,2,    0.366766,    0.133973,     2.71207,     1.54197,106922366732297
106715658946698,2,    0.370757,    0.135103,     2.73756,     1.48564,106922976320608
106715658946698,2,    0.386408,    0.150559,     2.75559,     1.42106,106923685660453
106715658946698,2,    0.391149,    0.159969,     2.78535,     1.35356,106924332112286
106715658946698,2,    0.394309,    0.171022,     2.84512,     1.27628,106925042971896
106715658946698,2,    0.399259,    0.155057,     2.87219,      1.2211,106925787199090
106715658946698,2,    0.407383,    0.163536,     2.89398,     1.18399,106926475972062
106715658946698,2,    0.406026,    0.133991,      2.9231,     1.07806,106927169455674
106715658946698,2,    0.426458,    0.145282,     2.95274,     1.01092,106927831645932
106715658946698,2,    0.444642,    0.129593,     2.97673,    0.938065,106928479151305
106715658946698,2,    0.445495,    0.108252,     2.98855,    0.883777,106929092661755
106715658946698,2,    0.440834,   0.0937342,     3.01572,    0.834738,106929763808369
106715658946698,2,    0.501827,    0.152677,     3.02607,    0.789426,106930455756577
106715658946698,2,    0.581091,    0.159876,     3.04299,     0.73207,106931130962240
106715658946698,2,    0.647412,    0.166922,     3.06588,    0.625625,106931780643299
106715658946698,2,    0.707106,    0.160036,     3.07273,    0.564697,106932454605103
106715658946698,2,    0.768599,    0.148092,      3.1005,    0.438362,106933085076902
106715658946698,2,    0.837835,    0.133986,     3.07562,    0.394666,106933780911045
106715658946698,2,    0.896153,   0.0895377,     3.08406,    0.261381,106934471758730
106715658946698,2,    0.938003,    0.074802,     3.08732,    0.193629,106935102874541
106715658946698,2,    0.970422,   0.0418231,     3.08016,    0.124071,106935816200389
106715658946698,2,     0.97701,    0.013159,     3.10407,   0.0537937,106936428950489
106715658946698,2,    0.951649,  0.00478163,     3.10578,   0.0117691,106937157190816
106715658946698,2,    0.926676, 3.66719e-06,     3.08699,  -0.0239134,106937908121427
106715658946698,2,    0.889004,  -0.0128314,     2.95816,  -0.0448959,106938561895250
106715658946698,2,    0.861759,  -0.0218836,     2.79878,  -0.0391071,106939255813381
106715658946698,2,    0.845594,  -0.0229738,     2.70692,  -0.0391367,106940026615407
106715658946698,2,    0.812668,  -0.0183492,     2.52546,   -0.024977,106940760531138
106715658946698,2,     0.80114,   -0.012987,     2.48463,  -0.0224937,106941472459953
106715658946698,2,    0.768928, -0.00579419,     2.29709,   -0.011468,106942224978524
106715658946698,2,    0.749229, -0.00961321,     2.19506,  -0.0129689,106942837496892
106715658946698,2,    0.725485, -0.00978366,     2.07817,  -0.0090846,106943531074384
106715658946698,2,    0.690528,  -0.0097501,     1.91328, -0.00628772,106944221635375
106715658946698,2,    0.660552, -0.00733556,     1.77799,  -0.0047431,106944950095883
106715658946698,2,    0.631054, -0.00545534,      1.6517, -0.00342266,106945660159477
106715658946698,2,    0.606571, -0.00168005,     1.55064, 4.44763e-05,106946353967111
106715658946698,2,    0.580542,-0.000710247,     1.44751, -0.00104129,106947086577628
106715658946698,2,    0.541273, 2.42665e-05,     1.29981, -0.00105425,106947838180800
106715658946698,2,    0.535044, -0.00193536,     1.28145, -0.00282121,106948551201932
106715658946698,2,    0.500657,  0.00140638,     1.15502,-0.000196085,106949197936712
106715658946698,2,    0.478882, 0.000168706,      1.0861, -0.00195326,106949932261405
106715658946698,2,    0.452881,  0.00452427,    0.992721, 0.000322893,106950584103127
106715658946698,2,    0.427541,  0.00223797,    0.908875, -0.00148498,106951292845399
106715658946698,2,    0.402608,  0.00281708,    0.843262, -0.00204309,106952007368063
106715658946698,2,    0.390121,  0.00260139,    0.791461, -0.00250211,106952755836381
106715658946698,2,    0.359956, -0.00163831,    0.699993, -0.00518622,106953402736572
106715658946698,2,    0.339686, 0.000597786,    0.641635, -0.00372116,106954114548177
106715658946698,2,    0.312358, 0.000293871,    0.573568, -0.00438234,106954921072617
106715658946698,2,    0.300474,  0.00163446,    0.532646, -0.00314015,106955552561019
106715658946698,2,    0.280741,-0.000802392,    0.495196,  -0.0041275,106956260596035
106715658946698,2,    0.264793, -0.00419265,     0.43905, -0.00605656,106957050624852
106715658946698,2,    0.242471, -0.00364029,    0.383879, -0.00679166,106957872893855
106715658946698,2,    0.224245, -0.00352829,    0.341691, -0.00793201,106958618090081
106715658946698,2,    0.208549, -0.00193736,    0.310685, -0.00855394,106959243975429
106715658946698,2,    0.191357, 0.000469388,    0.268596,  -0.0070432,106960028421093
106715658946698,2,    0.174991,  0.00229421,    0.233853, -0.00535734,106960775648312
106715658946698,2,    0.163447,  0.00497734,    0.211128, -0.00496908,106961404179348
106715658946698,2,    0.148238,  0.00279944,     0.18236, -0.00319567,106962161556242
106715658946698,2,    0.132717,  0.00498259,    0.153913,  -0.0027718,106962867207805
106715658946698,2,    0.114118,  0.00446345,    0.127493,  -0.0038849,106963607154078
106715658946698,2,    0.103282,  0.00213835,    0.109784, -0.00471961,106964279426137
106715658946698,2,   0.0890325,  0.00241254,   0.0918525,  -0.0033359,106964968175999
106715658946698,2,   0.0791849, 0.000726472,   0.0776859, -0.00133655,106965576322794
106715658946698,2,   0.0657589,  0.00240129,    0.059798, 0.000834071,106966326128087
106715658946698,2,   0.0568577,  0.00155295,   0.0493863, 0.000581378,106967051871198
106715658946698,2,   0.0435593, 0.000801233,    0.034273,-0.000961369,106967773431851
106715658946698,2,   0.0326717,-0.000157952,   0.0239138, -0.00252023,106968421216354
106715658946698,2,   0.0224948, 2.58429e-05,   0.0156075, -0.00441685,106969109589639
106715658946698,2,   0.0155835,-5.97229e-05,    0.011141, -0.00506424,106969847183771
106715658946698,2,   0.0125604,-5.96643e-05,  0.00958012, -0.00555376,106970591154350
106715658946698,2,           0,           0,  0.00478017, -0.00605995,106971251748782
106715658946698,2,           0,  -0.0831176,  0.00367869, -0.00673083,106971902030459
106715658946698,2,           0,   -0.164727,  0.00335617, -0.00875383,106972611100032
106715658946698,2,           0,   -0.201332,  0.00425878, -0.00879851,106973382048484
106715658946698,2,           0,   -0.180803,  0.00692854, -0.00704399,106973955491581
106715658946698,2,           0,    -0.14695,  0.00789757, -0.00534566,106974626016902
106715658946698,2,           0,    -0.09942,  0.00963103,-0.000553969,106975375396725
106715658946698,2,           0,  -0.0806613,   0.0119189, 0.000397194,106976049909840
106715658946698,2,           0,  -0.0495048,   0.0133938,  0.00301634,106976764155638
106715658946698,2,           0,   -0.023349,   0.0131852,  0.00466704,106977512999499
106715658946698,2,           0,  -0.0115139,   0.0145085,   0.0052709,106978204959422
106978441423233,2,           0,           0,    -2.99795,   0.0663676,106978949212231
106978441423233,2,           0,           0,    -2.99795,   0.0663676,106979671433632
106978441423233,2,           0,           0,    -2.99795,   0.0663676,106980414430275
106978441423233,2,           0,    0.300281,    -2.99713,   0.0571571,106981205996925
106978441423233,2,           0,    0.508306,    -2.99227,    0.180902,106981816954735
106978441423233,2,           0,    0.704778,    -2.98424,     0.31846,106982484961132
106978441423233,2,           0,    0.875069,    -2.93582,    0.639099,106983187863626
106978441423233,2,           0,     1.01064,    -2.89123,    0.824187,106983929720819
106978441423233,2,           0,     1.09365,    -2.64681,      1.4393,106984627564008
106978441423233,2,           0,     1.11926,    -2.44328,     1.78309,106985235061947
106978441423233,2,           0,     1.07675,    -1.99523,      2.2966,106985951996396
106978441423233,2,           0,     1.03164,    -1.53682,     2.63018,106986615752322
106978441423233,2,           0,    0.974466,   -0.712219,     2.96865,106987337639941
106978441423233,2,           0,    0.930831,   -0.217286,     3.04375,106988056864759
106978441423233,2,           0,    0.894487,    0.178331,     3.04776,106988759160405
106978441423233,2,           0,    0.831136,    0.793012,     2.95639,106989341568427
106978441423233,2,           0,    0.776716,     1.24929,     2.80404,106989986242647
106978441423233,2,           0,    0.708906,     1.59714,     2.62987,106990744751708
106978441423233,2,           0,    0.645132,     2.05395,     2.30026,106991487855454
106978441423233,2,           0,    0.594699,     2.25843,     2.10343,106992111434534
106978441423233,2,           0,    0.545277,     2.46942,     1.85193,106992808441314
106978441423233,2,           0,    0.479194,     2.65819,     1.57014,106993525136775
106978441423233,2,           0,    0.429844,     2.79121,     1.30684,106994223483414
106978441423233,2,           0,    0.379792,     2.88327,     1.07549,106994924128707
106978441423233,2,           0,    0.331858,     2.94898,    0.867352,106995546810499
106978441423233,2,           0,    0.282962,     2.99886,    0.669866,106996247543593
106978441423233,2,           0,    0.242765,     3.01716,    0.574031,106996927544162
106978441423233,2,           0,    0.197475,     3.04608,    0.361715,106997626168199
106978441423233,2,           0,    0.171654,     3.05341,    0.281267,106998307391862
106978441423233,2,           0,    0.132415,     3.05972,    0.183869,106998932650335
106978441423233,2,           0,   0.0797302,     3.06371,   0.0756707,106999515211290
106978441423233,2,           0,   0.0448956,     3.06291,  0.00950019,107000184651344
106978441423233,2,           0,   0.0161864,     3.06155,  -0.0256684,107000908067763
106978441423233,2,   0.0395607,  0.00159783,     3.06004,  -0.0476113,107001573688130
106978441423233,2,    0.168623,  -0.0218088,     3.05317,  -0.0490385,107002310980107
106978441423233,2,    0.274209,  -0.0395132,     3.04186,  -0.0455094,107002973932626
106978441423233,2,    0.375911,  -0.0510499,     3.02159,  -0.0441792,107003676270987
106978441423233,2,    0.459938,  -0.0490746,     3.02403,  -0.0251672,107004319663606
106978441423233,2,    0.543138,   -0.028339,     2.99539,  -0.0141239,107005045199977
106978441423233,2,    0.609936,  -0.0118227,     3.02158,  0.00710336,107005727333120
106978441423233,2,    0.668883, -0.00262053,     3.01175,   0.0128423,107006472087659
106978441423233,2,    0.706767,  0.00547754,     3.00539,    0.020887,107007113914375
106978441423233,2,    0.728624,   0.0118872,     3.01242,   0.0259678,107007697918133
106978441423233,2,    0.715194,    0.019825,     2.99915,   0.0295514,107008300654751
106978441423233,2,    0.695416,   0.0131788,     3.00381,   0.0186418,107008928269270
106978441423233,2,     0.66746,   0.0210476,     3.00265,   0.0194961,107009576413976
106978441423233,2,    0.634958,   0.0226396,     3.01526,   0.0237267,107010277501103
106978441423233,2,    0.620164,   0.0234499,     2.98969,   0.0217444,107010923154498
106978441423233,2,    0.586347,   0.0208833,     3.01453,  0.00832277,107011529579521
106978441423233,2,    0.566652,   0.0282208,     3.01504,   0.0204343,107012243506873
106978441423233,2,    0.555311,   0.0225002,     3.00283, -0.00746211,107012989485457
106978441423233,2,    0.552137,   0.0449718,     3.00842,  -0.0281515,107013643197972
106978441423233,2,    0.542205,   0.0710714,     3.01312,  -0.0465312,107014310263829
106978441423233,2,    0.535813,   0.0900233,     3.02516,  -0.0601363,107015020097457
106978441423233,2,    0.526231,    0.118917,      3.0283,   -0.121119,107015659583644
106978441423233,2,    0.518301,    0.152971,      3.0065,   -0.185733,107016382424517
106978441423233,2,    0.513983,     0.17703,      2.9997,   -0.255332,107017104632712
106978441423233,2,     0.52682,    0.193054,     2.99022,   -0.370448,107018074122238
106978441423233,2,    0.501925,    0.168788,     2.96946,   -0.503557,107018741832821
106978441423233,2,    0.501925,    0.150965,     2.94905,   -0.628591,107019680244864
106978441423233,2,    0.421925,    0.133839,     2.91014,   -0.741667,107020663634668
106978441423233,2,    0.421925,    0.139787,     2.91676,   -0.746696,107021371586135
106978441423233,2,    0.421925,   0.0949318,      2.9049,   -0.844807,107022011311510
106978441423233,2,    0.468819,   0.0783717,     2.86446,   -0.924846,107022715365312
106978441423233,2,     0.52805,    0.051611,     2.84812,   -0.987801,107023382645094
106978441423233,2,     0.58405,   0.0348664,     2.83633,    -1.04466,107024003962305
106978441423233,2,    0.634149,   0.0411113,     2.82581,    -1.09645,107024685349358
106978441423233,2,     0.67427,   0.0534297,     2.78209,    -1.17769,107025416483175
106978441423233,2,    0.698491,   0.0567711,      2.7879,    -1.17417,107026071662360
106978441423233,2,    0.702405,   0.0621823,     2.76069,    -1.25891,107026722118519
106978441423233,2,    0.691891,   0.0558907,     2.72041,     -1.3205,107027407426541
106978441423233,2,    0.685661,   0.0512677,     2.71808,    -1.35597,107028118216393
106978441423233,2,    0.668649,   0.0362249,     2.67364,    -1.43934,107028828275426
106978441423233,2,     0.64927,   0.0187216,     2.65274,    -1.51078,107029541229983
106978441423233,2,    0.630807,   0.0108068,     2.64948,    -1.53433,107030213498781
106978441423233,2,    0.607988,  0.00533538,     2.61357,    -1.59075,107030863731491
106978441423233,2,    0.594164, 0.000569682,     2.59655,    -1.62441,107031536183484
106978441423233,2,    0.577836, -0.00474049,     2.59322,    -1.66132,107032229772840
106978441423233,2,    0.560152,  -0.0214072,     2.57144,    -1.69645,107032964878567
106978441423233,2,    0.553949,   -0.043724,     2.57738,    -1.71539,107033734241678
106978441423233,2,     0.54591,  -0.0731961,     2.57618,    -1.72775,107034344826655
106978441423233,2,    0.532007,   -0.164833,     2.59113,    -1.70056,107035016844797
106978441423233,2,    0.526965,   -0.143812,     2.60566,    -1.70024,107035730239010
106978441423233,2,    0.521043,   -0.152942,     2.62839,    -1.65653,107036344047569
106978441423233,2,    0.516365,   -0.167286,      2.6918,    -1.61258,107036957709668
106978441423233,2,    0.512168,   -0.195262,     2.71461,    -1.53756,107037573189648
106978441423233,2,     0.50927,   -0.209776,     2.77759,    -1.44192,107038345434322
106978441423233,2,    0.507728,   -0.222517,     2.82244,    -1.36113,107038977808074
106978441423233,2,    0.507389,    -0.23985,     2.91318,    -1.25453,107039592772868
106978441423233,2,    0.507619,   -0.227586,     2.93493,    -1.15478,107040247849774
106978441423233,2,    0.508323,   -0.224361,     2.98176,    -1.05272,107040902613350
106978441423233,2,    0.510122,   -0.219613,     3.01219,   -0.925184,107041615779595
106978441423233,2,    0.513237,   -0.206434,     3.03108,   -0.789766,107042248600242
106978441423233,2,    0.516033,   -0.180835,      3.1073,   -0.650101,107042865259376
106978441423233,2,    0.520947,   -0.158985,     3.11865,   -0.516343,107043538894162
106978441423233,2,      0.5256,   -0.141761,     3.08485,   -0.426963,107044249971573
106978441423233,2,    0.586319,   -0.122533,     3.13285,   -0.343532,107044823386132
106978441423233,2,    0.657912,   -0.102595,     3.13674,   -0.199328,107045537676134
106978441423233,2,    0.726933,  -0.0802585,     3.11252,   -0.159819,107046251250665
106978441423233,2,    0.779805,  -0.0660902,     2.98743,   -0.103375,107046921559871
106978441423233,2,     0.81922,   -0.058461,     2.90406,   -0.078538,107047611577316
106978441423233,2,    0.842888,   -0.044331,     2.74458,  -0.0416395,107048261590449
106978441423233,2,    0.836303,  -0.0299738,     2.68281,  -0.0247678,107048931614707
106978441423233,2,    0.809204,   -0.020167,     2.48892, -0.00210938,107049622221263
106978441423233,2,    0.783531,  -0.0193246,     2.35522,  0.00427145,107050293922152
106978441423233,2,    0.766711,  -0.0126003,     2.27138,   0.0116712,107050947457639
106978441423233,2,    0.734791,  -0.0105234,     2.11147,   0.0144602,107051658021896
106978441423233,2,    0.707177,  0.00333817,     1.98034,   0.0214905,107052230371583
106978441423233,2,    0.670833,  0.00287985,     1.81555,   0.0172807,107052883473764
106978441423233,2,    0.638898,  0.00105975,     1.67775,   0.0122407,107053577339447
106978441423233,2,    0.624759,  0.00208792,     1.61902,   0.0112346,107054212444308
106978441423233,2,    0.597779,  0.00589324,     1.50957,   0.0112603,107054963822624
106978441423233,2,    0.569076,  0.00607855,     1.43981,  0.00774941,107055654896789
106978441423233,2,    0.541822,  0.00564991,     1.30238,  0.00428185,107056387509790
106978441423233,2,    0.518387,  0.00616898,     1.22295,  0.00475668,107057099122744
106978441423233,2,    0.480146,  0.00492193,     1.08423, 0.000753483,107057788807279
106978441423233,2,    0.467053,  0.00601981,     1.04308,  0.00023836,107058498543692
106978441423233,2,    0.448045,  0.00401043,    0.963983, -0.00184941,107059129582796
106978441423233,2,    0.429499,  0.00245381,    0.905174, -0.00489118,107059821442373
106978441423233,2,    0.396527,  0.00227014,    0.803046, -0.00612382,107060488939808
106978441423233,2,    0.370422,   0.0025192,    0.724922, -0.00860331,107061200205311
106978441423233,2,    0.348529,  0.00367485,    0.668145, -0.00851639,107061828609030
106978441423233,2,    0.329398,  0.00514751,    0.624302, -0.00763628,107062517754675
106978441423233,2,    0.307098,   0.0037381,    0.548313, -0.00875815,107063168992023
106978441423233,2,    0.280546,  4.6093e-05,    0.477561, -0.00863697,107063898185257
106978441423233,2,    0.270723, -0.00222748,    0.451997, -0.00920629,107064531742219
106978441423233,2,     0.24558, -0.00170375,    0.399871,   -0.010506,107065200472902
106978441423233,2,    0.229463, 0.000832382,    0.351941,  -0.0100425,107065791655958
106978441423233,2,    0.209634,  0.00165459,     0.30702,  -0.0100204,107066414693935
106978441423233,2,    0.190586,  0.00423806,    0.271699, -0.00935775,107067059425204
106978441423233,2,      0.1771,  0.00448126,    0.246644, -0.00918274,107067706804946
106978441423233,2,    0.159144,  0.00267851,    0.202823,  -0.0113757,107068378548678
106978441423233,2,    0.144014,    0.003981,    0.174225,  -0.0115269,107069050720584
106978441423233,2,    0.129236,  0.00404135,    0.143225,  -0.0110182,107069778660807
106978441423233,2,    0.109349,  0.00219202,    0.123269,  -0.0117558,107070384987261
106978441423233,2,   0.0952762,  0.00237752,    0.102264,  -0.0136232,107071049115052
106978441423233,2,   0.0838393,  0.00180039,   0.0839912,  -0.0130542,107071655692104
106978441423233,2,   0.0719829,  0.00254509,   0.0678034,  -0.0116716,107072247436514
106978441423233,2,   0.0587787,   0.0026001,   0.0512013,  -0.0112719,107072918972903
106978441423233,2,   0.0497049,  0.00258525,   0.0407594,   -0.011201,107073569994712
106978441423233,2,   0.0389967, 0.000735188,    0.029709,  -0.0126642,107074223126381
106978441423233,2,   0.0329153, 0.000533296,   0.0240757,  -0.0119065,107074830331892
106978441423233,2,   0.0243419, 0.000141084,   0.0181099,  -0.0147737,107075455978535
106978441423233,2,   0.0171376, 7.81818e-05,   0.0120187,   -0.016809,107076081192858
106978441423233,2,  0.00848819, 3.57096e-05,  0.00739105,   -0.019006,107076743846746
106978441423233,2,  0.00950807,   3.793e-05,  0.00791507,  -0.0166385,107077417206542
106978441423233,2,  0.00950807, 1.01787e-05,  0.00787247,  -0.0145956,107078106387699
106978441423233,2,  0.00587921, 1.03348e-05,  0.00640739,  -0.0160138,107078819862464
106978441423233,2,  0.00842168, 6.17388e-05,  0.00770176,  -0.0155753,107079468122979
106978441423233,2,  0.00554235, 1.50785e-05,  0.00625074,  -0.0141854,107080098502467
106978441423233,2,           0,   0.0165282,  0.00466136,  -0.0139767,107080667916777
106978441423233,2,           0,    0.125969,  0.00401967,     -0.0133,107081263959769
106978441423233,2,           0,    0.240882,  0.00168881,  -0.0145966,107082208099834
106978441423233,2,           0,    0.278804, -0.00162246,  -0.0155698,107082901764104
106978441423233,2,           0,    0.268194, -0.00580053,  -0.0153053,107083850952611
106978441423233,2,           0,    0.219488,  -0.0100908,  -0.0182845,107084424383748
106978441423233,2,           0,    0.144902,  -0.0138156,  -0.0144594,107085155477537
106978441423233,2,           0,   0.0983755,  -0.0177598, -0.00954452,107085784327344
106978441423233,2,           0,   0.0527814,  -0.0196506, -0.00653579,107086436846940
106978441423233,2,           0,   0.0183897,  -0.0215108, -0.00418017,107087088104454
107087443754376,2,           0,           0,      3.0325,  -0.0557034,107087812199850
107087443754376,2,           0,           0,      3.0325,  -0.0557034,107088493176680
107087443754376,2,           0,           0,      3.0325,  -0.0557034,107089194757167
107087443754376,2,           0,  -0.0156349,     3.03037,  -0.0738853,107089960051934
107087443754376,2,           0,  -0.0256061,     3.02622,  -0.0737987,107090806802569
107087443754376,2,           0,  -0.0198119,     3.02426,  -0.0665616,107091359419805
107087443754376,2,           0, -0.00783113,     3.02631,  -0.0584262,107091948418065
107087443754376,2,   0.0191607, -0.00229892,     3.02603,  -0.0538112,107092586811693
107087443754376,2,    0.167834,  -0.0284049,     3.01738,  -0.0420505,107093212650428
107087443754376,2,    0.299766,  -0.0343636,     3.02375,  -0.0471679,107093803502659
107087443754376,2,    0.436516,  -0.0257483,     3.02984,  -0.0331019,107094453331479
107087443754376,2,    0.579416,   -0.013766,     3.02036,  -0.0254738,107095181450667
107087443754376,2,    0.694057, -0.00944984,     3.00365,  -0.0165687,107095813806004
107087443754376,2,    0.793871, -0.00748732,     2.98915,  -0.0127349,107096402038255
107087443754376,2,    0.897962, -0.00680231,     3.00001,  -0.0128516,107097071694830
107087443754376,2,    0.981766, -0.00999352,     3.00537, -0.00876928,107097663766310
107087443754376,2,     1.08381, -0.00930809,     2.99076, -0.00720844,107098470351301
107087443754376,2,     1.15141, -0.00377296,      3.0205,  -0.0021817,107099083201059
107087443754376,2,     1.22087,  0.00139543,     3.00648,  0.00386533,107099812142913
107087443754376,2,     1.26521,  0.00230161,     3.01586,  0.00389103,107100362979587
107087443754376,2,     1.31006,  0.00117888,        3.01,  0.00231308,107101055842412
107087443754376,2,     1.34387,  0.00550607,     3.00788,  0.00584844,107101805777396
107087443754376,2,     1.35913,  0.00404682,     3.00194,  0.00326316,107102578392933
107087443754376,2,     1.34764,  0.00881767,     2.99929,   0.0060409,107103209404257
107087443754376,2,     1.32828, 0.000267332,      3.0144,  0.00322068,107103999937142
107087443754376,2,     1.32339,   -0.001785,     3.00543, -0.00300949,107104613719707
107087443754376,2,     1.30582,  0.00292626,     3.01817,  0.00240692,107105286841886
107087443754376,2,     1.29168, -0.00386701,     3.02505, -0.00246093,107105958806878
107087443754376,2,     1.27002, -0.00190047,     3.01939,  0.00263748,107106610301705
107087443754376,2,     1.25623, -0.00362917,     3.02377,-0.000950552,107107301957990
107087443754376,2,     1.23789,  -0.0114288,     3.00998, -0.00436427,107107933791804
107087443754376,2,     1.22798, -0.00793332,     3.00966,  0.00165164,107108624640293
107087443754376,2,     1.20825, -0.00941322,     3.00867,   0.0033156,107109275920236
107087443754376,2,     1.18767, -0.00292838,     3.00927,    0.012169,107109906357961
107087443754376,2,     1.16784,    0.003819,     2.99305,   0.0133427,107110635917156
107087443754376,2,       1.151,  0.00210139,     3.01554,   0.0118226,107111325969983
107087443754376,2,       1.136,  0.00416071,     3.01208,   0.0147224,107111918028486
107087443754376,2,     1.10152,  0.00551129,     3.00181,   0.0147024,107112509744890
107087443754376,2,     1.08938,  0.00332087,     3.00844,   0.0143559,107113137697317
107087443754376,2,     1.06437,  0.00174906,     3.00996,   0.0105367,107113787339343
107087443754376,2,      1.0445,  0.00185759,     3.00958,   0.0140565,107114616247577
107087443754376,2,     1.02578,  0.00132743,     2.99949,  0.00520559,107115306610400
107087443754376,2,     1.00281,  0.00384722,       3.028,  0.00922746,107115997071567
107087443754376,2,    0.972301,   0.0028119,     3.02074,  0.00594103,107116622027135
107087443754376,2,    0.950103,  0.00127874,      3.0128,  0.00697894,107117372856158
107087443754376,2,    0.925056, 0.000194231,     3.01306,  0.00490372,107117997839577
107087443754376,2,    0.901656,  0.00478589,     3.01435,  0.00982773,107118607478828
107087443754376,2,    0.877798, 0.000762287,     2.89239,  0.00578077,107119316318335
107087443754376,2,    0.849841,  0.00229155,     2.73131,  0.00268832,107120005345247
107087443754376,2,     0.82857, -0.00272813,     2.61216, -0.00124294,107120654159537
107087443754376,2,    0.800206,-1.96616e-05,     2.50158, 0.000209168,107121246525459
107087443754376,2,    0.770892,  0.00123129,     2.28946, 0.000898481,107121957262999
107087443754376,2,    0.747281,-0.000774359,     2.18502,-0.000590445,107122703913072
107087443754376,2,    0.719673,-0.000966504,     2.05045,  0.00124844,107123376479514
107087443754376,2,    0.697205, -0.00331141,     1.93468, -0.00227222,107124046832999
107087443754376,2,    0.674559,-0.000897381,     1.85578,-0.000466076,107124677493735
107087443754376,2,    0.641895,-0.000158724,     1.69736,  0.00103184,107125346807306
107087443754376,2,    0.618085, 0.000575208,     1.59667, 0.000819529,107125959997033
107087443754376,2,    0.591041,  0.00394261,     1.48797,  0.00356374,107126590693294
107087443754376,2,    0.564295,  0.00277035,     1.41914,  0.00229461,107127220840304
107087443754376,2,    0.529172,  0.00178982,     1.27997, 0.000440237,107127874024118
107087443754376,2,     0.51325,  0.00133835,     1.20084,  0.00166997,107128490738994
107087443754376,2,    0.486839,  0.00335696,     1.10647,  0.00187683,107129198229474
107087443754376,2,    0.465726,  0.00339685,      1.0354,  0.00225269,107129809171844
107087443754376,2,    0.434949,  0.00139271,    0.933443,  0.00109818,107130403712296
107087443754376,2,    0.419176,-0.000612484,    0.879816, 0.000917546,107131078338469
107087443754376,2,    0.391856, 0.000447125,    0.800509,  0.00113985,107131821306101
107087443754376,2,    0.368351, -0.00183664,    0.730368, 0.000151971,107132433846041
107087443754376,2,    0.345763, -0.00144755,    0.665333, 0.000499174,107133069342181
107087443754376,2,    0.326913, -0.00446003,    0.611475, -0.00140354,107133678526763
107087443754376,2,    0.304147,  -0.0030696,    0.548827,-0.000981118,107134328817983
107087443754376,2,    0.286174,-1.73579e-05,     0.50308,-0.000984997,107135001849018
107087443754376,2,    0.260698,-0.000411193,    0.437811, -0.00119009,107135652050554
107087443754376,2,    0.248195, -0.00308216,    0.400595, -0.00258136,107136337372254
107087443754376,2,    0.226286,-0.000260266,    0.355543,-0.000721163,107137045322916
107087443754376,2,    0.209696,  0.00117998,    0.317778,-0.000502023,107137694945638
107087443754376,2,    0.190989, 0.000561525,     0.29494, -0.00218584,107138277746314
107087443754376,2,    0.176781,  -0.0012431,    0.250551, -0.00318354,107138931423229
107087443754376,2,    0.161369, -0.00181378,    0.218086, -0.00510936,107139592533837
107087443754376,2,    0.141715,-0.000953482,    0.188914,  -0.0048145,107140275522918
107087443754376,2,    0.133688,-0.000431662,    0.164858, -0.00566315,107140981065023
107087443754376,2,    0.121142,-0.000539281,    0.140938, -0.00664395,107141590457200
107087443754376,2,    0.106839,-0.000859565,     0.11776, -0.00673184,107142236170954
107087443754376,2,   0.0928608,  0.00164463,   0.0975805, -0.00598851,107142924150654
107087443754376,2,   0.0826447,  0.00298578,   0.0826186, -0.00522188,107143535164155
107087443754376,2,   0.0656671,  0.00346017,   0.0633051, -0.00560024,107144558986736
107087443754376,2,   0.0609843,  0.00197127,   0.0539249, -0.00468964,107145252768268
107087443754376,2,   0.0523799,-1.61865e-05,   0.0437159, -0.00496594,107146239900260
107087443754376,2,   0.0492493,  0.00234442,   0.0403366, -0.00720222,107146948459566
107087443754376,2,   0.0376988, -0.00016776,   0.0293106, -0.00744137,107147615154962
107087443754376,2,   0.0290485, 6.23848e-05,   0.0206915, -0.00654586,107148259124656
107087443754376,2,   0.0195653, 0.000121219,   0.0135561, -0.00702874,107148901988234
107087443754376,2,   0.0117421, 3.60854e-05,  0.00891935, -0.00631223,107149547873301
107087443754376,2,           0,  -0.0081838,  0.00414148, -0.00799855,107150252945360
107087443754376,2,           0,  -0.0608404,  0.00128239, -0.00850523,107151020291470
107087443754376,2,           0,  -0.0639194,  0.00105647, -0.00894166,107151648155684
107087443754376,2,           0,  -0.0470892,  0.00292713, -0.00866051,107152255557955
107087443754376,2,           0,  -0.0247459,  0.00353136, -0.00998594,107152952992690
107087443754376,2,           0,  -0.0133099,  0.00517542,  -0.0110791,107153609028389
107154037089925,2,           0,           0,     -3.0053,   -0.110027,107154291545639
107154037089925,2,           0,           0,     -3.0053,   -0.110027,107154956113048
107154037089925,2,           0,           0,     -3.0053,   -0.110027,107155566443403
107154037089925,2,           0,  -0.0888822,    -3.00512,   -0.119456,107156254619247
107154037089925,2,           0,    -0.34205,    -3.00409,   -0.113817,107156923441342
107154037089925,2,           0,   -0.538196,    -2.98343,   -0.361831,107157516141930
107154037089925,2,           0,   -0.739019,    -2.96015,   -0.488508,107158226835990
107154037089925,2,           0,    -0.87662,    -2.89335,   -0.788862,107158823474629
107154037089925,2,           0,   -0.994516,    -2.75561,    -1.17156,107159473990371
107154037089925,2,           0,    -1.07011,    -2.57882,    -1.59386,107160088298220
107154037089925,2,           0,    -1.09527,    -2.19586,    -2.08168,107160791811724
107154037089925,2,           0,    -1.05224,    -1.98311,    -2.28039,107161483174004
107154037089925,2,           0,    -1.02398,    -1.35014,    -2.70009,107162157576994
107154037089925,2,           0,   -0.986102,   -0.962205,    -2.86021,107162948422500
107154037089925,2,           0,   -0.924267,   -0.322709,    -2.99923,107163624846399
107154037089925,2,           0,   -0.887213,    0.144802,     -3.0167,107164310866261
107154037089925,2,           0,   -0.839711,    0.640077,    -2.94844,107164998727677
107154037089925,2,           0,   -0.791427,     1.07236,    -2.81988,107165767255652
107154037089925,2,           0,   -0.744709,     1.39257,    -2.67631,107166379445047
107154037089925,2,           0,   -0.695998,     1.71691,    -2.48403,107167032349625
107154037089925,2,           0,   -0.608907,     2.13325,    -2.12442,107167763495436
107154037089925,2,           0,   -0.562919,     2.32303,    -1.91406,107168434520699
107154037089925,2,           0,   -0.505286,     2.52156,    -1.63938,107169105656618
107154037089925,2,           0,   -0.456704,     2.65644,    -1.40554,107169741584267
107154037089925,2,           0,   -0.415791,     2.74543,    -1.20972,107170414910338
107154037089925,2,           0,   -0.362229,     2.87411,   -0.976442,107171142028257
107154037089925,2,           0,    -0.30599,     2.94057,   -0.730474,107171829642023
107154037089925,2,           0,   -0.279277,     2.95709,   -0.615294,107172423566418
107154037089925,2,           0,    -0.23857,      2.9797,   -0.455144,107173113949076
107154037089925,2,           0,   -0.199987,     2.99338,   -0.314214,107173839413381
107154037089925,2,           0,   -0.169763,     2.99792,   -0.209274,107174549675201
107154037089925,2,           0,   -0.130541,     2.99811,   -0.115021,107175159836721
107154037089925,2,           0,    -0.09044,      3.0383,  -0.0199451,107175874487814
107154037089925,2,           0,  -0.0722196,     3.03622,   0.0328673,107176560393023
107154037089925,2,           0,  -0.0489789,     3.02924,   0.0791493,107177230051072
107154037089925,2,           0,  -0.0326666,     3.02371,    0.108471,107177879858557
107154037089925,2,           0,  -0.0152085,     3.02079,    0.134384,107178510471167
107154037089925,2,           0,           0,     3.01941,    0.147716,107179180444716
107154037089925,2,    0.159575,   0.0566261,     3.01723,    0.157713,107179908596816
107154037089925,2,    0.309895,    0.109968,     3.04114,    0.136861,107180579801526
107154037089925,2,    0.446945,    0.158601,     3.02065,   0.0819447,107181228301317
107154037089925,2,    0.590222,    0.207608,     2.99599,   0.0443334,107181955611021
107154037089925,2,    0.725966,    0.139539,     3.02068,  -0.0917803,107182700898714
107154037089925,2,     0.82813,    0.101519,     3.00679,   -0.115754,107183308055797
107154037089925,2,    0.928429,   0.0530004,      2.9989,   -0.157816,107183960509353
107154037089925,2,     1.01733,  -0.0171704,     3.02412,   -0.226936,107184586381653
107154037089925,2,     1.10748,  -0.0587712,      3.0021,   -0.247353,107185293139874
107154037089925,2,     1.18921,  -0.0821456,     3.00918,   -0.246933,107186017406729
107154037089925,2,     1.24122,  -0.0875879,     3.01871,   -0.220753,107186605583655
107154037089925,2,     1.27738,  -0.0820127,     3.00976,   -0.196504,107187215187635
107154037089925,2,     1.30265,  -0.0771248,     3.02178,   -0.168357,107187827405650
107154037089925,2,     1.30761,  -0.0636476,     3.00393,   -0.131946,107188568721891
107154037089925,2,     1.30101,  -0.0567729,     3.00428,   -0.118422,107189216809893
107154037089925,2,     1.27855,  -0.0455226,     3.01959,  -0.0924998,107189946135906
107154037089925,2,     1.26276,  -0.0342399,     3.00165,  -0.0741304,107190592974063
107154037089925,2,     1.24701,  -0.0291372,     3.00566,  -0.0566725,107191320420867
107154037089925,2,     1.22863,  -0.0197599,     3.01019,  -0.0496836,107192006825304
107154037089925,2,     1.21588, -0.00870235,     3.01554,  -0.0334009,107192634597590
107154037089925,2,     1.18929, -0.00241615,     3.00386,  -0.0229354,107193358909326
107154037089925,2,     1.17328, -0.00423737,     3.01889,  -0.0248004,107194082945025
107154037089925,2,      1.1537,-0.000571154,     3.01963,  -0.0220497,107194730230180
107154037089925,2,     1.13446, -0.00177044,     3.01299,  -0.0226725,107195396359102
107154037089925,2,     1.11204, -0.00134444,     3.01188,  -0.0225088,107196120441951
107154037089925,2,     1.09916, -0.00559836,     3.00352,  -0.0262658,107196748361801
107154037089925,2,     1.06953, -0.00452194,     3.00079,  -0.0227087,107197392779009
107154037089925,2,     1.04835, -0.00745571,     3.00552,  -0.0258895,107198078404839
107154037089925,2,     1.02662, -0.00587822,      3.0209,  -0.0230554,107198756910700
107154037089925,2,      1.0023,  0.00052783,     2.99708,  -0.0141414,107199442316569
107154037089925,2,    0.981234, -0.00250319,     3.03101,  -0.0170553,107200108237870
107154037089925,2,     0.95919, -0.00803492,     3.00316,   -0.021555,107200753801086
107154037089925,2,    0.941076, -0.00745601,     3.02322,  -0.0168224,107201437725965
107154037089925,2,     0.92678, -0.00696225,     3.01613,  -0.0162564,107202103974309
107154037089925,2,    0.899673,  0.00189215,     3.00678,  -0.0104813,107202767677714
107154037089925,2,    0.877645,  0.00399825,     3.03486, -0.00697074,107203548801999
107154037089925,2,    0.858321,  0.00175629,     3.03165,  -0.0112807,107204271904768
107154037089925,2,     0.84367,  0.00161758,     3.04416,  -0.0140392,107204916692875
107154037089925,2,    0.826843, 0.000433974,     3.01049,  -0.0135199,107205544228736
107154037089925,2,     0.81482, -0.00173094,     3.03093,  -0.0140582,107206191030343
107154037089925,2,    0.792068, -0.00686801,     2.93172,  -0.0264462,107206934653951
107154037089925,2,     0.77423, -0.00851517,     2.79958,  -0.0214085,107207945493353
107154037089925,2,    0.768852,-0.000861275,     2.81449,  -0.0127338,107208587944025
107154037089925,2,    0.755154,   0.0107921,     2.62919, 0.000801311,107209214995031
107154037089925,2,    0.743462,  0.00286471,     2.52153, -0.00273154,107209993060448
107154037089925,2,    0.727286, -0.00421487,     2.36196, -0.00815323,107210655750931
107154037089925,2,     0.71252, -0.00533415,     2.22917,  -0.0083308,107211261201776
107154037089925,2,    0.695226, -0.00656523,     2.10272, -0.00872887,107211962197513
107154037089925,2,    0.692299, -0.00256385,     2.01714, -0.00503145,107212629267928
107154037089925,2,    0.677386, -0.00233775,     1.86394,  -0.0039743,107213271540073
107154037089925,2,    0.668382, -0.00167021,     1.72775, -0.00203092,107213994167358
107154037089925,2,    0.654362,  0.00286972,     1.66412,  0.00300482,107214679242760
107154037089925,2,    0.647158, 0.000977416,     1.49907, -0.00022487,107215341428633
107154037089925,2,    0.641978,  0.00154271,     1.40986,  0.00120365,107215966370074
107154037089925,2,    0.631847, 0.000105899,     1.28609, -0.00044368,107216662710421
107154037089925,2,    0.624846, -0.00149269,     1.23978,-0.000637379,107217248909808
107154037089925,2,    0.618963,  0.00118158,     1.10007, 0.000782467,107217940251771
107154037089925,2,    0.608399,  0.00228104,    0.988185,  0.00198143,107218543548250
107154037089925,2,    0.607181,  0.00790863,    0.877938,  0.00676994,107219191446849
107154037089925,2,    0.649419,   0.0155386,    0.789719,  0.00981327,107219918939726
107154037089925,2,    0.680133,   0.0195309,    0.730003,   0.0109656,107220487649792
107154037089925,2,    0.713224,   0.0118995,    0.578397,  0.00449278,107221071458212
107154037089925,2,    0.738158,  0.00904577,    0.480285,  0.00161848,107221773036649
107154037089925,2,    0.709932,     0.00507,    0.375948,-0.000959798,107222459450565
107154037089925,2,    0.703082,  0.00837383,    0.240615,  0.00230661,107223082951698
107154037089925,2,     0.68059,  0.00905403,    0.124087,  0.00239327,107223786273157
107154037089925,2,     0.63734,  0.00793588,     2.99157,  -0.0042544,107224510210141
107154037089925,2,    0.629526,  0.00693099,     3.03944,  -0.0120421,107225141419118
107154037089925,2,    0.592879,  0.00854427,     3.02598,  -0.0169609,107225791614511
107154037089925,2,    0.560904,  0.00606571,     3.02271,  -0.0207383,107226439298060
107154037089925,2,     0.47185,  0.00125069,     3.02875,  -0.0315113,107227072011759
107154037089925,2,    0.492896, 0.000672323,      3.0066,  -0.0313662,107227796990686
107154037089925,2,    0.509649,  -0.0189869,      3.0031,  -0.0314274,107228446537867
107154037089925,2,    0.511965,  -0.0281407,     3.00336,  -0.0257326,107229074915262
107154037089925,2,    0.507648,   -0.081948,     3.02124, -0.00565262,107229687355971
107154037089925,2,    0.484768,  -0.0419324,     3.00409,  0.00871838,107230380530329
107154037089925,2,    0.455741,  -0.0869056,     3.00464,   0.0539417,107231034655845
107154037089925,2,    0.410615,   -0.122224,     3.00405,    0.104926,107231674713399
107154037089925,2,    0.385487,   -0.175705,     3.01039,    0.189251,107232247871016
107154037089925,2,    0.360555,    -0.17735,     3.02354,    0.259754,107232874237766
107154037089925,2,    0.340441,   -0.164071,     2.97385,    0.367736,107233521286039
107154037089925,2,    0.307571,   -0.134048,        2.96,    0.470195,107234192184851
107154037089925,2,    0.282135,   -0.105326,     2.96179,    0.561761,107234856577895
107154037089925,2,    0.252982,  -0.0720422,     2.92236,    0.637443,107235540409688
107154037089925,2,    0.217256,  -0.0528134,     2.91433,    0.702638,107236251457615
107154037089925,2,         0.2,  -0.0383429,     2.93202,    0.752164,107236840888802
107154037089925,2,         0.2,  -0.0217038,     2.89833,    0.793986,107237583597711
107154037089925,2,         0.2,  -0.0116281,     2.90911,    0.819631,107238188293995
107154037089925,2,         0.2, -0.00777179,     2.89449,    0.838928,107238855576046
107154037089925,2,         0.2, -0.00392493,     2.86985,    0.855264,107239525052948
107154037089925,2,         0.2, -0.00290206,      2.8876,    0.871378,107240108879723
107154037089925,2,         0.2, -0.00620968,     2.87096,    0.881548,107240794816843
107154037089925,2,         0.2,  -0.0112282,     2.88188,    0.889831,107241501464796
107154037089925,2,         0.2,   -0.015822,     2.87804,    0.906672,107242189833722
107154037089925,2,         0.2,  -0.0187718,     2.86988,    0.921959,107242776973371
107154037089925,2,         0.2,  -0.0265044,     2.88831,    0.949398,107243486586690
107154037089925,2,         0.2,  -0.0322155,     2.86958,     0.97136,107244190395003
107154037089925,2,         0.2,   -0.037613,     2.84061,    0.998437,107244857268506
107154037089925,2,         0.2,  -0.0372033,     2.83863,     1.01727,107245528656764
107154037089925,2,         0.2,  -0.0395827,     2.84362,     1.04101,107246177090993
107154037089925,2,         0.2,  -0.0391502,      2.8249,     1.06904,107246803973455
107154037089925,2,    0.213558,  -0.0315902,     2.81244,     1.09078,107247434335828
107154037089925,2,    0.293731,  -0.0450536,     2.82516,     1.13061,107248065385382
107154037089925,2,    0.360538,  -0.0658899,     2.80071,     1.15385,107248759749258
107154037089925,2,    0.421909,   -0.076656,     2.78083,      1.1635,107249504532812
107154037089925,2,    0.449176,  -0.0820511,     2.77389,      1.2383,107250233770012
107154037089925,2,     0.48673,  -0.0851279,     2.74677,     1.28599,107250961874081
107154037089925,2,    0.531928,  -0.0879731,     2.70127,     1.32255,107251671668630
107154037089925,2,    0.521141,  -0.0758821,      2.6871,      1.4157,107252381048700
107154037089925,2,    0.458092,  -0.0612472,     2.65708,     1.48757,107253047781574
107154037089925,2,    0.370646,  -0.0520003,     2.61279,     1.54579,107253672640341
107154037089925,2,    0.376486,  -0.0180253,     2.60536,     1.59516,107254320597273
107154037089925,2,    0.396504,   0.0198851,     2.57529,      1.6158,107255049696103
107154037089925,2,    0.408858,   0.0701305,      2.5919,     1.64502,107255702958080
107154037089925,2,    0.383091,   0.0943733,     2.58535,      1.6322,107256371338632
107154037089925,2,    0.408714,    0.169461,     2.60887,     1.60031,107256996189617
107154037089925,2,    0.431482,    0.238834,     2.63221,     1.56353,107257681416687
107154037089925,2,    0.452883,    0.282601,     2.66435,     1.50855,107258408234004
107154037089925,2,    0.460384,    0.281803,     2.73075,     1.37455,107259022336236
107154037089925,2,    0.457495,    0.313998,     2.80036,     1.27268,107259668632241
107154037089925,2,    0.455147,    0.314197,     2.85073,     1.13728,107260416709112
107154037089925,2,    0.452934,    0.340529,     2.93181,    0.969093,107261085044862
107154037089925,2,    0.451572,    0.361577,     2.96143,    0.866059,107261698314478
107154037089925,2,    0.442963,     0.35402,     3.00575,     0.65453,107262325004360
107154037089925,2,    0.443866,    0.285942,     3.06685,    0.404265,107263009917870
107154037089925,2,    0.442824,    0.297233,     3.05936,    0.347854,107263679340062
107154037089925,2,    0.446111,    0.197186,      3.0719,   0.0948635,107264509081696
107154037089925,2,    0.456126,   0.0962881,     3.06197,  -0.0909709,107265176245744
107154037089925,2,    0.488691,   0.0599938,     3.07685,   -0.192019,107265860552251
107154037089925,2,     0.50963,   0.0378754,     3.07243,   -0.249562,107266472503540
107154037089925,2,    0.523389,   0.0292794,     3.05556,   -0.297008,107267125671367
107154037089925,2,    0.550121,   0.0266549,      3.0501,   -0.315045,107267773936331
107154037089925,2,    0.610013,   0.0362571,     3.03177,   -0.360516,107268402895550
107154037089925,2,    0.717333,   0.0382835,     3.03527,   -0.412213,107269247237489
107154037089925,2,    0.799854,   0.0450484,     3.02583,   -0.458345,107269935588795
107154037089925,2,    0.882125,   0.0393664,     3.00108,   -0.504801,107270744059011
107154037089925,2,    0.944535,    0.039931,     2.98782,   -0.557093,107271488479913
107154037089925,2,    0.987975,   0.0378128,     2.96905,   -0.618262,107272176532071
107154037089925,2,     1.01612,   0.0560017,     2.94743,   -0.698071,107272845574877
107154037089925,2,     1.01401,   0.0491125,     2.93141,   -0.766899,107273540361992
107154037089925,2,    0.991745,   0.0265365,      2.8889,   -0.834818,107274189390861
107154037089925,2,    0.969101,   0.0222452,     2.88997,     -0.8922,107274873976614
107154037089925,2,    0.938444,-0.000908672,     2.87009,   -0.989413,107275543948713
107154037089925,2,    0.912318,  -0.0220952,     2.83198,    -1.04472,107276252382106
107154037089925,2,    0.890381,  -0.0251934,      2.8344,    -1.09632,107276854980442
107154037089925,2,    0.858759,  -0.0277856,     2.69017,    -1.10012,107277508565759
107154037089925,2,    0.842812,  -0.0203457,     2.67017,    -1.09237,107278173909418
107154037089925,2,     0.81188,  -0.0147468,      2.4546,    -1.07406,107278904537952
107154037089925,2,    0.784737,  -0.0218869,     2.31881,    -1.06679,107279547306733
107154037089925,2,    0.760808,   -0.027927,     2.21664,    -1.06612,107280256167308
107154037089925,2,    0.730998,  -0.0280657,     2.13136,    -1.06064,107280962054431
107154037089925,2,    0.700573,  -0.0233611,      1.9725,    -1.04544,107281552600617
107154037089925,2,    0.676402,  -0.0139687,      1.9005,    -1.04169,107282159411561
107154037089925,2,    0.643062,   0.0105864,     1.73592,    -1.03506,107282825168692
107154037089925,2,    0.616627,    0.024696,      1.6242,     -1.0348,107283466070654
107154037089925,2,    0.587477,   0.0298091,     1.50497,    -1.03987,107284035978886
107154037089925,2,    0.573523,   0.0288562,     1.44746,    -1.04413,107284678371526
107154037089925,2,    0.526892,   0.0265625,     1.26796,    -1.05591,107285440790337
107154037089925,2,    0.510664,    0.020091,     1.20744,    -1.06208,107286143698073
107154037089925,2,    0.487587,   0.0194539,     1.13877,    -1.06643,107286691555760
107154037089925,2,    0.446997,   0.0130479,     1.00419,    -1.07222,107287431357105
107154037089925,2,     0.42788,   0.0106784,    0.948947,    -1.07345,107288075571879
107154037089925,2,    0.403116,   0.0085645,    0.876653,    -1.07494,107288697448343
107154037089925,2,    0.381275,  0.00658887,    0.818033,    -1.07605,107289321877508
107154037089925,2,    0.355621,   0.0043799,    0.750342,    -1.07684,107290046727687
107154037089925,2,    0.327315,  0.00437039,    0.660093,    -1.07769,107290653703078
107154037089925,2,    0.301041,   0.0061228,    0.598808,    -1.07746,107291395619418
107154037089925,2,    0.282362,  0.00708177,    0.568828,     -1.0789,107292040885016
107154037089925,2,    0.248307,   0.0125512,    0.481555,    -1.08167,107292646511439
107154037089925,2,    0.231367,   0.0215184,    0.442066,    -1.08216,107293491320506
107154037089925,2,    0.214439,   0.0306436,    0.401507,     -1.0828,107294133439836
107154037089925,2,    0.196036,   0.0388088,    0.355796,    -1.08407,107294799901673
107154037089925,2,     0.17442,   0.0477811,    0.302191,    -1.08838,107295445929210
107154037089925,2,    0.163772,   0.0485985,    0.282612,    -1.08862,107296149367513
107154037089925,2,    0.151546,   0.0473753,    0.256443,    -1.09049,107296797581559
107154037089925,2,     0.12925,    0.040892,    0.194428,     -1.0941,107297562257396
107154037089925,2,    0.119915,   0.0330583,    0.176398,    -1.09457,107298264389324
107154037089925,2,    0.105731,   0.0255654,    0.139886,    -1.09682,107298948680274
107154037089925,2,   0.0961704,   0.0244922,    0.121667,    -1.09786,107299570668912
107154037089925,2,   0.0813186,   0.0184541,   0.0933801,    -1.09737,107300230218838
107154037089925,2,   0.0718686,   0.0155065,   0.0762637,    -1.09601,107300874696228
107154037089925,2,   0.0559982,   0.0119835,   0.0537376,    -1.09415,107301576141074
107154037089925,2,   0.0498083,  0.00922416,   0.0461674,    -1.09458,107302243238802
107154037089925,2,   0.0402498,  0.00705331,   0.0364504,    -1.09645,107303010957380
107154037089925,2,   0.0318135,  0.00552117,   0.0243761,    -1.09534,107303655957120
107154037089925,2,   0.0258807,  0.00407543,    0.017626,     -1.0956,107304341785171
107154037089925,2,   0.0191741,   0.0030462,   0.0116608,    -1.09554,107305010596572
107154037089925,2,   0.0165605,   0.0025425,  0.00837435,    -1.09423,107305711625326
107154037089925,2,   0.0813081,   0.0150749,     3.32057,    -0.52604,107306420270069
107154037089925,2,    0.216057,   0.0387901,     3.30278,   -0.537311,107307088538817
107154037089925,2,    0.341116,    0.053123,     3.29014,   -0.547805,107307757267368
107154037089925,2,    0.459303,   0.0563726,     3.30698,   -0.565303,107308425513417
107154037089925,2,    0.584537,   0.0447583,     3.26498,   -0.604814,107309133246109
107154037089925,2,    0.695418,   0.0410961,     3.27739,   -0.615028,107309779926058
107154037089925,2,    0.794312,    0.027077,      3.2539,   -0.658197,107310399658543
107154037089925,2,    0.892451,   0.0227706,     3.25361,   -0.689914,107311084140522
107154037089925,2,    0.982271,   0.0183822,     3.22696,   -0.740165,107311795081599
107154037089925,2,     1.05466,   0.0141135,     3.22412,   -0.744725,107312437729207
107154037089925,2,     1.12383,   0.0152237,     3.22413,   -0.787902,107313157224710
107154037089925,2,     1.17455,   0.0101028,     3.18387,   -0.824379,107313800851214
107154037089925,2,     1.22067, -0.00159412,      3.1386,   -0.858252,107314580138926
107154037089925,2,     1.24938,  -0.0112737,     3.13843,   -0.886118,107315356381132
107154037089925,2,     1.23772, -0.00925639,     3.09136,   -0.888242,107316002400977
107154037089925,2,     1.20449, -0.00419211,      3.0616,   -0.891086,107316682086904
107154037089925,2,     1.15696,  -0.0147003,     3.05866,   -0.889603,107317341919857
107154037089925,2,     1.12533,  -0.0184327,     3.03449,   -0.883138,107318044097353
107154037089925,2,     1.14275,  -0.0159388,     3.00459,   -0.852148,107318710122829
107154037089925,2,     1.15214,   -0.015487,     2.97447,   -0.811853,107319347456485
107154037089925,2,     1.11047,  0.00524313,      2.9783,   -0.741754,107320054181763
107154037089925,2,     1.03942,   0.0163147,      2.9679,    -0.70244,107320843032913
107154037089925,2,    0.969552,   0.0348405,     2.94676,   -0.583048,107321508370841
107154037089925,2,    0.906676,   0.0525184,     2.91001,   -0.549657,107322158202375
107154037089925,2,    0.856823,   0.0647254,     2.88482,   -0.466584,107322889379884
107154037089925,2,    0.796782,   0.0778958,     2.85545,   -0.380985,107323677735784
107154037089925,2,    0.737243,   0.0887134,     2.83448,    -0.32405,107324407116110
107154037089925,2,    0.706069,   0.0790258,     2.82703,    -0.33628,107325035959448
107154037089925,2,     0.65131,   0.0870832,     2.81253,   -0.247947,107325725707671
107154037089925,2,     0.62063,   0.0830888,     2.76043,   -0.234152,107326413277268
107154037089925,2,    0.589466,    0.076303,     2.74385,     -0.2006,107327082504470
107154037089925,2,    0.570574,   0.0758335,     2.73974,   -0.171494,107327769937330
107154037089925,2,     0.54796,   0.0609103,     2.71633,   -0.148066,107328404528113
107154037089925,2,    0.541868,   0.0572495,     2.68983,    -0.13326,107329077951871
107154037089925,2,    0.538106,   0.0488665,     2.67604,  -0.0987934,107329783837874
107154037089925,2,     0.55678,   0.0452457,     2.64829,  -0.0765034,107330469201800
107154037089925,2,     0.57898,   0.0406951,     2.63359,  -0.0482804,107331318569348
107154037089925,2,    0.615547,   0.0363771,     2.61266,  -0.0203527,107332064007847
107154037089925,2,    0.658425,   0.0276025,     2.58859,   0.0313923,107333072893754
107154037089925,2,    0.705572,   0.0130825,     2.53565,   0.0144104,107333704021657
107154037089925,2,    0.742338,   0.0222783,     2.41323,    0.018864,107334355134868
107154037089925,2,    0.764258,   0.0242629,     2.29741,   0.0138953,107335017144646
107154037089925,2,    0.741825,  0.00917742,     2.18194,-0.000552799,107335722297330
107154037089925,2,    0.714443,   0.0177815,     2.02531,  0.00526115,107336445284822
107154037089925,2,    0.686702,  0.00970578,     1.92242, -0.00508747,107337128122186
107154037089925,2,    0.663045, 0.000933087,     1.78964, -0.00966506,107337776651096
107154037089925,2,    0.630663,  -0.0116074,     1.66157,  -0.0174961,107338506070554
107154037089925,2,    0.613212,  -0.0074121,     1.57645,  -0.0113761,107339135821083
107154037089925,2,    0.587987, -0.00745475,     1.47557, -0.00874273,107339824160299
107154037089925,2,    0.557561, -0.00684346,     1.35989, -0.00460924,107340532235566
107154037089925,2,        0.53, -0.00772828,     1.26141, -0.00507509,107341139262909
107154037089925,2,    0.506073, -0.00833907,     1.19819, -0.00467546,107341788397403
107154037089925,2,    0.476636,  -0.0113493,     1.07281, -0.00392141,107342477424246
107154037089925,2,    0.457383, -0.00931982,      1.0066, -0.00198484,107343081181312
107154037089925,2,    0.430723,  -0.0106862,    0.912271, -0.00170584,107343750161465
107154037089925,2,    0.406368, -0.00489778,    0.846065,  0.00123088,107344414007665
107154037089925,2,    0.383669, -0.00761765,    0.776393,-8.78596e-05,107345050498097
107154037089925,2,     0.36101, -0.00669229,    0.710192,  0.00143769,107345700884487
107154037089925,2,     0.33595, -0.00322329,    0.636843,  0.00329263,107346345699626
107154037089925,2,    0.310989, -0.00208596,    0.566921,  0.00246708,107347110289676
107154037089925,2,    0.295833,  4.8588e-05,    0.536397,  0.00308916,107347796911786
107154037089925,2,    0.276972,-0.000711399,    0.478731,  0.00208556,107348540164193
107154037089925,2,    0.260885,-0.000567618,    0.443936,  0.00265216,107349146559386
107154037089925,2,    0.243462,-0.000422611,    0.399669,  0.00354136,107349868756315
107154037089925,2,    0.217562, 0.000783712,     0.35103,  0.00392383,107350574769930
107154037089925,2,    0.203899,  0.00033022,    0.321425,  0.00435869,107351336438468
107154037089925,2,    0.188988,   7.272e-05,    0.273092,  0.00514618,107352064393806
107154037089925,2,    0.171968,  0.00180003,    0.237805,  0.00732783,107352688551582
107154037089925,2,    0.158017, 5.68697e-05,    0.210145,  0.00670773,107353358152653
107154037089925,2,    0.139312, -0.00319207,    0.177603,   0.0065436,107354029235653
107154037089925,2,    0.127983, -0.00187236,    0.154647,  0.00588738,107354696716472
107154037089925,2,    0.114041, -0.00225165,    0.131051,  0.00569545,107355404980162
107154037089925,2,    0.100599, -0.00264472,    0.109546,  0.00598542,107356075937162
107154037089925,2,    0.087638,-0.000691074,    0.089818,  0.00385328,107356764804545
107154037089925,2,    0.079583, -0.00172562,   0.0803359,  0.00422457,107357454868170
107154037089925,2,   0.0652229, 0.000219047,   0.0624659,  0.00253218,107358086084633
107154037089925,2,   0.0534458,-8.50898e-05,   0.0450058,  0.00117609,107358775108010
107154037089925,2,   0.0463141,  0.00146202,   0.0398757,  0.00190185,107359477863273
107154037089925,2,   0.0366858,  0.00115104,   0.0274831,  0.00292114,107360120976307
107154037089925,2,   0.0293745, 0.000935463,   0.0209859,  0.00306623,107360860667758
107154037089925,2,   0.0181144, 0.000639529,   0.0125836,  0.00381254,107361484702084
107154037089925,2,   0.0108849, 0.000400756,  0.00842426,  0.00432478,107362207475784
107154037089925,2,  0.00365846, 0.000120666,  0.00573026,   0.0057473,107362934767140
107154037089925,2,           0,   0.0319928,  0.00516217,  0.00591659,107363633321284
107154037089925,2,           0,    0.206802,  0.00615717,  0.00462393,107364350680029
107154037089925,2,           0,     0.34069,  0.00742123,  0.00331254,107365067386456
107154037089925,2,           0,     0.42017,  0.00902728, 0.000665426,107365691569713
107154037089925,2,           0,    0.444097,  0.00831785,-0.000456738,107366405176054
107154037089925,2,           0,    0.407099,  0.00827221, -0.00452324,107367109201508
107154037089925,2,           0,     0.36532,  0.00697391,  -0.0058459,107367730994973
107154037089925,2,           0,    0.321733,  0.00341811, -0.00608558,107368373753153
107154037089925,2,           0,    0.281316, 0.000800263, -0.00751691,107369056088010
107154037089925,2,           0,    0.229812, -0.00530562, -0.00692264,107369740182041
107154037089925,2,           0,    0.197328,  -0.0110526, -0.00609439,107370400084658
107154037089925,2,           0,    0.154802,  -0.0163739, -0.00342367,107371071823106
107154037089925,2,           0,    0.124345,  -0.0206477, -0.00247926,107371733604665
107154037089925,2,           0,    0.084743,  -0.0226462, -0.00189569,107372416030880
107154037089925,2,           0,   0.0547734,  -0.0248186,-0.000385627,107373080312221
107154037089925,2,           0,   0.0274399,  -0.0251147, -0.00121784,107373742641546
107154037089925,2,           0,   0.0164428,  -0.0262009, -0.00151763,107374480180668
