92480670595784,2,           0,           0,    -3.02322,  -0.0496385,92481099775854
92480670595784,2,           0,           0,    -3.02322,  -0.0496385,92481646966050
92480670595784,2,           0,           0,    -3.02322,  -0.0496385,92482445578763
92480670595784,2,           0,   -0.234328,    -3.01602,   -0.125182,92483252974543
92480670595784,2,           0,   -0.507061,    -3.00612,   -0.266007,92484046508093
92480670595784,2,           0,   -0.703387,    -3.00467,   -0.263856,92484711390550
92480670595784,2,           0,    -0.88633,    -2.98599,   -0.398559,92485468685015
92480670595784,2,           0,     -1.0139,    -2.86232,   -0.928105,92486166833308
92480670595784,2,           0,    -1.09008,    -2.69237,    -1.33906,92486809994916
92480670595784,2,           0,    -1.11951,    -2.49735,    -1.69905,92487525043091
92480670595784,2,           0,    -1.08467,    -2.23645,    -2.01439,92488278074160
92480670595784,2,           0,    -1.02954,    -1.77954,    -2.46628,92489031388346
92480670595784,2,           0,    -1.01331,    -1.43811,    -2.67493,92489790903075
92480670595784,2,           0,   -0.933544,    -0.37286,    -3.00292,92490477437202
92480670595784,2,           0,    -0.90431,  -0.0535195,    -3.02339,92491108039804
92480670595784,2,           0,   -0.854219,    0.444836,     -3.0041,92491877646599
92480670595784,2,           0,   -0.794189,    0.957837,    -2.86778,92492714652307
92480670595784,2,           0,   -0.764879,     1.06267,    -2.83055,92493486603769
92480670595784,2,           0,   -0.694577,     1.52576,    -2.60793,92494240398661
92480670595784,2,           0,   -0.632379,     1.95631,    -2.29956,92494932431163
92480670595784,2,           0,   -0.563794,     2.25723,    -2.00486,92495897572640
92480670595784,2,           0,   -0.510455,     2.44727,     -1.7635,92496726657479
92480670595784,2,           0,   -0.470941,     2.56813,     -1.5835,92497613634950
92480670595784,2,           0,   -0.141172,     2.56747,    -1.57025,92499583202870
92480670595784,2,           0,   -0.285326,     2.61858,    -1.46632,92500350582601
92480670595784,2,           0,   -0.371541,     2.74011,    -1.26494,92501098701824
92480670595784,2,           0,   -0.337979,     2.84459,   -0.982719,92501943634869
92480670595784,2,           0,   -0.288731,     2.90613,   -0.776868,92502653105178
92480670595784,2,           0,   -0.250878,     2.94238,   -0.664842,92503400559293
92480670595784,2,           0,    -0.21469,      2.9708,   -0.507317,92504186657844
92480670595784,2,           0,   -0.188152,     2.98264,   -0.396733,92504975277069
92480670595784,2,           0,   -0.134194,     3.00612,   -0.241424,92505843957671
92480670595784,2,           0,   -0.079574,     3.01892,   -0.109071,92506573455285
92480670595784,2,           0,  -0.0372265,     3.00389,  -0.0293147,92507307515624
92480670595784,2,           0,  -0.0222643,     3.00373, -0.00217334,92508014819338
92480670595784,2,           0,   -0.011405,     3.02188,    0.019944,92508769405336
92480670595784,2,           0,  -0.0106727,     3.01756,    0.028911,92509574570112
92480670595784,2,           0, -0.00995264,     3.01365,    0.035704,92510303309653
92480670595784,2,           0, -0.00974952,     3.00856,   0.0398003,92511030726075
92480670595784,2,           0, -0.00257705,     3.00542,   0.0532833,92511661424678
92480670595784,2,           0, -0.00672228,     3.00293,   0.0533836,92512413721154
92480670595784,2,   0.0621052,   0.0129483,     2.99536,   0.0562816,92513202159202
92480670595784,2,    0.231447,   0.0821305,     3.01487,   0.0316441,92513932061800
92480670595784,2,    0.373253,    0.132451,     3.01963,   0.0369848,92514583693969
92480670595784,2,    0.529587,   0.0880645,     3.01925,  -0.0153752,92515348753259
92480670595784,2,     0.67726,   0.0787426,     3.00661,  -0.0384555,92516135617889
92480670595784,2,    0.802461,   0.0450463,     2.99713,  -0.0768159,92516866058407
92480670595784,2,    0.919649,  0.00146806,     2.98815,   -0.121371,92517612903936
92480670595784,2,     1.02784,  -0.0283908,     2.99241,   -0.140932,92518379596254
92480670595784,2,     1.11218,  -0.0457364,     3.00404,   -0.151453,92519053533224
92480670595784,2,      1.1873,  -0.0630673,     3.02685,    -0.15703,92519722917529
92480670595784,2,     1.26543,  -0.0546422,     3.00066,   -0.123415,92520535121977
92480670595784,2,     1.30136,  -0.0616073,     3.00928,   -0.123167,92521241826921
92480670595784,2,     1.32154,  -0.0425833,     3.00248,  -0.0886577,92521950379484
92480670595784,2,     1.31625,  -0.0448275,     3.01072,  -0.0870638,92522682473939
92480670595784,2,     1.30351,  -0.0235821,     3.00127,  -0.0544546,92523425147332
92480670595784,2,     1.28861,  -0.0199735,     3.00947,  -0.0399088,92524116843123
92480670595784,2,     1.26817,  -0.0144202,     3.00853,  -0.0335891,92524844822295
92480670595784,2,     1.24781,  -0.0130546,     3.00563,  -0.0308297,92525613574654
92480670595784,2,     1.23735,  -0.0175163,     3.01419,  -0.0277939,92526320444393
92480670595784,2,     1.21775, -0.00353839,     3.01156, -0.00967697,92526969660202
92480670595784,2,     1.19788, -0.00716514,     3.00491,  -0.0098353,92527661216988
92480670595784,2,     1.17167, -0.00134599,     3.00471,  -0.0026401,92528387009584
92480670595784,2,     1.15692, -0.00319036,     3.00846, -0.00650059,92529114738377
92480670595784,2,     1.13958, -0.00215891,     2.99906, -0.00668323,92529821397347
92480670595784,2,     1.11965,  0.00320273,     3.01598, -0.00879263,92530531501577
92480670595784,2,     1.09349,   0.0115189,      3.0089,  0.00366689,92531278244833
92480670595784,2,      1.0753,  0.00870573,     3.02157, -0.00250076,92531945611946
92480670595784,2,     1.05508,  0.00744207,     3.03501, -0.00467658,92532670346542
92480670595784,2,      1.0232,  0.00311643,      3.0098, -0.00550892,92533414945250
92480670595784,2,     1.00733, 0.000210707,      3.0042, -0.00982755,92534119265301
92480670595784,2,    0.983134,   0.0018985,     3.01079,  -0.0119298,92534806926545
92480670595784,2,    0.965915, -0.00410481,     2.99415,  -0.0197745,92535476377338
92480670595784,2,    0.940688,  0.00020141,     3.00806,  -0.0195242,92536139927317
92480670595784,2,    0.928776,  0.00737331,     2.99799,  -0.0124552,92536871153986
92480670595784,2,    0.913622,  0.00680593,     3.01017,  -0.0115817,92537654160055
92480670595784,2,    0.894949, -0.00591737,     3.00689,  -0.0212141,92538361015445
92480670595784,2,    0.866774,  -0.0151606,     3.01487,  -0.0227164,92539046289847
92480670595784,2,    0.847537,  -0.0155662,     3.00265,  -0.0233181,92539755448050
92480670595784,2,    0.825801, -0.00601617,     3.02303,  -0.0153412,92540481840847
92480670595784,2,    0.812378, -0.00327901,     3.03387, -0.00952159,92541187622065
92480670595784,2,    0.793524,  0.00500346,     2.95158, -0.00167779,92541971007974
92480670595784,2,     0.77675, -0.00114036,     2.77887, -0.00052044,92542598743897
92480670595784,2,    0.768042, -0.00225485,     2.73951, -0.00773813,92543343538027
92480670595784,2,    0.750956,-0.000415748,      2.5679, -0.00482431,92544047941347
92480670595784,2,    0.735562,-0.000678943,     2.42041,  -0.0051394,92544657432666
92480670595784,2,    0.719974, 2.89894e-05,     2.28636, -0.00476733,92545442172806
92480670595784,2,    0.707092,-0.000663165,     2.17551,  -0.0028591,92546191750681
92480670595784,2,    0.699128,  -0.0031859,     2.09431, -0.00454838,92546858545748
92480670595784,2,    0.683962,  -0.0043086,     1.97723, -0.00506108,92547525767817
92480670595784,2,    0.674694,  -0.0064024,      1.8345, -0.00567907,92548270342599
92480670595784,2,    0.667693, -0.00658535,       1.728, -0.00579237,92548902548715
92480670595784,2,    0.652355, -0.00181123,     1.66781, -0.00269862,92549647722936
92480670595784,2,    0.646354,-0.000201205,     1.49751, 0.000150178,92550311159748
92480670595784,2,    0.640906,  0.00866742,     1.42251,  0.00617002,92551016521663
92480670595784,2,    0.627831,  0.00447642,     1.28385,  0.00378839,92551727089982
92480670595784,2,    0.622382,   0.0117913,     1.19399,  0.00819808,92552413154630
92480670595784,2,    0.619059,  0.00321148,     1.08409,  0.00229232,92553172912112
92480670595784,2,    0.606146, -0.00379925,    0.987244, -0.00145021,92553870227453
92480670595784,2,    0.611258,-0.000153269,    0.856647,  0.00146047,92554535392306
92480670595784,2,    0.666715,  0.00527879,    0.816106,  0.00103652,92555265254221
92480670595784,2,    0.675762,  0.00941252,    0.726806,  0.00144573,92555937911211
92480670595784,2,    0.705659,  0.00723152,    0.552515,-0.000464461,92556551441131
92480670595784,2,    0.735241,   0.0109781,    0.445692,  0.00163663,92557262697641
92480670595784,2,    0.723328,    0.011293,    0.360109,  0.00427954,92558070926451
92480670595784,2,    0.723328,   0.0300362,      0.2759,   0.0162407,92558815938352
92480670595784,2,    0.700573,   0.0299473,     0.12711,   0.0168258,92559559231799
92480670595784,2,    0.643431,   0.0176514,     2.99493,  -0.0052776,92560262701137
92480670595784,2,    0.610903,   0.0123231,     3.02603,  -0.0206159,92560996100475
92480670595784,2,     0.60795,  0.00503777,     3.00561,  -0.0293215,92561703706116
92480670595784,2,    0.562201,  0.00468264,     3.02383,  -0.0312545,92562493682295
92480670595784,2,    0.475914,-0.000635654,     3.02869,  -0.0412422,92563086678469
92480670595784,2,    0.483472,  0.00581842,     3.02338,  -0.0336163,92563796187982
92480670595784,2,    0.482418, -0.00956809,     3.01713,  -0.0403997,92564540641261
92480670595784,2,    0.477744,  -0.0230928,     3.00405,  -0.0452682,92565309567967
92480670595784,2,    0.473758,  -0.0246862,     3.01176,  -0.0370355,92565978202306
92480670595784,2,    0.469584,  -0.0488805,     3.01085, -0.00879137,92566666111442
92480670595784,2,    0.442041,  -0.0695311,     3.01169,    0.028826,92567277829431
92480670595784,2,    0.404104,   -0.154319,     2.99819,   0.0833648,92568010185162
92480670595784,2,    0.381969,   -0.200111,     3.03065,    0.131178,92568658621430
92480670595784,2,    0.362215,   -0.231215,      2.9846,    0.235215,92569526748475
92480670595784,2,    0.362215,   -0.223809,     3.00089,    0.377652,92570352307700
92480670595784,2,    0.307083,   -0.188895,     2.96662,    0.471244,92571137213533
92480670595784,2,    0.299666,   -0.132735,     2.94461,    0.620329,92571884999416
92480670595784,2,    0.299666,  -0.0695811,     2.94224,    0.719722,92572654317766
92480670595784,2,    0.309051,  -0.0559576,     2.89918,    0.761934,92573483657387
92480670595784,2,    0.309367,  -0.0179632,     2.89001,     0.82945,92574206331035
92480670595784,2,         0.2,  -0.0342775,     2.90465,    0.885088,92574913979340
92480670595784,2,         0.2,  -0.0320746,     2.88354,    0.904221,92575683737684
92480670595784,2,         0.2,  -0.0251904,      2.8649,    0.931738,92576417095049
92480670595784,2,         0.2,    -0.02204,     2.87189,    0.967656,92577123299176
92480670595784,2,    0.219571,  -0.0120921,     2.84763,    0.985179,92577811126968
92480670595784,2,    0.308926, -0.00183439,     2.83974,    0.984994,92578472220827
92480670595784,2,    0.403728,    0.004798,      2.8543,     1.00429,92579279304851
92480670595784,2,         0.2,  -0.0270706,     2.82931,      1.0164,92579985848249
92480670595784,2,         0.2,  -0.0502845,       2.829,     1.04758,92580714593393
92480670595784,2,         0.2,   -0.063906,     2.82006,     1.06314,92581404067712
92480670595784,2,    0.219082,  -0.0573296,     2.81963,     1.12472,92582092009038
92480670595784,2,    0.315605,  -0.0536229,     2.79605,     1.15577,92582840326059
92480670595784,2,    0.394618,  -0.0609321,     2.79007,     1.17443,92583526117565
92480670595784,2,    0.462307,  -0.0741835,     2.77777,     1.19775,92584198860389
92480670595784,2,    0.507966,  -0.0979418,     2.75486,      1.2467,92584864681183
92480670595784,2,    0.553868,  -0.0849443,     2.72579,     1.29743,92585593503052
92480670595784,2,    0.507552,  -0.0734808,     2.68641,     1.38108,92586300943976
92480670595784,2,    0.527983,   -0.047527,     2.67235,      1.4395,92587012125338
92480670595784,2,    0.549016,  -0.0200039,     2.62626,     1.49442,92587642985578
92480670595784,2,    0.486625,  -0.0219878,     2.62614,      1.5524,92588289621884
92480670595784,2,    0.418543,  -0.0161165,     2.60966,     1.60773,92589055705027
92480670595784,2,     0.38259,  0.00348113,     2.56726,     1.63065,92589686147323
92480670595784,2,    0.380882,   0.0197201,     2.58803,      1.6581,92590389743952
92480670595784,2,    0.389436,   0.0626997,      2.5733,     1.67295,92591121534699
92480670595784,2,    0.415087,    0.123677,     2.57747,     1.67168,92591754252775
92480670595784,2,    0.413101,    0.172582,     2.56557,     1.65469,92592381210039
92480670595784,2,    0.435366,    0.237164,     2.63184,     1.59543,92593031622599
92480670595784,2,    0.455834,     0.27856,     2.67242,     1.51257,92593820516372
92480670595784,2,    0.462307,    0.283289,     2.71295,     1.46817,92594568663241
92480670595784,2,    0.457765,    0.300761,     2.79854,      1.2892,92595360543991
92480670595784,2,    0.454558,    0.312336,     2.88706,     1.14321,92596071912933
92480670595784,2,    0.453007,    0.333169,     2.92083,     1.04086,92596780139233
92480670595784,2,    0.450915,    0.357753,     2.95583,      0.8856,92597568941335
92480670595784,2,    0.451529,    0.362715,     3.01453,    0.690723,92598237764720
92480670595784,2,    0.450599,    0.400181,      3.0465,    0.535774,92598970445105
92480670595784,2,    0.450479,    0.327604,     3.06232,    0.423094,92599775018997
92480670595784,2,    0.451537,    0.237222,     3.09923,    0.164513,92600524315853
92480670595784,2,    0.473735,    0.215844,      3.0953,   0.0423856,92601206998892
92480670595784,2,     0.50643,    0.111036,     3.07693,  -0.0767133,92601916725457
92480670595784,2,    0.528473,   0.0983181,     3.07258,   -0.126855,92602605814989
92480670595784,2,    0.547354, -0.00717531,     3.05074,   -0.390106,92603355174306
92480670595784,2,   0.0239579, -0.00352003,     3.04868,    -0.45602,92604026082203
92480670595784,2,   0.0186996, -0.00347782,       3.031,   -0.520078,92604694213232
92480670595784,2,    0.021816, -0.00347782,     3.01971,   -0.504455,92605387387200
92480670595784,2,    0.123198,   -0.024819,     3.02933,   -0.501563,92606172836477
92480670595784,2,    0.271428, -0.00102402,     3.02118,   -0.506747,92606939315129
92480670595784,2,    0.397256,   0.0285352,      3.0199,   -0.507311,92607647225288
92480670595784,2,    0.524454,   0.0336238,     3.02388,   -0.504154,92608439506496
92480670595784,2,     0.62758,     0.04365,     3.00808,   -0.550603,92609147284360
92480670595784,2,     0.72121,   0.0252153,     2.99526,   -0.598803,92609875751588
92480670595784,2,    0.792199,   0.0114449,     2.98088,    -0.64486,92610503631607
92480670595784,2,    0.862335, -0.00455217,     2.96356,   -0.691299,92611233737700
92480670595784,2,    0.918658,  -0.0108714,     2.95165,   -0.735915,92611961944323
92480670595784,2,     0.96298,  -0.0226296,      2.9314,   -0.756171,92612732067248
92480670595784,2,    0.987221,  -0.0297696,     2.92734,    -0.79702,92613419041656
92480670595784,2,    0.971651,  -0.0142784,     2.89477,   -0.847625,92614072806012
92480670595784,2,    0.944925, -0.00726174,     2.88504,   -0.895235,92614781910264
92480670595784,2,     0.91571,-0.000459191,     2.86363,   -0.946854,92615514064156
92480670595784,2,     0.89069, -0.00314691,     2.85003,   -0.987684,92616240785596
92480670595784,2,    0.860191, -0.00884391,     2.76846,    -1.02168,92616989121315
92480670595784,2,    0.853539,   -0.024843,     2.73356,    -1.02706,92617704141902
92480670595784,2,    0.812085,  -0.0244304,     2.56696,    -1.02213,92618432853535
92480670595784,2,    0.792672,  -0.0115097,     2.40394,    -1.00926,92619043931643
92480670595784,2,    0.765788,  -0.0143887,     2.25589,    -1.00478,92619734674602
92480670595784,2,    0.737081,  -0.0107192,     2.11936,   -0.998296,92620467499276
92480670595784,2,    0.702801, -0.00510527,     1.96986,   -0.991924,92621161605623
92480670595784,2,    0.675595, -0.00374764,     1.84179,   -0.992265,92621803656366
92480670595784,2,    0.652418,  -0.0040495,     1.73709,   -0.991153,92622504747686
92480670595784,2,    0.622438,  -0.0032611,     1.61376,   -0.991147,92623181240706
92480670595784,2,    0.599607,  7.9881e-05,      1.5241,   -0.987914,92623923021265
92480670595784,2,    0.573196,  0.00677181,     1.43441,    -0.98423,92624678101268
92480670595784,2,    0.548118, -0.00072227,      1.3261,   -0.990594,92625411030137
92480670595784,2,    0.517942, -0.00335071,     1.22177,   -0.994229,92626128934980
92480670595784,2,    0.492621, -0.00513573,     1.12987,   -0.994259,92626829566181
92480670595784,2,    0.470755, -0.00926475,     1.05438,   -0.997298,92627571174199
92480670595784,2,    0.450472,-0.000751477,      1.0062,   -0.993042,92628229109242
92480670595784,2,    0.420358,  0.00532847,     0.90606,   -0.992094,92628907904748
92480670595784,2,    0.395267, -5.5385e-05,    0.857319,   -0.995127,92629682006948
92480670595784,2,    0.372275, 0.000370084,    0.764611,   -0.995577,92630361503356
92480670595784,2,    0.342786,  0.00260539,    0.676446,   -0.995555,92631297581813
92480670595784,2,    0.321931,  0.00133417,     0.61463,   -0.996262,92632018162168
92480670595784,2,    0.297809,   0.0031157,    0.548921,   -0.998134,92632850357001
92480670595784,2,    0.286686,  0.00375804,    0.519847,   -0.998405,92633511679183
92480670595784,2,    0.266873,  0.00320308,     0.46548,   -0.998052,92634228147465
92480670595784,2,    0.249513,  0.00259112,    0.421898,   -0.999292,92634791772526
92480670595784,2,    0.224233,   0.0022249,    0.368384,   -0.997981,92635570074494
92480670595784,2,    0.209311,  0.00533578,    0.324179,   -0.995685,92636364811837
92480670595784,2,      0.1973,  0.00592678,    0.297179,   -0.994666,92637063386739
92480670595784,2,     0.18257,  0.00360878,    0.263167,   -0.996497,92637762529946
92480670595784,2,    0.161773,  0.00191425,    0.219737,   -0.997239,92638499295830
92480670595784,2,    0.154713, 0.000800628,    0.209989,   -0.996885,92639143940359
92480670595784,2,    0.140068,  0.00407669,    0.178904,   -0.997509,92639862806542
92480670595784,2,    0.125746,  0.00126385,    0.149441,   -0.995971,92640541960191
92480670595784,2,    0.111754,-0.000165078,    0.124753,   -0.994558,92641167146138
92480670595784,2,   0.0987457,  0.00212292,    0.106084,   -0.994993,92641847442117
92480670595784,2,   0.0827229,  0.00143885,   0.0810476,   -0.996108,92642550653465
92480670595784,2,   0.0711161,  0.00211848,   0.0656135,   -0.994463,92643235763381
92480670595784,2,   0.0609319,  0.00331453,   0.0523543,    -0.99441,92643957999235
92480670595784,2,   0.0498028,-0.000581978,   0.0376475,   -0.994161,92644656771433
92480670595784,2,   0.0410569,-0.000360288,   0.0269386,   -0.991955,92645344302035
92480670595784,2,   0.0295122,-3.23064e-05,   0.0169462,   -0.991918,92646124518788
92480670595784,2,    0.142944,   0.0507246,     3.29797,  -0.0327205,92646810985070
92480670595784,2,     0.28009,   0.0993915,     3.28737,   -0.035336,92647465714579
92480670595784,2,    0.415929,    0.147595,     3.28987,  -0.0303347,92648157466568
92480670595784,2,    0.558959,     0.19835,     3.29019,   -0.148118,92648943382306
92480670595784,2,     0.67329,    0.222851,     3.24337,   -0.228867,92649627331573
92480670595784,2,    0.771733,    0.226076,     3.25664,   -0.245645,92650274313291
92480670595784,2,    0.868284,    0.157463,     3.24672,   -0.421098,92650975705483
92480670595784,2,    0.946896,    0.126865,     3.20631,   -0.487886,92651620753127
92480670595784,2,     1.02701,   0.0610135,     3.20013,   -0.591648,92652376531414
92480670595784,2,     1.09108,   0.0219334,     3.14006,   -0.698461,92653120917149
92480670595784,2,     1.13906,  0.00157285,     3.12944,   -0.737489,92653838369511
92480670595784,2,     1.16853, -0.00691661,     3.10857,   -0.785704,92654482064044
92480670595784,2,     1.17942,  -0.0321825,     3.09525,    -0.82216,92655316081076
92480670595784,2,     1.15468,  -0.0216212,     3.07543,   -0.807824,92656034126034
92480670595784,2,     1.14822,  0.00317979,     3.04407,   -0.804275,92656751608902
92480670595784,2,     1.12049, -0.00155306,     3.00661,   -0.811398,92657391963280
92480670595784,2,       1.102,  -0.0061283,     3.00275,   -0.806154,92658019211189
92480670595784,2,     1.07965, -0.00392296,       2.987,   -0.792452,92658683996913
92480670595784,2,     1.05633, -0.00325446,     2.97782,   -0.761764,92659372419829
92480670595784,2,     1.02642, -0.00202219,     2.95819,   -0.702362,92660086246095
92480670595784,2,     1.01111,  -0.0116484,      2.9622,   -0.664857,92660752299073
92480670595784,2,    0.990034,   -0.025997,     2.94333,   -0.618651,92661401692154
92480670595784,2,    0.965258,   -0.024941,     2.92612,   -0.526709,92662035496354
92480670595784,2,    0.937841,  -0.0319576,     2.92632,   -0.409351,92662761967937
92480670595784,2,    0.908644,   0.0106377,     2.89158,   -0.287991,92663450057488
92480670595784,2,     0.88849,  0.00549552,     2.87376,    -0.18966,92664140987916
92480670595784,2,    0.862536, -0.00309476,     2.85782,   -0.071467,92664828429567
92480670595784,2,     0.83508, -0.00628427,     2.82609,   0.0435484,92665423012251
92480670595784,2,    0.813992, -0.00783938,     2.78498,    0.107699,92666191071739
92480670595784,2,    0.782869, -0.00922549,     2.74692,     0.21723,92666941845986
92480670595784,2,    0.773806,   -0.018529,     2.73329,    0.270412,92667654333181
92480670595784,2,    0.747378,  0.00406177,     2.71599,    0.411987,92668388299771
92480670595784,2,    0.720389,   0.0137802,     2.65279,    0.500115,92669076701317
92480670595784,2,    0.684772,   0.0151088,     2.61744,    0.637042,92669743926651
92480670595784,2,    0.657659,   0.0126873,     2.58337,     0.72257,92670374031873
92480670595784,2,    0.633567,   0.0149296,     2.50478,    0.752828,92670999442361
92480670595784,2,    0.602676,  0.00617806,     2.38299,    0.738422,92671678114404
92480670595784,2,    0.576516,  0.00198614,     2.28126,    0.734087,92672359806431
92480670595784,2,    0.556711, -0.00712768,     2.20569,    0.730876,92673118464109
92480670595784,2,    0.533932,  0.00110702,     2.10381,    0.737368,92673838414329
92480670595784,2,    0.503426, -0.00141027,     2.00484,    0.732402,92674539608458
92480670595784,2,    0.482164, -0.00817521,     1.94397,      0.7274,92675181908119
92480670595784,2,    0.463124,  -0.0179656,     1.85586,    0.729067,92675883417499
92480670595784,2,    0.431002,  0.00159842,     1.74342,    0.736116,92676565353574
92480670595784,2,    0.412847,   0.0103229,     1.69721,    0.744306,92677226932588
92480670595784,2,    0.391065,   0.0166211,     1.62228,    0.743918,92677949471072
92480670595784,2,     0.36369,   0.0521718,     1.55528,    0.736233,92678611657633
92480670595784,2,    0.360799,    0.134728,     1.47127,    0.698919,92679356981006
92480670595784,2,     0.36822,    0.201436,     1.45903,    0.690618,92680020692018
92480670595784,2,    0.352855,     0.25402,     1.43072,    0.675526,92680709385770
92480670595784,2,    0.358468,    0.265508,     1.38455,    0.632931,92681373528483
92480670595784,2,    0.358304,    0.237418,      1.3522,    0.581687,92682012619061
92480670595784,2,    0.354162,    0.217067,     1.31654,    0.513415,92682676393552
92480670595784,2,    0.354321,     0.21324,     1.27058,    0.476162,92683402234673
92480670595784,2,    0.352985,    0.204797,      1.2362,    0.430629,92684081866810
92480670595784,2,     0.35047,    0.192155,      1.1805,    0.371527,92684744484724
92480670595784,2,    0.367061,    0.194157,     1.14553,    0.331457,92685488498155
92480670595784,2,    0.412635,    0.209248,      1.1009,    0.301264,92686145435632
92480670595784,2,      0.4438,    0.221009,     1.03642,    0.257522,92686827589075
92480670595784,2,    0.446675,    0.208437,    0.980741,    0.225901,92687549646772
92480670595784,2,     0.43103,     0.18498,    0.908228,    0.191825,92688251871022
92480670595784,2,    0.413412,    0.158975,    0.856247,    0.171313,92688881914909
92480670595784,2,    0.389052,    0.141476,    0.788562,    0.158036,92689679774557
92480670595784,2,    0.372783,     0.13353,    0.741187,    0.131924,92690382652457
92480670595784,2,     0.34431,    0.109867,    0.673824,    0.107284,92691081632384
92480670595784,2,    0.310907,   0.0348471,    0.588061,   0.0878125,92691785964253
92480670595784,2,    0.297466,  0.00887456,    0.547333,   0.0810888,92692469573031
92480670595784,2,    0.271739,   0.0316304,    0.470262,    0.075372,92693178012493
92480670595784,2,     0.24988,  0.00715242,    0.412544,   0.0726784,92694052936644
92480670595784,2,    0.234084,  0.00019993,    0.378299,   0.0739576,92694870531007
92480670595784,2,     0.21938,  -0.0102301,    0.350032,   0.0754939,92695668079864
92480670595784,2,    0.202024,  -0.0188795,     0.30593,   0.0793256,92696433938077
92480670595784,2,     0.18535,  -0.0236006,    0.269288,   0.0782253,92697186278073
92480670595784,2,    0.170496,  -0.0234607,     0.23653,   0.0783562,92697827636624
92480670595784,2,    0.154714,  -0.0252572,    0.207517,     0.07757,92698530030244
92480670595784,2,    0.139905,  -0.0263735,    0.187307,   0.0780454,92699237597724
92480670595784,2,    0.124004, -0.00576523,    0.149708,   0.0796392,92699926131482
92480670595784,2,    0.108682,   0.0369684,    0.125895,     0.08091,92700633127174
92480670595784,2,   0.0958725,   0.0765169,    0.104804,    0.080306,92701298619232
92480670595784,2,   0.0873731,    0.155988,   0.0955911,   0.0782617,92702015197736
92480670595784,2,   0.0803607,    0.209791,   0.0865164,   0.0777174,92702775192358
92480670595784,2,   0.0708512,    0.247907,   0.0735542,   0.0768383,92703536691163
92480670595784,2,   0.0627012,    0.227279,   0.0663832,   0.0768149,92704216508588
92480670595784,2,   0.0519144,    0.201811,   0.0560442,   0.0795083,92704898037533
92480670595784,2,   0.0505968,     0.13939,   0.0451753,    0.078133,92705619980379
92480670595784,2,   0.0449019,    0.211394,    0.034817,    0.076467,92706323120975
92480670595784,2,   0.0314595,    0.259266,   0.0248157,   0.0760128,92707027683771
92480670595784,2,   0.0213685,    0.191968,   0.0199358,   0.0753744,92707777086642
92480670595784,2,   0.0108204,    0.102218,   0.0147866,     0.07241,92708415749802
92480670595784,2,  0.00432491,   0.0408566,    0.013703,   0.0783677,92709118818695
92480670595784,2,           0,  -0.0463276,   0.0119487,   0.0799178,92709856172222
92480670595784,2,           0,   -0.127483,   0.0102449,   0.0821824,92710542498107
92480670595784,2,           0,   -0.178263,   0.0060878,   0.0831155,92711284219009
92480670595784,2,           0,   -0.166677, 0.000445991,   0.0817046,92712098162027
92480670595784,2,           0,   -0.140434, -0.00497075,   0.0782628,92712836879929
92480670595784,2,           0,   -0.135731, -0.00942723,   0.0753196,92713557526665
92480670595784,2,           0,  -0.0604804,  -0.0121413,   0.0735357,92714241489201
92480670595784,2,           0,  -0.0475115,  -0.0129801,   0.0709905,92715000475389
92715621782005,2,           0,           0,     2.17004,     2.14507,92715681161069
92715621782005,2,           0,           0,     2.17001,     2.14511,92716307524366
92715621782005,2,           0,           0,     2.17001,     2.14511,92717030988839
92715621782005,2,           0,   0.0267823,     2.17143,     2.14367,92717735772757
92715621782005,2,           0,    0.179067,     2.17986,     2.14041,92718523882949
92715621782005,2,           0,    0.282446,     2.17473,      2.1508,92719287356640
92715621782005,2,           0,    0.324221,     2.31137,     2.00379,92719981026712
92715621782005,2,           0,    0.315494,     2.31114,     2.00272,92720677254257
92715621782005,2,           0,    0.287203,     2.40346,     1.89309,92721370400818
92715621782005,2,           0,    0.228881,     2.54252,     1.69312,92722020068646
92715621782005,2,           0,    0.199784,     2.58376,     1.61815,92722774094119
92715621782005,2,           0,    0.156391,     2.65269,     1.49717,92723481186263
92715621782005,2,           0,    0.112105,     2.70221,     1.40738,92724192126099
92715621782005,2,           0,    0.100076,     2.70703,     1.38489,92724842296151
92715621782005,2,           0,   0.0526271,     2.74681,     1.30264,92725452930033
92715621782005,2,           0,   0.0343633,     2.75545,     1.27859,92726104648900
92715621782005,2,    0.016338,  0.00290824,     2.76966,     1.24776,92726806996232
92715621782005,2,    0.129039,   0.0509861,     2.77371,     1.21792,92727555530252
92715621782005,2,    0.198346,   0.0740322,     2.77369,     1.20853,92728164465637
92715621782005,2,    0.269954,   0.0976127,     2.77667,     1.21591,92728913321493
92715621782005,2,    0.322158,    0.105517,     2.77875,     1.20621,92729586471072
92715621782005,2,    0.367935,    0.085518,     2.76722,     1.20899,92730335833322
92715621782005,2,     0.39568,   0.0437822,      2.7645,     1.21339,92731083700558
92715621782005,2,    0.404414,   0.0336836,     2.76039,     1.20602,92731653138342
92715621782005,2,     0.38914,   0.0240022,     2.73825,      1.2829,92732320764770
92715621782005,2,    0.377004,   0.0294624,     2.74386,     1.34535,92733140606524
92715621782005,2,    0.375411,   0.0184288,      2.7058,     1.36548,92733713990491
92715621782005,2,     0.36433,   0.0223534,     2.67229,     1.40654,92734436446219
92715621782005,2,    0.358278,   0.0208321,     2.66528,      1.4646,92735091984944
92715621782005,2,    0.351283,   0.0231942,      2.6401,     1.49209,92735755612927
92715621782005,2,    0.354827,   0.0378406,     2.60428,     1.54357,92736403885694
92715621782005,2,    0.350174,    0.043307,     2.58048,     1.54098,92737033127096
92715621782005,2,    0.354243,   0.0473165,     2.58289,     1.57688,92737796902628
92715621782005,2,    0.352971,   0.0572757,     2.57861,      1.5985,92738489570151
92715621782005,2,    0.347208,   0.0500144,     2.54953,     1.60388,92739102957976
92715621782005,2,    0.348004,   0.0617791,     2.53663,     1.63466,92739803060936
92715621782005,2,    0.352158,   0.0642368,     2.53751,     1.64858,92740510281717
92715621782005,2,    0.352968,   0.0777458,     2.51716,     1.65961,92741097297103
92715621782005,2,    0.354723,   0.0879399,      2.4984,     1.65809,92741748730875
92715621782005,2,    0.356102,    0.100638,     2.49051,     1.65278,92742456404470
92715621782005,2,    0.353278,   0.0963224,     2.50736,     1.64954,92743109892780
92715621782005,2,    0.361763,    0.123829,     2.49924,     1.65457,92743814391651
92715621782005,2,    0.364476,    0.173964,     2.49449,     1.66126,92744583692935
92715621782005,2,    0.360656,    0.177173,     2.49868,     1.66262,92745371002176
92715621782005,2,    0.353211,    0.134835,     2.52207,     1.56909,92746019178378
92715621782005,2,    0.356192,    0.152279,     2.53512,     1.55809,92746703403874
92715621782005,2,    0.362349,    0.119609,     2.58642,     1.48917,92747411952079
92715621782005,2,    0.340436,    0.121535,     2.59166,     1.45752,92748077505148
92715621782005,2,    0.338064,    0.131441,     2.59454,     1.43154,92748706865484
92715621782005,2,    0.329988,    0.152572,     2.63039,     1.40317,92749335617911
92715621782005,2,    0.316566,    0.161119,     2.62921,     1.37154,92750101675719
92715621782005,2,    0.318919,    0.166245,     2.66465,     1.30953,92750830255900
92715621782005,2,    0.298428,    0.183203,     2.68252,     1.28158,92751481119052
92715621782005,2,     0.28209,    0.166731,     2.70264,      1.2221,92752170187447
92715621782005,2,    0.262298,    0.149821,     2.72448,     1.19652,92752957250700
92715621782005,2,    0.224722,    0.127541,     2.75178,     1.10527,92753744367170
92715621782005,2,    0.224722,    0.125632,     2.77754,     1.03436,92754447505072
92715621782005,2,    0.224722,    0.122331,     2.79226,     1.01652,92755121253189
92715621782005,2,    0.248548,    0.128399,     2.80815,    0.960926,92755965532492
92715621782005,2,    0.299341,    0.142823,      2.8477,    0.885233,92756828400382
92715621782005,2,     0.33463,    0.120745,     2.89385,    0.798372,92757691142887
92715621782005,2,    0.352887,    0.155146,     2.88549,    0.785983,92758479445569
92715621782005,2,    0.357399,    0.171197,     2.88422,    0.804167,92759187801842
92715621782005,2,    0.355852,     0.12144,     2.91211,    0.676751,92759857076922
92715621782005,2,    0.353026,   0.0903443,     2.94789,     0.60934,92760585618992
92715621782005,2,    0.356852,   0.0734269,     2.95561,    0.546561,92761333593784
92715621782005,2,    0.351357,   0.0962432,     2.96372,    0.524814,92762119111306
92715621782005,2,    0.357047,   0.0934931,     2.98285,    0.462562,92762870318760
92715621782005,2,    0.357413,   0.0959924,      2.9684,    0.418061,92763653792702
92715621782005,2,      0.3667,    0.100328,     2.99574,    0.363354,92764362240096
92715621782005,2,    0.378123,    0.102313,     2.99894,      0.3159,92765205389682
92715621782005,2,    0.383775,   0.0989058,     3.01265,    0.265896,92765874632580
92715621782005,2,    0.386596,    0.101751,     3.01754,    0.234569,92766523848981
92715621782005,2,    0.357038,    0.081436,     3.01807,    0.159299,92767210986563
92715621782005,2,    0.383829,   0.0767114,     3.01486,    0.103824,92767882835357
92715621782005,2,    0.412653,   0.0807281,     3.01107,   0.0837954,92768536351684
92715621782005,2,     0.41106,   0.0628225,     3.03864,   0.0133032,92769223907650
92715621782005,2,    0.447884,   0.0577313,     3.00024,  -0.0301382,92769912894662
92715621782005,2,    0.513338,   0.0508114,     3.01348,  -0.0798458,92770618848631
92715621782005,2,     0.51921,   0.0416176,     3.03732,   -0.134625,92771348439906
92715621782005,2,    0.576191,    0.042836,      3.0328,   -0.164768,92772034536314
92715621782005,2,    0.637049,   0.0366074,     3.00115,    -0.19085,92772710195414
92715621782005,2,    0.707282,   0.0285482,     2.92358,   -0.224412,92773436184459
92715621782005,2,     0.67334,   0.0225013,      2.8105,   -0.237814,92774186330202
92715621782005,2,    0.603084,   0.0130757,     2.73244,   -0.241655,92774852354009
92715621782005,2,    0.537586, -0.00581582,     2.63046,   -0.251719,92775560949056
92715621782005,2,    0.528099,  -0.0104696,     2.51423,   -0.253236,92776249825861
92715621782005,2,    0.479613,  -0.0204122,     2.43074,   -0.254316,92776958964485
92715621782005,2,    0.447938,  -0.0290965,     2.36928,   -0.249322,92777644681898
92715621782005,2,    0.446472,  -0.0368826,     2.25516,   -0.236168,92778252964108
92715621782005,2,    0.453814,  -0.0525529,     2.20527,   -0.238772,92779002354328
92715621782005,2,     0.44332,  -0.0437679,     2.13198,   -0.209791,92779657024064
92715621782005,2,    0.440339,  -0.0450879,     2.03156,    -0.19137,92780315496183
92715621782005,2,    0.426875,  -0.0478619,       1.922,   -0.168843,92781044710951
92715621782005,2,    0.427912,  -0.0500554,     1.90013,    -0.15896,92781757949495
92715621782005,2,    0.440001,  -0.0336573,     1.82188,   -0.132205,92782490509044
92715621782005,2,    0.441403,  -0.0418087,     1.76077,   -0.126332,92783240044641
92715621782005,2,    0.454919,  -0.0481774,      1.7131,   -0.117672,92783929856727
92715621782005,2,    0.472294,  -0.0433402,     1.61692,   -0.101168,92784640963692
92715621782005,2,    0.528294,  -0.0461082,     1.53853,   -0.096738,92785466870545
92715621782005,2,    0.561631,   -0.041161,     1.46454,  -0.0806167,92786212653201
92715621782005,2,     0.56774,  -0.0354698,      1.3914,  -0.0642704,92787013964273
92715621782005,2,    0.543742,  -0.0362391,      1.3021,  -0.0566499,92787663050351
92715621782005,2,    0.514847,  -0.0411083,     1.19931,  -0.0507469,92788471160867
92715621782005,2,    0.496063,  -0.0599635,     1.15054,  -0.0507321,92789139968677
92715621782005,2,    0.461564,  -0.0406471,     1.01577,  -0.0278921,92789929711635
92715621782005,2,    0.430121,  -0.0310758,    0.947256,  -0.0201712,92790694122405
92715621782005,2,     0.41017,  0.00163048,    0.881124,  -0.0167078,92791343802986
92715621782005,2,    0.380439,   0.0821666,    0.802384,  -0.0204367,92792104358207
92715621782005,2,    0.363341,    0.122285,    0.719238,  -0.0323015,92792826948531
92715621782005,2,     0.34654,    0.152611,     0.68707,  -0.0364192,92793546044196
92715621782005,2,    0.322383,    0.141927,    0.620984,    -0.05387,92794212975379
92715621782005,2,     0.30882,       0.133,    0.563233,  -0.0650167,92794972035152
92715621782005,2,    0.281926,    0.111485,    0.508981,  -0.0737396,92795637944422
92715621782005,2,    0.262852,    0.106647,    0.452313,  -0.0924925,92796327049045
92715621782005,2,    0.241819,   0.0995681,    0.409371,   -0.101625,92797050663245
92715621782005,2,    0.221799,   0.0911532,    0.350675,   -0.110183,92797788522819
92715621782005,2,    0.197448,    0.077236,    0.307279,   -0.116358,92798864856590
92715621782005,2,           0,           0,    0.288722,   -0.122171,92800293856665
92715621782005,2,           0,   0.0502656,      0.2809,   -0.127641,92800893790776
92715621782005,2,           0,   0.0727815,    0.269984,      -0.132,92801654810516
92715621782005,2,           0,   0.0488521,    0.259597,   -0.133984,92802341823958
92715621782005,2,           0,   0.0266446,    0.253308,   -0.132759,92803001089474
92715621782005,2,           0,   0.0129369,    0.248608,    -0.13353,92803758634115
92715621782005,2,   0.0033292, 0.000319828,    0.242802,   -0.135036,92804442895151
92715621782005,2,    0.056054,   0.0206703,    0.237454,   -0.133985,92805124197243
92715621782005,2,   0.0981016,    0.038579,    0.234859,    -0.13409,92805828027876
92715621782005,2,    0.127783,   0.0485426,      0.2119,   -0.135727,92806490398704
92715621782005,2,    0.142701,   0.0441733,    0.196052,   -0.136396,92807170912788
92715621782005,2,     0.13683,   0.0452893,    0.170312,   -0.136643,92807988319636
92715621782005,2,    0.125746,    0.032294,    0.150458,   -0.137201,92808708330094
92715621782005,2,    0.114686,   0.0258502,    0.126948,   -0.139665,92809332121388
92715621782005,2,    0.102547,   0.0293621,    0.109829,   -0.141665,92810038099402
92715621782005,2,    0.088216,   0.0173113,   0.0855265,   -0.141921,92810683600413
92715621782005,2,   0.0770297,   0.0234461,   0.0726135,   -0.138068,92811363685982
92715621782005,2,   0.0651161,   0.0243829,   0.0591073,   -0.138675,92811994323729
92715621782005,2,   0.0592172,   0.0210376,   0.0528034,   -0.141015,92812773555874
92715621782005,2,   0.0523264,    0.018988,   0.0430695,   -0.143265,92813552046096
92715621782005,2,   0.0432646,  0.00675493,   0.0314251,   -0.140424,92814182728738
92715621782005,2,   0.0332905,  0.00198904,   0.0207048,   -0.141268,92814891430598
92715621782005,2,   0.0246136,  0.00133163,   0.0138227,   -0.143524,92815592285064
92715621782005,2,   0.0145438,  0.00055605,  0.00662118,   -0.146095,92816278472087
92715621782005,2,   0.0585958,   0.0103037,     3.00114,    0.391564,92816967620164
92715621782005,2,    0.134478,   0.0212937,     2.98446,    0.389935,92817694396587
92715621782005,2,    0.192913,   0.0330123,     2.98122,    0.383602,92818345650197
92715621782005,2,     0.25066,   0.0411584,     3.00219,    0.383983,92819116576839
92715621782005,2,    0.294875,    0.050086,     2.99673,    0.380062,92819863147539
92715621782005,2,    0.324854,   0.0540496,     2.96779,    0.376449,92820534282863
92715621782005,2,     0.34762,   0.0436359,     2.98158,    0.348027,92821300129016
92715621782005,2,    0.357304,   0.0324834,     2.97927,    0.325884,92822089517150
92715621782005,2,    0.368409,   0.0326721,     3.01092,    0.316072,92822798347362
92715621782005,2,    0.360121,   0.0351315,      3.0098,    0.302671,92823529539017
92715621782005,2,    0.366738,   0.0426093,     2.98083,    0.293347,92824199891019
92715621782005,2,    0.377875,   0.0496156,     2.98798,    0.288272,92824849859803
92715621782005,2,    0.382072,   0.0451547,     2.99683,    0.260932,92825523090812
92715621782005,2,     0.39237,   0.0435557,     3.00564,    0.249333,92826177345400
92715621782005,2,    0.397066,   0.0413041,     3.00512,    0.224809,92826926431282
92715621782005,2,    0.401709,   0.0435533,     3.00113,    0.215876,92827580908094
92715621782005,2,    0.397617,    0.033372,     3.00787,     0.19521,92828235677794
92715621782005,2,    0.419176,   0.0296291,     3.00573,    0.176166,92828883788049
92715621782005,2,    0.417801,   0.0248932,     2.98971,    0.159425,92829617792483
92715621782005,2,    0.436503,   0.0247083,     2.99628,    0.152225,92830252623003
92715621782005,2,    0.452661,   0.0265717,     3.01222,    0.145262,92831065776359
92715621782005,2,    0.466717,   0.0271553,     2.99724,    0.134091,92831737232872
92715621782005,2,    0.470254,   0.0267629,     2.99168,    0.124187,92832412379487
92715621782005,2,    0.502589,   0.0188618,     3.00038,    0.111759,92833087574934
92715621782005,2,    0.532042,   0.0174868,     3.01522,    0.103978,92833762783498
92715621782005,2,     0.54053,   0.0184933,     3.01828,    0.100467,92834437352703
92715621782005,2,    0.570243,   0.0194031,     3.00882,   0.0928278,92835091092368
92715621782005,2,    0.602116,   0.0203443,     3.00156,   0.0864048,92835723825867
92715621782005,2,    0.645825,   0.0180854,     3.02402,   0.0727425,92836454939291
92715621782005,2,    0.707582,   0.0220072,     3.00165,   0.0706182,92837229677269
92715621782005,2,    0.714325,   0.0225636,     2.99272,   0.0656034,92837906379909
92715621782005,2,    0.779396,   0.0183429,     2.99778,   0.0509367,92838558615524
92715621782005,2,    0.868571,   0.0170976,     3.02462,   0.0420627,92839288815951
92715621782005,2,    0.947439,   0.0179046,     3.01822,   0.0370072,92839998882604
92715621782005,2,     1.01621,   0.0139191,     3.02249,   0.0283643,92840729536945
92715621782005,2,     1.06948,  0.00838437,     3.02531,   0.0169391,92841440688580
92715621782005,2,     1.10627,  0.00735286,      2.9982,   0.0136436,92842095577108
92715621782005,2,     1.13053,  0.00194318,     3.00288,  0.00398146,92842802912916
92715621782005,2,     1.12153,  0.00249369,     3.00089,  0.00486561,92843554355015
92715621782005,2,     1.10625,  0.00501012,     3.01547,  0.00722759,92844302451550
92715621782005,2,     1.07939,  0.00124926,     3.02642,  0.00196696,92844938261902
92715621782005,2,     1.06143, -0.00304536,      3.0107, -0.00135649,92845645890494
92715621782005,2,     1.02649, -0.00265807,     3.01085,  0.00156522,92846457939821
92715621782005,2,     1.01042,  0.00160137,     3.03291,  0.00474113,92847131327573
92715621782005,2,    0.985961,  0.00418098,     3.02724,   0.0040352,92847864615514
92715621782005,2,    0.967446,-0.000635677,     3.02451,   0.0033968,92848635882325
92715621782005,2,    0.946283, -0.00491996,     3.01447, 6.05674e-05,92849330640698
92715621782005,2,    0.924245, -0.00860528,     3.01792,-0.000688078,92850040014695
92715621782005,2,    0.890882, -0.00844349,     2.99325,  0.00118778,92850706437386
92715621782005,2,    0.863845, -0.00661526,     2.81078,  0.00464401,92851414248219
92715621782005,2,    0.837215, -0.00467118,     2.67807,   0.0055943,92852143844952
92715621782005,2,    0.817185,  0.00426668,     2.55823,   0.0139006,92852834852386
92715621782005,2,    0.796824,  0.00585205,     2.44016,   0.0143267,92853526986638
92715621782005,2,    0.761839,  0.00115318,     2.26172,  0.00916425,92854137210221
92715621782005,2,    0.734526,  0.00144035,     2.12329,  0.00879678,92854869548629
92715621782005,2,    0.707688, 0.000196739,      2.0151,   0.0060643,92855614886134
92715621782005,2,    0.682883,  0.00402199,     1.87784,  0.00715868,92856420637640
92715621782005,2,     0.65485,  0.00331111,     1.75347,  0.00612843,92857113198866
92715621782005,2,    0.619781,   0.0018544,     1.64418,  0.00400789,92857906789786
92715621782005,2,    0.607029,-0.000983944,     1.55022, 0.000532031,92858677618772
92715621782005,2,    0.576582, -0.00160052,     1.43561,-0.000889746,92859486754828
92715621782005,2,    0.560561,  0.00104006,     1.37132,  0.00107919,92860155319498
92715621782005,2,    0.521383,  0.00198427,     1.23745,  0.00117667,92860921956209
92715621782005,2,    0.500657, 0.000893088,     1.15431,-0.000615115,92861588223321
92715621782005,2,    0.476636, 0.000821448,      1.0718,-0.000736228,92862340136746
92715621782005,2,    0.454384,-0.000471646,     0.99724, -0.00167857,92862986651685
92715621782005,2,     0.42673, -0.00276392,    0.905945, -0.00435401,92863737177651
92715621782005,2,    0.407063, -0.00196497,    0.853493, -0.00412319,92864391582571
92715621782005,2,     0.37694, -0.00275938,    0.763864,  -0.0062013,92865178783624
92715621782005,2,    0.355914,-0.000947114,    0.693979, -0.00732608,92865757005477
92715621782005,2,      0.3346,-0.000495201,    0.633548, -0.00692803,92866520275290
92715621782005,2,    0.316279,-0.000229486,     0.58327, -0.00924874,92867330759122
92715621782005,2,    0.292683,-0.000764826,     0.52019, -0.00958491,92868014943987
92715621782005,2,    0.271592, -0.00421288,    0.465436, -0.00864921,92868724900243
92715621782005,2,    0.256521, -0.00336652,    0.442809, -0.00887836,92869512664412
92715621782005,2,    0.235562, 0.000584863,    0.377543, -0.00779361,92870418665446
92715621782005,2,    0.215502,  0.00266789,    0.341013,  -0.0081772,92871119857381
92715621782005,2,     0.19979,  0.00348767,    0.294893, -0.00775351,92871820942627
92715621782005,2,    0.183805,  0.00468482,    0.262329, -0.00784437,92872522832470
92715621782005,2,    0.166781,  0.00340213,    0.227571, -0.00826302,92873303710951
92715621782005,2,    0.156504,  0.00166263,     0.20727, -0.00985431,92874006510192
92715621782005,2,    0.134914,  0.00220644,    0.168178,  -0.0107298,92874732712518
92715621782005,2,    0.121506,  0.00358273,    0.142756,   -0.010701,92875511223750
92715621782005,2,    0.108134,   0.0026523,    0.124662,  -0.0120233,92876179751785
92715621782005,2,   0.0901476,  0.00262405,   0.0975231,  -0.0125355,92876891557761
92715621782005,2,   0.0797634,  0.00212705,   0.0818887,  -0.0142608,92877655889524
92715621782005,2,   0.0649247,  0.00323271,   0.0588986,  -0.0136727,92878702618978
92715621782005,2,   0.0572904,  0.00323255,   0.0496072,   -0.015078,92879530883626
92715621782005,2,   0.0473908,  0.00246841,   0.0429351,  -0.0131071,92880324911910
92715621782005,2,   0.0407629, 0.000902643,   0.0316068,  -0.0125549,92881264826686
92715621782005,2,   0.0301982, 0.000366062,   0.0218381,  -0.0134284,92882102494339
92715621782005,2,   0.0245032, 0.000238989,   0.0196752,  -0.0132737,92882830103915
92715621782005,2,    0.018106, 0.000174408,   0.0126998,  -0.0133358,92883552764238
92715621782005,2,  0.00352214, 3.44546e-05,  0.00573497,  -0.0160673,92884256575746
92884738691712,2,           0,           0,     3.00526,   -0.148053,92885052763983
92884738691712,2,           0,           0,     3.00526,   -0.148053,92885838027015
92884738691712,2,           0,           0,     3.00526,   -0.148053,92886486384574
92884738691712,2,   0.0496876,   -0.011573,     3.00467,   -0.145039,92887171987435
92884738691712,2,    0.124494,  -0.0439706,      2.9974,   -0.140142,92887897557747
92884738691712,2,    0.188326,    -0.06905,     2.98551,   -0.126547,92888621554081
92884738691712,2,    0.253419,  -0.0939125,     3.01568,   -0.104152,92889309301438
92884738691712,2,    0.314553,   -0.117415,     3.00845,  -0.0862908,92889978104995
92884738691712,2,    0.315447,   -0.119016,     2.99745,  -0.0316253,92890706853892
92884738691712,2,    0.315447,   -0.120176,     3.02832,   0.0390064,92891434907089
92884738691712,2,    0.275447,   -0.105221,     3.03847,   0.0486291,92892105383449
92884738691712,2,    0.275447,   -0.105784,     3.00078,    0.132691,92892773853127
92884738691712,2,    0.235447,  -0.0909008,       3.017,    0.193566,92893524313068
92884738691712,2,    0.195447,  -0.0759363,     3.00335,     0.24904,92894210570217
92884738691712,2,    0.195447,  -0.0767508,     2.98597,    0.320463,92894938158339
92884738691712,2,    0.195447,  -0.0770673,     2.98492,    0.357792,92895591885847
92884738691712,2,           0,           0,     2.97156,    0.369809,92896297248343
92884738691712,2,           0,           0,     2.96721,    0.373925,92897004632768
92884738691712,2,           0,           0,     2.96721,    0.373925,92897694462173
92884738691712,2,           0,-0.000184284,     2.96298,    0.399866,92898304741342
92884738691712,2,           0,   -0.100901,     2.98355,    0.463506,92899093292872
92884738691712,2,           0,   -0.157675,      2.9733,    0.480337,92899751335855
92884738691712,2,           0,   -0.183891,     2.96971,    0.480157,92900483152373
92884738691712,2,           0,   -0.137348,     2.94323,    0.603644,92901168148558
92884738691712,2,           0,  -0.0947892,     2.92453,    0.677609,92901833862561
92884738691712,2,           0,  -0.0562161,     2.90064,    0.761089,92902540285340
92884738691712,2,           0,  -0.0256595,     2.88672,    0.799493,92903205256772
92884738691712,2,   0.0101093, -0.00195656,     2.87649,    0.829439,92903955463105
92884738691712,2,    0.116562,  -0.0463413,     2.86105,    0.852834,92904607955499
92884738691712,2,    0.162127,  -0.0649245,     2.89266,    0.874907,92905350650002
92884738691712,2,    0.184079,  -0.0740531,     2.88619,    0.876635,92906016779657
92884738691712,2,    0.197371,  -0.0789406,     2.85618,    0.908316,92906736567019
92884738691712,2,         0.2,  -0.0586202,      2.8624,    0.945376,92907422597486
92884738691712,2,         0.2,  -0.0314217,     2.82492,    0.995457,92908016260071
92884738691712,2,         0.2,  -0.0180585,     2.83144,     1.02411,92908625355293
92884738691712,2,         0.2,  -0.0125787,     2.80433,     1.03648,92909235290624
92884738691712,2,         0.2, -0.00685607,     2.79942,     1.05561,92909917949568
92884738691712,2,    0.230929,  -0.0288837,     2.81442,     1.07621,92910586839771
92884738691712,2,    0.340694,  -0.0750456,     2.78471,     1.08502,92911356310671
92884738691712,2,    0.422288,   -0.100815,      2.7679,     1.12635,92911969892309
92884738691712,2,    0.509328,   -0.112989,     2.75867,      1.1386,92912701035172
92884738691712,2,    0.581116,   -0.109116,     2.74069,     1.20057,92913384912437
92884738691712,2,    0.644041,  -0.0958631,      2.7283,      1.2556,92914092870304
92884738691712,2,    0.700598,  -0.0919494,     2.69248,     1.29368,92914880792879
92884738691712,2,    0.710414,  -0.0395824,     2.62967,     1.38742,92915547960063
92884738691712,2,    0.614433,  -0.0109329,     2.63354,     1.44416,92916233827321
92884738691712,2,    0.495038,   0.0109046,     2.58342,     1.47932,92917056012263
92884738691712,2,    0.485898,  0.00659276,     2.58101,     1.49017,92917645048245
92884738691712,2,    0.480111,   0.0106331,     2.60062,     1.50853,92918355266866
92884738691712,2,     0.47577,   0.0173777,     2.57929,     1.51432,92919145672451
92884738691712,2,    0.470249,   0.0256622,     2.56699,     1.52214,92919835210866
92884738691712,2,    0.465103,   0.0182918,     2.56559,      1.5148,92920562713061
92884738691712,2,    0.460018,   0.0323257,     2.56404,     1.52969,92921368830636
92884738691712,2,    0.458895,   0.0378731,     2.57625,     1.53075,92922043886127
92884738691712,2,    0.454067,   0.0538066,     2.58505,     1.53096,92922753567647
92884738691712,2,    0.479831,   0.0761221,     2.58566,     1.51886,92923502735410
92884738691712,2,    0.525623,    0.146737,       2.597,     1.49899,92924214184196
92884738691712,2,     0.55913,    0.170967,     2.63785,      1.4411,92924905269865
92884738691712,2,    0.581309,    0.188756,     2.64155,     1.38768,92925571284183
92884738691712,2,    0.576422,    0.204932,     2.69264,     1.33961,92926277874908
92884738691712,2,    0.540018,    0.199485,     2.76704,     1.20066,92927066590563
92884738691712,2,    0.536721,    0.234903,     2.78181,     1.16328,92927896020373
92884738691712,2,    0.534146,    0.209427,     2.84702,    0.993342,92928566330689
92884738691712,2,    0.535663,    0.175903,     2.87858,    0.877094,92929255116105
92884738691712,2,    0.563511,    0.180684,     2.90686,    0.854999,92929924701695
92884738691712,2,    0.582846,    0.123158,     2.95898,    0.666041,92930653433692
92884738691712,2,    0.593725,   0.0886383,     2.99347,    0.574354,92931241876033
92884738691712,2,    0.675226,   0.0868121,     2.98552,    0.556355,92931974586356
92884738691712,2,    0.779843,   0.0510286,     3.00524,    0.428449,92932724712110
92884738691712,2,    0.878376,   0.0414247,      3.0211,    0.367402,92933398340517
92884738691712,2,    0.981222,    0.034084,     3.05383,    0.312133,92934168493639
92884738691712,2,     1.05157,   0.0279846,     3.05701,    0.258419,92934761137450
92884738691712,2,     1.06102,   0.0274027,     3.06731,    0.190572,92935475098627
92884738691712,2,    0.962021,    0.050851,     3.07456,     0.13294,92936130784902
92884738691712,2,    0.892682,   0.0667408,     3.09069,   0.0650724,92936837237338
92884738691712,2,    0.943351,   0.0690774,     3.10143, -0.00885071,92937508972539
92884738691712,2,    0.998915,   0.0700342,     3.08451,  -0.0478637,92938181785443
92884738691712,2,    0.890905,   0.0724342,     3.08019,   -0.142888,92938951178488
92884738691712,2,    0.791905,   0.0860566,     3.08773,   -0.211911,92939607987769
92884738691712,2,    0.644905,    0.144394,     3.07526,   -0.310295,92940570753065
92884738691712,2,    0.622622,     0.18685,      3.0543,   -0.355641,92941243702887
92884738691712,2,    0.507962,     0.16878,     3.05555,   -0.419647,92942306206592
92884738691712,2,    0.501103,    0.160728,     3.02828,   -0.578311,92943095166753
92884738691712,2,    0.495697,    0.148527,     2.99252,   -0.656799,92943804913304
92884738691712,2,    0.495159,    0.131787,     2.96434,   -0.815735,92944497409681
92884738691712,2,    0.495998,    0.101494,     2.93262,   -0.902823,92945286125677
92884738691712,2,    0.492718,    0.108293,     2.88919,   -0.984912,92946013919150
92884738691712,2,    0.489956,    0.149305,     2.85964,    -1.08202,92946739703569
92884738691712,2,    0.491882,    0.225742,     2.82913,    -1.14127,92947511041621
92884738691712,2,    0.495468,      0.2584,     2.77696,    -1.26089,92948314537207
92884738691712,2,    0.494558,    0.223721,     2.69916,     -1.4241,92949262263469
92884738691712,2,    0.500029,    0.197266,     2.62082,     -1.5082,92950201568190
92884738691712,2,    0.534595,    0.148324,     2.51597,      -1.661,92950826929383
92884738691712,2,    0.590775,    0.118183,     2.47122,     -1.7475,92951476736974
92884738691712,2,    0.644329,     0.13221,     2.42103,    -1.78502,92952204406340
92884738691712,2,    0.684448,    0.153288,     2.41174,    -1.80071,92952906833362
92884738691712,2,    0.710783,   0.0987968,     2.33553,    -1.90081,92953630953475
92884738691712,2,    0.686186,   0.0601635,     2.22101,    -2.01194,92954398785627
92884738691712,2,    0.664299,  0.00511065,     2.08227,    -2.11785,92955195640771
92884738691712,2,    0.647476,    -0.01758,     2.04322,    -2.17783,92955861940592
92884738691712,2,    0.634501,  -0.0172859,     2.00346,    -2.22092,92956591518137
92884738691712,2,    0.608122,  -0.0329657,     1.95088,    -2.25714,92957358798340
92884738691712,2,    0.565821,  -0.0231917,      1.8911,    -2.28321,92958141932691
92884738691712,2,    0.544911,  -0.0203687,     1.88267,    -2.33243,92958847258642
92884738691712,2,    0.534959,  -0.0327069,     1.85546,    -2.34359,92959529909441
92884738691712,2,    0.498059,  -0.0362323,     1.83588,    -2.36196,92960213379261
92884738691712,2,    0.487558,  -0.0373013,     1.84267,    -2.38019,92961042309286
92884738691712,2,    0.459775,  -0.0430687,     1.82174,    -2.40175,92961726169931
92884738691712,2,    0.438712,  -0.0473034,     1.82056,    -2.40746,92962431573183
92884738691712,2,    0.421557,   -0.058454,     1.81584,    -2.41977,92963155824371
92884738691712,2,    0.398109,  -0.0588372,      1.8176,    -2.43322,92963945343199
92884738691712,2,    0.368007,  -0.0406858,     1.84556,    -2.44247,92964580363862
92884738691712,2,    0.364943,  -0.0351307,     1.81334,    -2.44197,92965241732959
92884738691712,2,    0.310609,  -0.0239307,     1.81513,    -2.45722,92965901676557
92884738691712,2,     0.28426,  0.00989071,     1.83076,    -2.46383,92966647645597
92884738691712,2,    0.266482,   0.0154502,     1.81017,    -2.47611,92967335759201
92884738691712,2,    0.229422,   0.0162526,     1.83592,    -2.50317,92968100338453
92884738691712,2,     0.19056,   0.0113468,     1.80384,    -2.52592,92968805901141
92884738691712,2,    0.177015,    0.017364,     1.80541,    -2.53774,92969448915564
92884738691712,2,    0.142308,    0.014056,     1.79256,    -2.55909,92970152035027
92884738691712,2,    0.113704,   0.0116215,      1.7764,    -2.58072,92970821245695
92884738691712,2,   0.0848515,    0.011007,     1.74995,    -2.58294,92971527090032
92884738691712,2,   0.0412348,   0.0184444,     1.75106,    -2.60495,92972311103094
92884738691712,2,   0.0412348,   0.0156593,     1.73599,    -2.60937,92972996641732
92884738691712,2,   0.0412348,   0.0181626,     1.76772,     -2.6216,92973706431741
92884738691712,2,   0.0432216,   0.0202815,     1.74978,    -2.63119,92974548911263
92884738691712,2,   0.0432216,   0.0212273,      1.7314,     -2.6374,92975335972952
92884738691712,2,   0.0432216,   0.0179648,     1.72096,     -2.6411,92975991287500
92884738691712,2,           0,           0,     1.72219,    -2.63847,92976656473965
92884738691712,2,           0,           0,     1.72219,    -2.63847,92977327891424
92884738691712,2,           0,           0,     1.72219,    -2.63847,92977960957813
92884738691712,2,           0,   0.0506501,      1.7021,    -2.65212,92978623845723
92884738691712,2,           0,    0.119658,     1.67743,    -2.66786,92979353991398
92884738691712,2,           0,    0.108495,     1.65807,    -2.67878,92980085725621
92884738691712,2,           0,    0.101657,     1.62032,     -2.6989,92980791305181
92884738691712,2,           0,   0.0840105,     1.56788,    -2.72877,92981462967685
92884738691712,2,           0,   0.0884989,     1.53739,    -2.74256,92982120305563
92884738691712,2,           0,   0.0322393,     1.50269,     -2.7648,92982832250335
92884738691712,2,           0,   0.0176746,     1.45916,     -2.7859,92983564949530
92884738691712,2,           0,           0,     1.45631,    -2.78544,92984336145826
92884738691712,2,           0,           0,     1.45631,    -2.78544,92985027445887
92884738691712,2,           0,           0,     1.45631,    -2.78544,92985677399269
92884738691712,2,           0,           0,     1.45631,    -2.78544,92986425500915
92884738691712,2,           0,           0,     1.45631,    -2.78544,92987172835436
92884738691712,2,           0,           0,     1.45631,    -2.78544,92987867849209
92884738691712,2,           0,           0,     1.45631,    -2.78544,92988474451619
92884738691712,2,           0,           0,     1.45631,    -2.78544,92989242889299
92884738691712,2,           0,           0,     1.45631,    -2.78544,92989933887183
92884738691712,2,           0,           0,     1.45631,    -2.78544,92990664320631
92884738691712,2,           0,           0,     1.45631,    -2.78544,92991352752443
92884738691712,2,           0,           0,     1.45631,    -2.78544,92992045762574
92884738691712,2,           0,           0,     1.45631,    -2.78544,92992717987777
92884738691712,2,           0,           0,     1.45631,    -2.78544,92993446010380
92884738691712,2,           0,           0,     1.45631,    -2.78544,92994156940816
92884738691712,2,           0,           0,     1.45631,    -2.78544,92994865107749
92884738691712,2,           0,           0,     1.45631,    -2.78544,92995535676355
92884738691712,2,           0,           0,     1.45631,    -2.78544,92996184684576
92884738691712,2,           0,           0,     1.45631,    -2.78544,92996894900149
92884738691712,2,           0,           0,     1.45631,    -2.78544,92997525872181
92884738691712,2,           0,           0,     1.45631,    -2.78544,92998196447606
92884738691712,2,           0,           0,     1.45631,    -2.78544,92998925635733
92884738691712,2,           0,           0,     1.45631,    -2.78544,92999515143997
92884738691712,2,           0,           0,     1.45631,    -2.78544,93000183920514
92884738691712,2,           0,           0,     1.45631,    -2.78544,93000852683334
92884738691712,2,           0,           0,     1.45631,    -2.78544,93001578531948
92884738691712,2,           0,           0,     1.45631,    -2.78544,93002323541950
92884738691712,2,           0,           0,     1.45631,    -2.78544,93003386464999
92884738691712,2,           0,           0,     1.45631,    -2.78544,93004268246995
92884738691712,2,           0,           0,     1.45631,    -2.78544,93005071511103
92884738691712,2,           0,           0,     1.45631,    -2.78544,93005754969299
92884738691712,2,           0,           0,     1.45631,    -2.78544,93006423843724
92884738691712,2,           0,           0,     1.45631,    -2.78544,93007034016463
92884738691712,2,           0,           0,     1.45631,    -2.78544,93007739990900
92884738691712,2,           0,           0,     1.45631,    -2.78544,93008445190782
92884738691712,2,           0,           0,     1.45631,    -2.78544,93009092164120
92884738691712,2,           0,           0,     1.45631,    -2.78544,93009719420906
92884738691712,2,           0,           0,     1.45631,    -2.78544,93010466863585
92884738691712,2,           0,           0,     1.45631,    -2.78544,93011136147431
92884738691712,2,           0,           0,     1.45631,    -2.78544,93011843313884
92884738691712,2,           0,           0,     1.45631,    -2.78544,93012475117871
92884738691712,2,           0,           0,     1.45631,    -2.78544,93013128247880
92884738691712,2,           0,           0,     1.45631,    -2.78544,93013816397032
92884738691712,2,           0,           0,     1.45631,    -2.78544,93014464786387
92884738691712,2,           0,           0,     1.45631,    -2.78544,93015135258466
92884738691712,2,           0,           0,     1.45631,    -2.78544,93015863089136
92884738691712,2,           0,           0,     1.45631,    -2.78544,93016572723570
92884738691712,2,           0,           0,     1.45631,    -2.78544,93017376820186
92884738691712,2,           0,           0,     1.45631,    -2.78544,93018105777587
92884738691712,2,           0,           0,     1.45631,    -2.78544,93018716619828
92884738691712,2,           0,           0,     1.45631,    -2.78544,93019341278178
92884738691712,2,           0,           0,     1.45631,    -2.78544,93020029822643
92884738691712,2,           0,           0,     1.45631,    -2.78544,93020699498935
92884738691712,2,           0,           0,     1.45631,    -2.78544,93021468357349
92884738691712,2,           0,           0,     1.45631,    -2.78544,93022075475998
92884738691712,2,           0,           0,     1.45631,    -2.78544,93022765509665
92884738691712,2,           0,           0,     1.45631,    -2.78544,93023456878801
92884738691712,2,           0,           0,     1.45631,    -2.78544,93024145850618
92884738691712,2,           0,           0,     1.45631,    -2.78544,93024814666919
92884738691712,2,           0,           0,     1.45631,    -2.78544,93025483178058
92884738691712,2,           0,           0,     1.45631,    -2.78544,93026161006576
92884738691712,2,           0,           0,     1.45631,    -2.78544,93026845074603
92884738691712,2,           0,           0,     1.45631,    -2.78544,93027533736566
92884738691712,2,           0,           0,     1.45631,    -2.78544,93028184900064
92884738691712,2,           0,           0,     1.45631,    -2.78544,93028955518223
92884738691712,2,           0,           0,     1.45631,    -2.78544,93029650237941
92884738691712,2,           0,           0,     1.45631,    -2.78544,93030398540651
92884738691712,2,           0,           0,     1.45631,    -2.78544,93031126596586
92884738691712,2,           0,           0,     1.45631,    -2.78544,93031780689965
92884738691712,2,           0,           0,     1.45631,    -2.78544,93032564328958
92884738691712,2,           0,           0,     1.45631,    -2.78544,93033271752739
92884738691712,2,           0,           0,     1.45631,    -2.78544,93033984642633
92884738691712,2,           0,           0,     1.45631,    -2.78544,93034633781854
92884738691712,2,           0,           0,     1.45631,    -2.78544,93035379332111
92884738691712,2,           0,           0,     1.45631,    -2.78544,93036085782382
92884738691712,2,           0,           0,     1.45631,    -2.78544,93036792153847
92884738691712,2,           0,           0,     1.45631,    -2.78544,93037559092789
92884738691712,2,           0,           0,     1.45631,    -2.78544,93038229398018
92884738691712,2,           0,           0,     1.45631,    -2.78544,93038900228535
92884738691712,2,           0,           0,     1.45631,    -2.78544,93039691821925
92884738691712,2,           0,           0,     1.45631,    -2.78544,93040420927793
92884738691712,2,           0,           0,     1.45631,    -2.78544,93041171316779
92884738691712,2,           0,           0,     1.45631,    -2.78544,93041882278892
92884738691712,2,           0,           0,     1.45631,    -2.78544,93042595153092
92884738691712,2,           0,           0,     1.45631,    -2.78544,93043284011070
92884738691712,2,           0,           0,     1.45631,    -2.78544,93044034925105
92884738691712,2,           0,           0,     1.45631,    -2.78544,93044702170004
92884738691712,2,           0,           0,     1.45631,    -2.78544,93045411347475
92884738691712,2,           0,           0,     1.45631,    -2.78544,93046138654464
92884738691712,2,           0,           0,     1.45631,    -2.78544,93046848748332
92884738691712,2,           0,           0,     1.45631,    -2.78544,93047565433335
92884738691712,2,           0,           0,     1.45631,    -2.78544,93048290677678
92884738691712,2,           0,           0,     1.45631,    -2.78544,93048980448211
92884738691712,2,           0,           0,     1.45631,    -2.78544,93049708661273
92884738691712,2,   0.0288855,  -0.0104752,     1.44337,    -2.79049,93050439811722
92884738691712,2,           0,           0,     1.43264,    -2.79648,93051229787510
92884738691712,2,           0,           0,     1.43264,    -2.79648,93051898019944
92884738691712,2,           0,           0,     1.43264,    -2.79648,93052660168818
92884738691712,2,           0,           0,     1.43264,    -2.79648,93053353770379
92884738691712,2,           0,           0,     1.43264,    -2.79648,93054001427000
92884738691712,2,           0,           0,     1.43264,    -2.79648,93054730961905
92884738691712,2,           0,           0,     1.43264,    -2.79648,93055534795071
92884738691712,2,           0,           0,     1.43264,    -2.79648,93056242343701
92884738691712,2,           0,           0,     1.43264,    -2.79648,93056974890608
92884738691712,2,           0,           0,     1.43264,    -2.79648,93057662098643
92884738691712,2,           0,           0,     1.43264,    -2.79648,93058350258610
92884738691712,2,           0,           0,     1.43264,    -2.79648,93059025949028
92884738691712,2,           0,           0,     1.43264,    -2.79648,93059752596953
92884738691712,2,           0,           0,     1.43264,    -2.79648,93060572331830
92884738691712,2,           0,           0,     1.43264,    -2.79648,93061282320577
92884738691712,2,           0,           0,     1.43264,    -2.79648,93063504881216
92884738691712,2,           0,           0,     1.43264,    -2.79648,93064095638971
92884738691712,2,           0,           0,     1.43264,    -2.79648,93064844643632
92884738691712,2,           0,           0,     1.43264,    -2.79648,93065534618133
92884738691712,2,           0,           0,     1.43264,    -2.79648,93066226771896
92884738691712,2,           0,           0,     1.43264,    -2.79648,93067031905927
92884738691712,2,           0,           0,     1.43264,    -2.79648,93067743100521
92884738691712,2,           0,           0,     1.43264,    -2.79648,93068631570037
92884738691712,2,           0,           0,     1.43264,    -2.79648,93069301713562
92884738691712,2,           0,           0,     1.43264,    -2.79648,93070015953019
92884738691712,2,           0,           0,     1.43264,    -2.79648,93070722777569
92884738691712,2,           0,           0,     1.43264,    -2.79648,93071438126676
92884738691712,2,           0,           0,     1.43264,    -2.79648,93072108535788
92884738691712,2,           0,           0,     1.43264,    -2.79648,93072859914392
92884738691712,2,           0,           0,     1.43264,    -2.79648,93073706784191
92884738691712,2,           0,           0,     1.43264,    -2.79648,93074379218102
92884738691712,2,           0,           0,     1.43264,    -2.79648,93075150220617
92884738691712,2,           0,           0,     1.43264,    -2.79648,93075901064278
92884738691712,2,           0,           0,     1.43264,    -2.79648,93076651689828
92884738691712,2,           0,           0,     1.43264,    -2.79648,93077420769786
92884738691712,2,           0,           0,     1.43264,    -2.79648,93078167400973
92884738691712,2,           0,           0,     1.43264,    -2.79648,93078860566972
92884738691712,2,           0,           0,     1.43264,    -2.79648,93079651885238
92884738691712,2,           0,           0,     1.43264,    -2.79648,93080419568799
92884738691712,2,           0,           0,     1.43264,    -2.79648,93081103612644
92884738691712,2,           0,           0,     1.43264,    -2.79648,93081775185965
92884738691712,2,           0,           0,     1.43264,    -2.79648,93082604961039
92884738691712,2,           0,           0,     1.43264,    -2.79648,93083475815102
92884738691712,2,           0,           0,     1.43264,    -2.79648,93084240132312
92884738691712,2,           0,           0,     1.43264,    -2.79648,93084888416717
92884738691712,2,   0.0306127,  -0.0160545,     1.43193,    -2.79645,93085593111631
92884738691712,2,           0,           0,     1.42763,    -2.79875,93086381669712
92884738691712,2,           0,           0,     1.42763,    -2.79875,93087121021652
92884738691712,2,           0,           0,     1.42763,    -2.79875,93087829307554
92884738691712,2,           0,           0,     1.42763,    -2.79875,93088581013224
92884738691712,2,           0,           0,     1.42763,    -2.79875,93089350435447
92884738691712,2,           0,           0,     1.42763,    -2.79875,93090080010825
92884738691712,2,           0,           0,     1.42763,    -2.79875,93090768584004
92884738691712,2,           0,           0,     1.42763,    -2.79875,93091399879760
92884738691712,2,           0,           0,     1.42763,    -2.79875,93092031967338
92884738691712,2,           0,           0,     1.42763,    -2.79875,93092779337162
92884738691712,2,           0,           0,     1.42763,    -2.79875,93093507097485
92884738691712,2,           0,           0,     1.42763,    -2.79875,93094176744038
92884738691712,2,           0,           0,     1.42763,    -2.79875,93094996033317
92884738691712,2,           0,           0,     1.42763,    -2.79875,93095880744941
92884738691712,2,           0,           0,     1.42763,    -2.79875,93096508649985
92884738691712,2,           0,           0,     1.42763,    -2.79875,93097156718529
92884738691712,2,           0,           0,     1.42763,    -2.79875,93097817430319
92884738691712,2,           0,           0,     1.42763,    -2.79875,93098625031288
92884738691712,2,           0,           0,     1.42763,    -2.79875,93099277047070
92884738691712,2,           0,           0,     1.42763,    -2.79875,93099999831540
92884738691712,2,           0,           0,     1.42763,    -2.79875,93100693013830
92884738691712,2,           0,           0,     1.42763,    -2.79875,93101459229953
92884738691712,2,           0,           0,     1.42763,    -2.79875,93102091014860
92884738691712,2,           0,           0,     1.42763,    -2.79875,93102703303403
92884738691712,2,           0,           0,     1.42763,    -2.79875,93103372702187
92884738691712,2,           0,           0,     1.42763,    -2.79875,93104022971801
92884738691712,2,           0, -0.00736827,     1.42763,    -2.79875,93104677429897
92884738691712,2,           0,           0,     1.43276,    -2.79907,93105330693005
92884738691712,2,           0,           0,     1.43276,    -2.79907,93105941690631
92884738691712,2,           0,           0,     1.43276,    -2.79907,93106597071426
92884738691712,2,           0,           0,     1.43276,    -2.79907,93107315086944
92884738691712,2,           0,           0,     1.43276,    -2.79907,93107924240939
92884738691712,2,           0,           0,     1.43276,    -2.79907,93108578632554
92884738691712,2,           0,           0,     1.43276,    -2.79907,93109286011067
92884738691712,2,           0,           0,     1.43276,    -2.79907,93110007165307
92884738691712,2,           0,           0,     1.43276,    -2.79907,93110667428958
92884738691712,2,           0,           0,     1.43276,    -2.79907,93111423140526
92884738691712,2,           0,           0,     1.43276,    -2.79907,93112050611022
92884738691712,2,           0,           0,     1.43276,    -2.79907,93112703021680
92884738691712,2,           0,           0,     1.43276,    -2.79907,93113414666424
92884738691712,2,           0,           0,     1.43276,    -2.79907,93114065691035
92884738691712,2,           0,           0,     1.43276,    -2.79907,93114732747497
92884738691712,2,           0,           0,     1.43276,    -2.79907,93115493602830
92884738691712,2,           0,           0,     1.43276,    -2.79907,93116121389264
92884738691712,2,           0,           0,     1.43276,    -2.79907,93116811449984
92884738691712,2,           0,           0,     1.43276,    -2.79907,93117459471785
92884738691712,2,           0,           0,     1.43276,    -2.79907,93118074875588
92884738691712,2,           0,           0,     1.43276,    -2.79907,93118979980726
92884738691712,2,           0,           0,     1.43276,    -2.79907,93119732896191
92884738691712,2,           0,           0,     1.43276,    -2.79907,93120384572942
92884738691712,2,  0.00188669, -0.00192757,     1.43276,    -2.79907,93121147592896
92884738691712,2,   0.0628695,  -0.0155527,     1.46259,    -2.81273,93121839617038
92884738691712,2,    0.115345,  -0.0142268,     1.45037,    -2.81224,93122545216060
92884738691712,2,    0.155596,  -0.0462201,     1.45052,    -2.80841,93123114633368
92884738691712,2,    0.224401,  -0.0528442,     1.44913,    -2.80491,93123783791340
92884738691712,2,    0.283132,  -0.0327979,     1.46578,    -2.80895,93124453800673
92884738691712,2,    0.348648, -0.00985905,       1.469,    -2.82076,93125384354792
92884738691712,2,    0.380711, 0.000984166,      1.4901,    -2.85184,93125997479407
92884738691712,2,    0.415148,   0.0181738,     1.46243,    -2.87009,93126903909758
92884738691712,2,    0.422214,   0.0358188,     1.47919,    -2.88765,93127557177463
92884738691712,2,    0.404105,   0.0693965,     1.43423,    -2.91421,93128241615213
92884738691712,2,    0.386839,    0.104123,     1.39401,    -2.96691,93129034864288
92884738691712,2,    0.361217,    0.115199,     1.31521,    -3.00947,93129703771954
92884738691712,2,     0.33724,    0.127314,     1.19578,    -3.03193,93130413651774
92884738691712,2,    0.313637,     0.13143,     1.05884,    -3.05834,93131142464506
92884738691712,2,    0.292176,    0.136453,    0.944517,    -3.07852,93131806534213
92884738691712,2,    0.268287,    0.131461,    0.830186,    -3.09713,93132381634867
92884738691712,2,    0.241012,    0.116211,    0.713479,    -3.11166,93133030439238
92884738691712,2,    0.223961,   0.0890773,    0.608148,    -3.12412,93133677734698
92884738691712,2,    0.196391,     0.07711,    0.499357,    -3.13675,93134401248809
92884738691712,2,    0.186307,   0.0617513,    0.443698,    -3.14174,93135072785790
92884738691712,2,    0.164753,   0.0383055,    0.349157,    -3.14867,93135720923523
92884738691712,2,    0.151326,   0.0250509,    0.298491,    -3.15083,93136410208533
92884738691712,2,     0.12461,   0.0242764,    0.229037,    -3.15404,93137101152989
92884738691712,2,    0.112355,   0.0247032,    0.201796,    -3.15517,93137730641834
92884738691712,2,    0.100021,   0.0203303,    0.166825,    -3.15632,93138459555461
92884738691712,2,   0.0861827,   0.0175468,    0.130471,    -3.15534,93139150693927
92884738691712,2,   0.0718686,   0.0134137,   0.0969957,    -3.15686,93139804547031
92884738691712,2,   0.0651931,   0.0100607,    0.082617,    -3.15578,93140494222336
92884738691712,2,   0.0524747,  0.00661531,   0.0557911,    -3.15547,93141224665925
92884738691712,2,   0.0432646,  0.00755528,   0.0395871,    -3.15431,93141888636097
92884738691712,2,   0.0321184,   0.0064387,   0.0268735,      -3.153,93142540748000
92884738691712,2,   0.0271178,  0.00548411,    0.019321,    -3.15337,93143287671509
92884738691712,2,   0.0205986,  0.00411044,   0.0130804,    -3.15258,93143997732313
92884738691712,2,   0.0205986,  0.00414039,   0.0120928,    -3.15209,93144668714159
92884738691712,2,   0.0161567,  0.00325682,  0.00536015,    -3.15267,93145357854225
92884738691712,2,    0.165899,   0.0588702,     3.74753,    0.698035,93146039330365
92884738691712,2,    0.321239,    0.113994,     3.75004,    0.702633,93146757025455
92884738691712,2,    0.476769,    0.169184,     3.72699,    0.640485,93147535995153
92884738691712,2,    0.595286,    0.211241,     3.70429,     0.59969,93148180483196
92884738691712,2,     0.71444,    0.253523,     3.70856,    0.554751,93148886611885
92884738691712,2,    0.828482,    0.293992,     3.67791,    0.462874,93149631928144
92884738691712,2,    0.922627,    0.327399,     3.62875,    0.293907,93150320714267
92884738691712,2,     1.00626,    0.357076,     3.58875,      0.1565,93151015644995
92884738691712,2,     1.08284,    0.384251,     3.52825, -0.00826014,93151748202809
92884738691712,2,     1.14833,    0.407491,     3.48166,   -0.192925,93152489102196
92884738691712,2,     1.19733,    0.424879,     3.42517,   -0.377797,93153195844600
92884738691712,2,     0.85668,    0.303998,     3.35265,   -0.575149,93153973794219
92884738691712,2,    0.821403,     0.29148,     3.28382,   -0.789819,93154640021480
92884738691712,2,    0.792403,      0.1868,     3.24048,   -0.934373,93155392133749
92884738691712,2,    0.765443,   0.0792466,     3.15749,    -1.07453,93156130935530
92884738691712,2,    0.754765,-0.000377838,     3.11284,    -1.15516,93156776622109
92884738691712,2,    0.739934,  -0.0373822,     3.10603,    -1.18176,93157513064503
92884738691712,2,    0.684765,  -0.0778598,     3.07465,     -1.1808,93158151356526
92884738691712,2,    0.660457,  -0.0930903,     3.07498,     -1.1417,93158875217274
92884738691712,2,    0.622478,  -0.0975805,      3.0826,    -1.09169,93159630083100
92884738691712,2,    0.593985,  -0.0951757,     3.09064,    -1.03987,93160355100072
92884738691712,2,    0.584051,  -0.0828511,     3.11377,   -0.973902,93161024778756
92884738691712,2,    0.575439,  -0.0691765,       3.099,   -0.915162,93161726293532
92884738691712,2,    0.564982,  -0.0496768,     3.08937,   -0.874957,93162427392216
92884738691712,2,    0.554155, 0.000379893,     3.09078,   -0.820278,93163222505498
92884738691712,2,    0.553871,   0.0369043,      3.0871,   -0.799155,93163962031396
92884738691712,2,     0.58394,    0.113747,     3.08658,   -0.782018,93164724384949
92884738691712,2,    0.612996,    0.143341,     3.07749,   -0.787018,93165353570933
92884738691712,2,    0.634008,    0.158058,     3.06619,   -0.798967,93165993914921
92884738691712,2,    0.643438,    0.123015,     3.04397,   -0.885879,93166755973965
92884738691712,2,     0.64375,   0.0893757,     2.99262,   -0.968652,93167403706631
92884738691712,2,    0.673616,    0.088812,     2.99471,    -0.96387,93168146701326
92884738691712,2,    0.757885,   0.0483602,     2.96166,    -1.02403,93168891745308
92884738691712,2,    0.849385,   0.0256549,      2.9479,    -1.05532,93169532778164
92884738691712,2,    0.945075,   0.0126624,     2.93788,    -1.05582,93170301036817
92884738691712,2,     1.03665,   0.0042145,     2.94407,    -1.03226,93171170394190
92884738691712,2,     1.10975,  -0.0080556,     2.93919,   -0.999525,93172037793223
92884738691712,2,     1.15635,  -0.0222459,     2.92915,    -1.00441,93172745392527
92884738691712,2,     1.19342,  -0.0150276,     2.96401,    -0.94545,93173558856633
92884738691712,2,     1.20519, -0.00888569,     2.94861,    -0.91764,93174270851167
92884738691712,2,     1.17914,  -0.0111243,     2.93948,   -0.842057,93175003547892
92884738691712,2,     1.16318,  -0.0074299,     2.97762,   -0.763573,93175758381292
92884738691712,2,     1.14391,  -0.0065052,     2.95962,   -0.695418,93176447292611
92884738691712,2,     1.12803,  -0.0138255,     2.97682,   -0.643833,93177119650994
92884738691712,2,     1.10525, -0.00869621,     2.99963,   -0.561273,93177813086942
92884738691712,2,     1.08389, -0.00789055,     2.99382,   -0.500597,93178547149119
92884738691712,2,     1.06079,  0.00237013,     2.98973,    -0.42219,93179259041865
92884738691712,2,     1.03443,  0.00526474,     3.00749,   -0.339536,93180006976500
92884738691712,2,      1.0125,  0.00436513,     3.02219,   -0.280703,93180720492283
92884738691712,2,    0.990372, -0.00515402,      3.0617,   -0.205282,93181472712908
92884738691712,2,     0.95611, -0.00233378,     3.04781,   -0.124812,93182210348002
92884738691712,2,    0.925999,  0.00598652,     3.08461,   -0.033094,93182919992236
92884738691712,2,    0.914082,  0.00603596,     3.08076,  -0.0174291,93183574287878
92884738691712,2,    0.880807,  0.00501897,     2.93075,  0.00855244,93184286931972
92884738691712,2,    0.851428,  0.00538851,     2.73958,  0.00699106,93185021154758
92884738691712,2,    0.827121,  0.00242414,     2.60382,  0.00598199,93185734451137
92884738691712,2,    0.813406,  0.00225187,     2.52867,  0.00308456,93186508105039
92884738691712,2,    0.786021, -0.00440775,     2.38234, -0.00385277,93187237419379
92884738691712,2,     0.75308, -0.00324814,     2.21393, -0.00647313,93187971054215
92884738691712,2,    0.736566,-0.000563669,     2.13223, -0.00163441,93188786943289
92884738691712,2,    0.714725,   0.0095741,     2.04031,  0.00631455,93189476457645
92884738691712,2,    0.682883,  0.00559087,     1.87818,  0.00594053,93190149112003
92884738691712,2,    0.655995,  0.00353434,     1.75827,  0.00224329,93190858286193
92884738691712,2,    0.629703,  0.00550008,     1.67801,  0.00286764,93191632894701
92884738691712,2,    0.602602, -0.00142729,     1.53406, -0.00233253,93192283149517
92884738691712,2,    0.577293, -0.00366936,     1.46762, -0.00504901,93192953946324
92884738691712,2,    0.545659, -0.00521435,     1.31609,  -0.0045213,93193645071455
92884738691712,2,    0.524553, -0.00424186,      1.2466, -0.00390026,93194453101137
92884738691712,2,    0.500085, -0.00704594,     1.15411, -0.00524759,93195105448110
92884738691712,2,    0.475462, -0.00585826,     1.06783, -0.00279068,93195718847705
92884738691712,2,     0.43648,  -0.0057995,    0.938152, -0.00228083,93196391810661
92884738691712,2,     0.42288, -0.00206406,     0.89476,-0.000421033,93197125524161
92884738691712,2,    0.404837,  -0.0018725,    0.847735, -0.00120902,93197875144824
92884738691712,2,    0.379944,  0.00464736,    0.781168, 0.000580093,93198641706645
92884738691712,2,    0.353152,-0.000586373,    0.680298,-0.000231215,93199366846601
92884738691712,2,    0.336188,  0.00162336,     0.63133,    0.001093,93200100493741
92884738691712,2,    0.310311,  0.00673733,    0.569502,  0.00113033,93200769673890
92884738691712,2,    0.294873, -0.00160158,    0.516849, -0.00153344,93201461359689
92884738691712,2,    0.279568, -0.00562365,    0.478854,  -0.0021006,93202151043899
92884738691712,2,    0.251756, -0.00445856,    0.427413, -0.00213268,93203018341441
92884738691712,2,    0.234086, -0.00241087,    0.364644, -0.00152723,93203687564523
92884738691712,2,    0.213728, -0.00297071,    0.316935, -0.00233237,93204486178557
92884738691712,2,    0.198346,-0.000201513,    0.283486,-0.000520817,93205116039617
92884738691712,2,    0.184712,  0.00335701,    0.254039, 0.000455298,93205767273341
92884738691712,2,    0.164509, 0.000142712,    0.227023, -0.00134496,93206508696784
92884738691712,2,    0.140069,  0.00192422,     0.18111, -0.00256504,93207179084581
92884738691712,2,    0.130794, 0.000594164,    0.159684, -0.00252583,93207942583949
92884738691712,2,    0.115387, -0.00104685,    0.138265, -0.00340995,93208533674854
92884738691712,2,    0.100705,-0.000424779,    0.109394, -0.00249367,93209340602403
92884738691712,2,   0.0885926,-0.000131203,   0.0909706, -0.00318623,93210127567343
92884738691712,2,   0.0802878,  0.00165699,   0.0791836, -0.00200591,93210837710997
92884738691712,2,   0.0654284,  0.00184123,   0.0611098, -0.00122387,93211605008060
92884738691712,2,    0.056664, 0.000804767,   0.0529233,-0.000760878,93212309168431
92884738691712,2,   0.0475316,-0.000532014,   0.0382474, -0.00103466,93213072693231
92884738691712,2,   0.0375117, 0.000113214,   0.0281451, -0.00124062,93213790447719
92884738691712,2,   0.0277554,  0.00014656,   0.0195275,-0.000651849,93214510709196
92884738691712,2,    0.015464, 3.00931e-05,   0.0109745, 8.55956e-06,93215214320663
92884738691712,2,           0,           0,  0.00498351,-6.63955e-05,93215929511553
92884738691712,2,           0,   -0.171018,  0.00370839, 0.000407881,93216647197400
92884738691712,2,           0,    -0.37572,  0.00401788, -0.00109045,93217345282040
92884738691712,2,           0,   -0.555836,  0.00323155, -0.00219142,93218099112934
92884738691712,2,           0,   -0.683273, 0.000489311,  0.00130887,93218833575868
92884738691712,2,           0,   -0.760794, -0.00513396,  0.00248661,93219600536524
92884738691712,2,           0,    -0.73501, -0.00661504,  -0.0028879,93220313950410
92884738691712,2,           0,   -0.676263, -0.00723696,  -0.0075144,93221050567475
92884738691712,2,           0,   -0.631522, -0.00590838,  -0.0104226,93221767224470
92884738691712,2,           0,   -0.564958,  0.00318273,  -0.0082359,93222386744736
92884738691712,2,           0,   -0.501148,   0.0126485,  -0.0052375,93223061085931
92884738691712,2,           0,   -0.459117,    0.025707,  -0.0057105,93223741018893
92884738691712,2,           0,    -0.42954,   0.0321379,  0.00153624,93224541501289
92884738691712,2,           0,   -0.369372,   0.0379229,  0.00421983,93225223685653
92884738691712,2,           0,   -0.324621,   0.0466188,  0.00210165,93225902317505
92884738691712,2,           0,   -0.255835,   0.0502813,  0.00885479,93226527698610
92884738691712,2,           0,   -0.219001,    0.054769,   0.0172384,93227188117412
92884738691712,2,           0,    -0.18321,    0.058412,   0.0255109,93227940252261
92884738691712,2,           0,   -0.138546,   0.0592255,   0.0332153,93228618387516
92884738691712,2,           0,  -0.0973862,    0.059801,   0.0400527,93229237763510
92884738691712,2,           0,  -0.0655453,   0.0634527,   0.0441176,93229975272648
92884738691712,2,           0,  -0.0539982,   0.0663193,   0.0473464,93230747147157
92884738691712,2,           0,  -0.0265735,   0.0702439,   0.0497627,93231427700106
93232122464386,2,           0,           0,   0.0742328,    0.053365,93232122464410
93232122464386,2,           0,           0,   0.0746278,   0.0539916,93232750150289
93232122464386,2,           0,           0,   0.0746278,   0.0539916,93233475367136
93232122464386,2,           0,           0,   0.0746278,   0.0539916,93234167685870
93232122464386,2,           0,   -0.299677,    -3.01585,     -0.1227,93234956865611
93232122464386,2,           0,   -0.532034,    -3.01434,  -0.0915634,93235649438293
93232122464386,2,           0,   -0.708479,    -2.99276,   -0.377363,93236253659067
93232122464386,2,           0,    -0.88173,    -2.96817,   -0.553189,93236968171285
93232122464386,2,           0,    -1.02172,    -2.89458,   -0.858491,93237747967275
93232122464386,2,           0,    -1.10184,    -2.48628,     -1.7241,93238488783473
93232122464386,2,           0,    -1.08317,    -2.10804,    -2.16647,93239361004444
93232122464386,2,           0,    -1.07049,    -1.96518,     -2.3018,93240158061613
93232122464386,2,           0,    -1.03537,    -1.54513,    -2.58369,93240829173998
93232122464386,2,           0,    -1.01063,    -1.28338,    -2.71227,93241521998620
93232122464386,2,           0,   -0.949612,   -0.540256,    -2.94728,93242215449845
93232122464386,2,           0,   -0.916789,   -0.168007,    -3.03156,93242949298435
93232122464386,2,           0,   -0.854687,    0.367578,    -3.01365,93243733847582
93232122464386,2,           0,   -0.804005,    0.903423,    -2.89028,93244544916047
93232122464386,2,           0,   -0.731485,     1.39663,    -2.66184,93245335313366
93232122464386,2,           0,   -0.674357,     1.73037,    -2.45543,93246081634223
93232122464386,2,           0,   -0.608068,     2.05394,    -2.18973,93246775882071
93232122464386,2,           0,   -0.545162,     2.33721,    -1.94435,93247719980730
93232122464386,2,           0,   -0.518134,     2.43296,    -1.81897,93248830707186
93232122464386,2,           0,   -0.497354,      2.5051,    -1.72223,93249498715274
93232122464386,2,           0,   -0.412564,      2.7332,    -1.32284,93250190845456
93232122464386,2,           0,   -0.345059,     2.81758,     -1.1258,93251014636808
93232122464386,2,           0,   -0.296655,     2.92246,   -0.798039,93251820296746
93232122464386,2,           0,   -0.264145,     2.93915,   -0.724797,93252681793395
93232122464386,2,           0,   -0.231721,     2.97609,   -0.533643,93253405628785
93232122464386,2,           0,   -0.186618,     2.98991,   -0.375617,93254194626681
93232122464386,2,           0,    -0.14942,     3.00332,   -0.263479,93254942170087
93232122464386,2,           0,   -0.135502,     3.00175,   -0.220991,93255650225142
93232122464386,2,           0,   -0.089496,     3.00092,   -0.109166,93256264066587
93232122464386,2,           0,  -0.0571614,     3.01822,  -0.0446369,93257050906979
93232122464386,2,           0,  -0.0547443,     3.01204,  -0.0360795,93257858096124
93232122464386,2,           0,  -0.0193084,     3.00829,   0.0199889,93258681553529
93232122464386,2,           0,           0,     3.00784,   0.0452289,93259371656888
93232122464386,2,    0.182264,   0.0646773,     3.00474,   0.0511742,93260197793371
93232122464386,2,    0.356544,    0.122582,     3.00938,    0.029679,93260990335580
93232122464386,2,    0.486739,    0.136672,     3.00876, -0.00881402,93261622281748
93232122464386,2,    0.652375,   0.0755991,     2.99619,  -0.0432251,93262486055585
93232122464386,2,    0.802524,   0.0585145,     2.99356,  -0.0646894,93263352723287
93232122464386,2,    0.945727,   0.0243339,     3.00876,   -0.104362,93264274475109
93232122464386,2,           0,  -0.0282922,     3.00531,   -0.111379,93266210861149
93232122464386,2,           0,  -0.0934995,     3.02433,   -0.130421,93266981688445
93232122464386,2,           0,    -0.11681,     3.01908,   -0.129548,93267632827562
93232122464386,2,           0,   -0.103501,     3.01922,   -0.102791,93268344648711
93232122464386,2,           0,   0.0256231,     3.01745,  -0.0620748,93269134133235
93232122464386,2,           0,    0.144102,     3.01447,  -0.0219565,93269866118864
93232122464386,2,           0,    0.224844,     3.00494,  -0.0586539,93270647224022
93232122464386,2,           0,    0.235578,     3.01399,   -0.165375,93271345356091
93232122464386,2,           0,    0.197652,     3.00632,   -0.287902,93272196166625
93232122464386,2,           0,    0.190404,     2.98682,   -0.298964,93273071522072
93232122464386,2,           0,    0.114557,     2.97345,   -0.483588,93273806758043
93232122464386,2,           0,   0.0575065,     2.95874,   -0.581319,93274485977712
93232122464386,2,           0,   0.0290954,      2.9509,    -0.61462,93275289140028
93232122464386,2,   0.0214052,  0.00377419,     2.93776,   -0.649127,93276092027099
93232122464386,2,    0.150517,    0.052636,     2.91535,   -0.687867,93276829624486
93232122464386,2,    0.263422,    0.074231,     2.92906,   -0.719893,93277538845425
93232122464386,2,    0.377209,    0.104902,     2.94042,   -0.755143,93278353755224
93232122464386,2,    0.484455,   0.0944391,     2.87819,   -0.839621,93279171279596
93232122464386,2,     0.49748,   0.0529337,     2.86591,   -0.873363,93279921077940
93232122464386,2,    0.473383,   0.0407857,     2.83958,   -0.937894,93280623482415
93232122464386,2,    0.506926, 0.000600857,     2.85746,   -0.998327,93281337670525
93232122464386,2,     0.55126,  -0.0282033,     2.82409,    -1.03819,93282142471642
93232122464386,2,    0.589949,  -0.0796224,     2.82285,    -1.05679,93282893465600
93232122464386,2,    0.614397,   -0.141907,     2.82598,    -1.05325,93283546683244
93232122464386,2,    0.646142,   -0.189626,      2.8172,    -1.01763,93284395296629
93232122464386,2,    0.673805,   -0.215341,     2.85121,   -0.992995,93285127331485
93232122464386,2,    0.674446,   -0.194041,     2.86698,   -0.911826,93285775789523
93232122464386,2,    0.608847,   -0.160652,     2.88173,   -0.823308,93286489681750
93232122464386,2,    0.630616,   -0.147544,     2.91755,   -0.763648,93287218637873
93232122464386,2,    0.683861,   -0.139224,     2.93107,   -0.695322,93287987430261
93232122464386,2,    0.745343,   -0.181323,      2.9442,   -0.649372,93288739061106
93232122464386,2,    0.812803,   -0.161628,     2.97332,   -0.560059,93289530921133
93232122464386,2,    0.875742,    -0.12985,     2.97514,   -0.494463,93290380523757
93232122464386,2,    0.918944,   -0.111399,     2.98009,   -0.430631,93291131178365
93232122464386,2,     0.95648,  -0.0844274,     2.99147,   -0.364341,93291799644705
93232122464386,2,     1.02278,  -0.0702052,     3.01104,   -0.309059,93292506813259
93232122464386,2,     1.08692,  -0.0742592,     3.00802,   -0.285646,93293253854899
93232122464386,2,     1.14462,  -0.0516944,     3.01025,   -0.242801,93294137129852
93232122464386,2,     1.17245,  -0.0342654,     3.01534,   -0.204003,93294789165493
93232122464386,2,     1.17815,  -0.0258426,     3.01291,   -0.178816,93295536707789
93232122464386,2,     1.15737,  -0.0231169,      3.0171,   -0.159196,93296383810491
93232122464386,2,     1.14265,  -0.0197369,     3.01798,   -0.146765,93297132496057
93232122464386,2,     1.12328,  -0.0194134,     3.01578,   -0.135934,93297823144700
93232122464386,2,     1.09361, -0.00728196,     3.01808,   -0.110144,93298632635088
93232122464386,2,     1.07425, -0.00391668,     3.01633,  -0.0961147,93299382414842
93232122464386,2,     1.04671, -0.00101305,     3.03114,  -0.0867233,93300281868347
93232122464386,2,     1.04621,  0.00628543,     2.99523,  -0.0752993,93301028639650
93232122464386,2,     1.12367,  0.00653784,     3.01706,  -0.0794892,93301911507897
93232122464386,2,     1.18916,   0.0153749,     3.02434,  -0.0705444,93302738857342
93232122464386,2,     1.23513,   0.0191655,     3.02037,  -0.0754731,93303503387623
93232122464386,2,     1.26178,   0.0236103,     3.02146,  -0.0755267,93304213470770
93232122464386,2,     1.26246,   0.0152071,     3.01944,  -0.0836253,93305000850996
93232122464386,2,     1.24249,   0.0184352,     3.02826,  -0.0761354,93305806501094
93232122464386,2,     1.22227,   0.0047929,     3.00912,  -0.0860313,93306537236707
93232122464386,2,      1.2067, -0.00359581,     3.01981,  -0.0941278,93307303639558
93232122464386,2,     1.18437, 0.000506503,     3.01246,  -0.0850407,93308111159907
93232122464386,2,     1.16954, -0.00180472,     2.97562,  -0.0921423,93308862459864
93232122464386,2,     1.15536,  0.00475939,     2.79189,  -0.0894286,93309589750857
93232122464386,2,     1.13249,   0.0109228,     2.57929,  -0.0852068,93310318446954
93232122464386,2,     1.11276,  0.00467164,     2.40064,  -0.0916859,93311008793232
93232122464386,2,     1.09095,  0.00385091,      2.2035,  -0.0928676,93311774950984
93232122464386,2,     1.07179,  0.00245874,     2.10362,   -0.094407,93312545694901
93232122464386,2,     1.04696,-0.000548527,     1.84673,  -0.0961293,93313238129537
93232122464386,2,     1.02006, -0.00129957,     1.62704,  -0.0964339,93313987666692
93232122464386,2,    0.998384, -0.00137985,     1.47953,  -0.0950336,93314657605810
93232122464386,2,    0.977805,-0.000666326,     1.30649,  -0.0950652,93315443589334
93232122464386,2,    0.977908,  0.00338228,     1.15552,  -0.0928124,93316146339536
93232122464386,2,    0.873443,  0.00703472,    0.963499,  -0.0907242,93317020157866
93232122464386,2,    0.847832,  0.00919543,    0.772124,  -0.0904408,93317696069004
93232122464386,2,    0.789727,  0.00404354,    0.697885,  -0.0917003,93318358017050
93232122464386,2,    0.767348, 0.000791428,    0.557761,   -0.091937,93319113684332
93232122464386,2,    0.742436,  0.00680077,    0.431189,  -0.0870533,93319872892401
93232122464386,2,    0.726999,   0.0107073,    0.344896,  -0.0811451,93320667238076
93232122464386,2,    0.672163,   0.0174988,    0.156044,  -0.0787748,93321481443841
93232122464386,2,    0.672163,  0.00548169,   0.0652627,  -0.0805269,93322221255402
93232122464386,2,    0.633746, 0.000724958,     3.02745,  -0.0384575,93323000770136
93232122464386,2,    0.605676,   0.0067087,     3.02681,  -0.0278225,93323653617513
93232122464386,2,    0.584297,  0.00112945,     2.99056,  -0.0388672,93324378608994
93232122464386,2,    0.461297, 0.000325158,     3.02716,  -0.0382673,93325208489717
93232122464386,2,    0.440639,  0.00593955,     3.00062,  -0.0358326,93326087685130
93232122464386,2,    0.469399,   0.0192396,     3.00524,  -0.0310418,93326856796478
93232122464386,2,    0.503791,  -0.0179406,     3.00846,  -0.0352001,93327587695777
93232122464386,2,    0.535372,  -0.0421037,     3.02487,   -0.018431,93328360981195
93232122464386,2,    0.508376,  -0.0704562,     3.01869,   0.0209691,93329207875850
93232122464386,2,    0.468376,-0.000181498,     3.00302,   0.0394671,93329998978233
93232122464386,2,    0.420476,  -0.0431384,     3.00197,   0.0833802,93330671275597
93232122464386,2,    0.410731,   -0.108209,     2.99669,    0.119452,93331363463651
93232122464386,2,    0.376829,      -0.148,     3.02029,    0.157065,93332191877523
93232122464386,2,    0.351283,    -0.17071,     2.98875,    0.185253,93333016079265
93232122464386,2,    0.351283,   -0.179302,     3.01511,    0.302788,93333745332831
93232122464386,2,    0.351283,   -0.174007,     2.97408,    0.431055,93334536173999
93232122464386,2,    0.265141,   -0.157952,     2.97705,    0.493897,93335418112445
93232122464386,2,    0.265141,   -0.129342,      2.9551,     0.63825,93336133124835
93232122464386,2,    0.265141,   -0.101442,     2.92693,     0.73218,93336979626359
93232122464386,2,         0.2,  -0.0864779,     2.92176,    0.776697,93337727773556
93232122464386,2,         0.2,  -0.0652753,     2.88991,    0.831621,93338396570516
93232122464386,2,         0.2,  -0.0499763,     2.87602,    0.890227,93339208871076
93232122464386,2,         0.2,  -0.0367127,     2.85238,    0.926073,93339954777134
93232122464386,2,         0.2,  -0.0279268,     2.87543,    0.963077,93340699009148
93232122464386,2,         0.2,  -0.0245949,     2.84767,    0.977896,93341456155155
93232122464386,2,         0.2,  -0.0271433,     2.84516,     1.00372,93342209477974
93232122464386,2,         0.2,    -0.02626,     2.84955,     1.03044,93343001984832
93232122464386,2,         0.2,  -0.0274248,     2.83214,     1.03905,93343737163759
93232122464386,2,    0.291493,  -0.0200317,     2.80546,     1.06906,93344480505463
93232122464386,2,    0.380019,  -0.0341212,     2.81543,     1.08762,93345207971171
93232122464386,2,    0.458756,  -0.0513418,     2.80555,     1.10357,93345953709388
93232122464386,2,    0.531564,  -0.0838512,     2.80089,     1.16049,93346786165695
93232122464386,2,     0.58512,   -0.097034,     2.74453,     1.22553,93347554865437
93232122464386,2,    0.621614,   -0.105466,     2.74396,     1.25403,93348266522032
93232122464386,2,    0.631914,   -0.107113,     2.72526,     1.30901,93349055960523
93232122464386,2,    0.514914,  -0.0832195,      2.6736,     1.41922,93349822271891
93232122464386,2,    0.397914,  -0.0851294,     2.64898,     1.49248,93350584011177
93232122464386,2,     0.38813,  -0.0569557,      2.5961,     1.58774,93351454816474
93232122464386,2,    0.402232, -0.00607798,     2.56676,     1.61799,93352060825175
93232122464386,2,    0.377819,   0.0488252,     2.55472,     1.67388,93352789133778
93232122464386,2,    0.406582,    0.153792,     2.54321,      1.6595,93353598180681
93232122464386,2,    0.427051,    0.227678,     2.56548,     1.64209,93354249359148
93232122464386,2,    0.448879,    0.299338,     2.62578,     1.58851,93354977680040
93232122464386,2,    0.461515,    0.307841,     2.64442,     1.54027,93355666547587
93232122464386,2,    0.459268,    0.323131,     2.71485,     1.37465,93356419279627
93232122464386,2,    0.456391,    0.345077,     2.79797,     1.22855,93357203791667
93232122464386,2,    0.454462,    0.367321,     2.84884,     1.11812,93357852239172
93232122464386,2,    0.454076,    0.387862,     2.91368,    0.953143,93358617799906
93232122464386,2,    0.452816,    0.385148,     2.96411,    0.801556,93359344591275
93232122464386,2,    0.452216,    0.331072,      3.0386,    0.527117,93360095889841
93232122464386,2,    0.452171,    0.297034,     3.04304,    0.424317,93360824374739
93232122464386,2,     0.45359,    0.265263,      3.0699,    0.163907,93361535866780
93232122464386,2,    0.458723,    0.114269,     3.05808,  -0.0362408,93362318561319
93232122464386,2,    0.459628,   0.0557186,     3.05794,   -0.101103,93363107764872
93232122464386,2,    0.460711,   0.0414621,      3.0412,   -0.271094,93363817685171
93232122464386,2,   0.0497692,  0.00282103,     3.02777,   -0.330005,93364583789828
93232122464386,2,    0.155131,   0.0172521,     3.05461,   -0.355507,93365412779103
93232122464386,2,    0.237108,  0.00863088,     3.04038,   -0.374355,93366121866352
93232122464386,2,    0.301467, -0.00713784,     3.04981,   -0.376897,93366753290909
93232122464386,2,    0.356158,  -0.0181128,     3.02923,   -0.389368,93367368142840
93232122464386,2,    0.427576,  -0.0440883,     3.04657,   -0.390299,93368153578908
93232122464386,2,    0.487834,   -0.068235,      3.0481,   -0.379632,93368924739825
93232122464386,2,    0.533744,  -0.0529632,     3.02136,   -0.394347,93369655138624
93232122464386,2,    0.593407,   -0.044699,     3.00904,   -0.403324,93370581056084
93232122464386,2,    0.654611,  -0.0276703,      3.0349,   -0.417239,93371429327143
93232122464386,2,    0.750376,  -0.0160012,     3.01597,   -0.430299,93372257242059
93232122464386,2,    0.836177,  0.00230409,     3.02054,   -0.466903,93372987226377
93232122464386,2,     0.91155,   0.0151297,      3.0139,   -0.479745,93373740779602
93232122464386,2,    0.972338,   0.0229622,     2.99832,    -0.50447,93374487732400
93232122464386,2,     1.01924,   0.0181715,     2.98144,   -0.571203,93375258436477
93232122464386,2,     1.04608,   0.0110856,     2.95976,   -0.609557,93376030068030
93232122464386,2,     1.03073,  0.00879752,     2.94683,   -0.681613,93376760950009
93232122464386,2,     1.01189,  0.00886808,     2.92895,   -0.746796,93377509617166
93232122464386,2,    0.981918,  0.00944807,     2.92424,   -0.797405,93378259057844
93232122464386,2,    0.963789,  0.00255788,     2.90101,   -0.835292,93378970661057
93232122464386,2,    0.939996, -0.00210004,     2.89229,   -0.898883,93379637117260
93232122464386,2,    0.908992, -0.00347931,     2.86535,   -0.964275,93380388549182
93232122464386,2,    0.882454, -0.00943081,     2.86581,    -1.01607,93381062596127
93232122464386,2,    0.856697, -0.00178636,     2.78021,    -1.03546,93381792269298
93232122464386,2,    0.821578,   0.0107549,     2.56456,    -1.03635,93382518716874
93232122464386,2,    0.801505,   0.0209755,     2.46376,    -1.03478,93383185510906
93232122464386,2,    0.758066,   0.0269929,     2.22334,     -1.0438,93383933942701
93232122464386,2,    0.730158,   0.0329967,      2.0619,    -1.04792,93384659595735
93232122464386,2,    0.698845,   0.0397627,     1.93845,     -1.0438,93385349567732
93232122464386,2,    0.668308,   0.0471777,     1.77492,    -1.04232,93386184629239
93232122464386,2,    0.648267,   0.0428571,     1.65438,    -1.04472,93386845560011
93232122464386,2,    0.620043,   0.0348355,     1.53679,    -1.04518,93387605993995
93232122464386,2,    0.598379,   0.0305672,     1.45836,    -1.04315,93388247352699
93232122464386,2,    0.557168,   0.0118588,     1.27331,    -1.04859,93388949311436
93232122464386,2,    0.537824,  0.00787041,     1.20041,    -1.04631,93389711946153
93232122464386,2,    0.512434, -0.00611548,     1.10938,    -1.04505,93390486637746
93232122464386,2,    0.486998, -0.00257947,      1.0209,    -1.04309,93391207952221
93232122464386,2,    0.472549, -0.00520984,    0.972523,    -1.03933,93391945049298
93232122464386,2,    0.448172,   -0.016443,     0.89226,    -1.03887,93392722195440
93232122464386,2,    0.413765,  -0.0241252,    0.797205,     -1.0342,93393441172503
93232122464386,2,    0.395978,  -0.0272287,    0.736629,    -1.03079,93394197678968
93232122464386,2,    0.372394,  -0.0282245,    0.669447,    -1.02859,93394881284745
93232122464386,2,    0.347291,  -0.0283887,    0.608619,    -1.02538,93395603850823
93232122464386,2,    0.329313,  -0.0258207,    0.556713,    -1.02293,93396368267742
93232122464386,2,    0.301896,  -0.0208031,    0.485039,    -1.01856,93397109839251
93232122464386,2,    0.294708,  -0.0202343,    0.469583,    -1.01921,93397836283646
93232122464386,2,    0.272874,  -0.0232354,     0.42215,     -1.0208,93398597410639
93232122464386,2,    0.251699,  -0.0212961,    0.366174,    -1.02121,93399318626556
93232122464386,2,    0.228252,  -0.0152305,    0.316494,    -1.01807,93400039671044
93232122464386,2,    0.211755,  -0.0139109,    0.285935,    -1.01831,93400779306925
93232122464386,2,    0.197205,  -0.0120269,    0.251209,    -1.01632,93401559218740
93232122464386,2,    0.179949,  -0.0107887,     0.21778,     -1.0155,93402258302024
93232122464386,2,    0.169072,  -0.0102168,    0.197003,    -1.01683,93402957530028
93232122464386,2,    0.145565, -0.00970638,    0.155416,    -1.01634,93403775278542
93232122464386,2,    0.133882, -0.00868998,    0.136532,    -1.01649,93404458631951
93232122464386,2,    0.116778, -0.00736088,    0.109095,    -1.01689,93405120051359
93232122464386,2,    0.109296,  -0.0063172,    0.098143,    -1.01776,93405802306993
93232122464386,2,   0.0934128, -0.00697319,   0.0757165,    -1.01823,93406581711650
93232122464386,2,   0.0826885, -0.00568241,   0.0618986,    -1.01656,93407321538837
93232122464386,2,   0.0727255, -0.00635712,   0.0493842,    -1.01635,93408101508467
93232122464386,2,   0.0592786, -0.00443819,   0.0360822,    -1.01485,93408823604797
93232122464386,2,   0.0469108, -0.00345502,   0.0303606,    -1.01318,93409490862508
93232122464386,2,    0.114801,   0.0252825,      3.2986,   0.0194228,93410181783611
93232122464386,2,    0.261875,   0.0929278,     3.28138, 0.000654546,93410869217371
93232122464386,2,    0.421546,    0.149588,     3.29288,  -0.0366743,93411671743894
93232122464386,2,    0.547105,    0.194143,     3.28543,  -0.0475157,93412358887048
93232122464386,2,    0.656152,    0.232839,     3.28207,   -0.190631,93413003843401
93232122464386,2,    0.770315,    0.226593,     3.24787,    -0.30237,93413745420837
93232122464386,2,    0.882201,    0.183059,     3.23163,   -0.407284,93414559529919
93232122464386,2,    0.967696,    0.152425,     3.20491,   -0.496306,93415279307443
93232122464386,2,     1.04783,   0.0932577,     3.17566,   -0.620627,93416082572567
93232122464386,2,     1.11358,   0.0727954,     3.17431,   -0.671853,93416906075361
93232122464386,2,     1.15389,   0.0388809,      3.1312,   -0.746549,93417570245184
93232122464386,2,     1.18027,  0.00678679,     3.11125,   -0.812583,93418258031602
93232122464386,2,     1.17916,  -0.0176304,     3.07519,   -0.851991,93418977387352
93232122464386,2,     1.16097,  -0.0203013,     3.04383,   -0.866368,93419814481298
93232122464386,2,     1.12724,  -0.0280174,     3.01665,   -0.873486,93420888115501
93232122464386,2,     1.12079,   -0.102072,      3.0154,   -0.915366,93421744988884
93232122464386,2,     1.09872,  -0.0802201,      3.0076,   -0.865395,93422409787978
93232122464386,2,     1.08536,  -0.0128086,     3.00045,   -0.776652,93423133293060
93232122464386,2,      1.0546,   0.0144516,     2.97265,    -0.72913,93423925080160
93232122464386,2,      1.0289,    0.033507,     2.96792,    -0.66318,93424615152456
93232122464386,2,     1.01761,   0.0442626,     2.97486,   -0.624529,93425321181840
93232122464386,2,    0.979198,   0.0327963,     2.96736,   -0.545153,93426030117726
93232122464386,2,    0.960038,   0.0262918,     2.91615,   -0.492406,93426737913887
93232122464386,2,    0.936266,   0.0217489,     2.91153,   -0.403792,93427464806247
93232122464386,2,    0.910903,  0.00733355,     2.88514,   -0.330877,93428175337677
93232122464386,2,    0.893768, 0.000764894,     2.86681,   -0.256099,93428860263363
93232122464386,2,    0.849548,  -0.0119631,     2.82228,  -0.0787119,93429554045380
93232122464386,2,    0.825782, -0.00885857,     2.82097,  -0.0145746,93430280309274
93232122464386,2,    0.811203, -0.00192781,     2.78364,   0.0579095,93430975538096
93232122464386,2,     0.78439, -0.00524467,     2.75617,    0.219027,93431744248382
93232122464386,2,    0.762017, -0.00426997,     2.71885,    0.296623,93432434919353
93232122464386,2,    0.732844, -0.00731643,     2.69596,    0.376051,93433062882053
93232122464386,2,    0.699516, -0.00989004,     2.63674,    0.484318,93433825787447
93232122464386,2,    0.680882, -0.00667661,     2.61796,    0.603432,93434604161108
93232122464386,2,    0.658879, -0.00650445,     2.60088,    0.695722,93435310010603
93232122464386,2,    0.625184, -0.00428036,     2.45715,     0.70246,93436067490561
93232122464386,2,     0.60117, -0.00667648,     2.35994,    0.700284,93436789579620
93232122464386,2,    0.572011,   -0.003205,     2.24585,    0.707031,93437587392064
93232122464386,2,     0.54765, -0.00210076,     2.14913,    0.706889,93438309176761
93232122464386,2,    0.515972, -0.00597535,     2.07588,    0.702697,93439031943561
93232122464386,2,    0.499639, -0.00539298,     1.97257,    0.706557,93439753672265
93232122464386,2,    0.475317, -0.00721085,     1.87794,    0.708815,93440473165537
93232122464386,2,    0.456706, -0.00544371,     1.81448,    0.708791,93441137426187
93232122464386,2,    0.429075, -0.00278502,     1.74025,     0.71152,93441800167454
93232122464386,2,     0.41163, -0.00447809,     1.66059,    0.710135,93442406439923
93232122464386,2,    0.383335,  0.00579753,     1.57982,    0.711346,93443147293097
93232122464386,2,    0.364557,   0.0738757,     1.52344,    0.702947,93443926130541
93232122464386,2,    0.371744,    0.162514,     1.49139,    0.700009,93444721707295
93232122464386,2,    0.356075,    0.218112,     1.44144,    0.661139,93445445644808
93232122464386,2,    0.362228,    0.244479,     1.41653,    0.636079,93446127840609
93232122464386,2,     0.36817,    0.239809,      1.3662,     0.56542,93446828505471
93232122464386,2,     0.34951,    0.212355,     1.30554,    0.486429,93447510978279
93232122464386,2,    0.354843,    0.226859,      1.2857,    0.457271,93448188875457
93232122464386,2,    0.357586,     0.21887,     1.24156,    0.401654,93448871316790
93232122464386,2,    0.361157,    0.209947,     1.21764,    0.378028,93449653020286
93232122464386,2,    0.354058,    0.183061,     1.14894,    0.317119,93450368334621
93232122464386,2,    0.382569,    0.187474,     1.08572,    0.273044,93451035029177
93232122464386,2,    0.407572,    0.191512,     1.04519,    0.242826,93451697530708
93232122464386,2,    0.439615,    0.206658,     1.01919,    0.222256,93452435736287
93232122464386,2,    0.436337,    0.192875,    0.925512,    0.175687,93453172683473
93232122464386,2,     0.41669,    0.163747,    0.866542,    0.153619,93453938207778
93232122464386,2,    0.391872,    0.145854,     0.79343,    0.123702,93454659086976
93232122464386,2,    0.365604,    0.131312,    0.719019,    0.101261,93455399154500
93232122464386,2,    0.350496,    0.109212,    0.675534,   0.0895204,93456044617062
93232122464386,2,    0.331038,   0.0587177,    0.626117,   0.0762769,93456784008816
93232122464386,2,    0.300556,   0.0215161,    0.541949,   0.0670266,93457564847257
93232122464386,2,    0.281785,   0.0271676,    0.492942,   0.0645883,93458286126270
93232122464386,2,    0.268184,   0.0217073,    0.457778,   0.0648865,93458956333997
93232122464386,2,    0.245448,  0.00512494,    0.394502,   0.0632345,93459636501501
93232122464386,2,    0.219543, -0.00719393,    0.346601,    0.062802,93460441552878
93232122464386,2,    0.205594,  -0.0133202,    0.308854,    0.063219,93461268030641
93232122464386,2,     0.19587,  -0.0178699,    0.277572,   0.0634777,93461880401330
93232122464386,2,     0.17509,  -0.0205548,    0.253886,   0.0657393,93462663320522
93232122464386,2,    0.157628,  -0.0196627,    0.208851,   0.0663541,93463347350168
93232122464386,2,    0.138858,  -0.0195716,    0.172855,   0.0655872,93464095033645
93232122464386,2,    0.122917, -0.00109004,    0.146178,   0.0663787,93464861195170
93232122464386,2,    0.113115,   0.0257423,    0.132583,   0.0671899,93465624661717
93232122464386,2,    0.107711,   0.0382219,    0.121752,   0.0667495,93466308099888
93232122464386,2,   0.0991058,    0.114126,    0.108109,   0.0656447,93466998608581
93232122464386,2,   0.0896221,    0.167098,   0.0927304,   0.0651379,93467835917200
93232122464386,2,   0.0805884,     0.22947,   0.0877724,   0.0652305,93468521976304
93232122464386,2,   0.0758568,    0.242313,   0.0768712,   0.0629754,93469224692006
93232122464386,2,    0.065474,    0.251648,    0.066609,   0.0633811,93469931281879
93232122464386,2,   0.0584555,    0.200787,   0.0608256,   0.0598997,93470710375438
93232122464386,2,   0.0509984,    0.176151,   0.0484105,   0.0581422,93471421557601
93232122464386,2,   0.0498909,   0.0996648,   0.0412946,   0.0549205,93472122970961
93232122464386,2,   0.0352141,    0.286913,   0.0266949,   0.0517345,93472808119597
93232122464386,2,   0.0273501,    0.242329,   0.0217941,   0.0523462,93473575474586
93232122464386,2,   0.0144734,    0.143216,   0.0145251,   0.0533979,93474337780795
93232122464386,2,           0,  -0.0172259,  0.00997592,   0.0510981,93475091912557
93232122464386,2,           0,   -0.107432,  0.00632938,   0.0510384,93475810283005
93232122464386,2,           0,    -0.16757,  0.00215208,   0.0511637,93476571091261
93232122464386,2,           0,   -0.164552,-0.000141915,   0.0503715,93477271022827
93232122464386,2,           0,   -0.127773, -0.00495833,   0.0500519,93477918183199
93232122464386,2,           0,   -0.102326, -0.00546542,   0.0538642,93478638381063
93232122464386,2,           0,  -0.0736045, -0.00667531,   0.0541855,93479339430183
93232122464386,2,           0,  -0.0520276, -0.00605783,   0.0563182,93480020563701
93232122464386,2,           0,  -0.0173116, -0.00639489,   0.0558543,93480740539071
