95928116465672,2,           0,           0,    -1.03517,     2.92047,95928568535276
95928116465672,2,           0,           0,    -1.03517,     2.92047,95929273730457
95928116465672,2,           0,           0,    -1.03517,     2.92047,95929961410661
95928116465672,2,           0,    0.139545,    -1.01507,     2.93021,95930688318511
95928116465672,2,           0,    0.344765,   -0.953822,     2.91235,95931335693211
95928116465672,2,           0,    0.518531,   -0.831967,     2.94826,95931982997197
95928116465672,2,           0,    0.663392,   -0.779438,     2.96392,95932644783195
95928116465672,2,           0,    0.768044,   -0.362445,     3.04423,95933308873043
95928116465672,2,           0,    0.831947,  -0.0379752,     3.06787,95934070590109
95928116465672,2,           0,    0.788549,    0.415214,     3.04619,95934870033620
95928116465672,2,           0,    0.744304,    0.755078,     2.98727,95935613013456
95928116465672,2,           0,    0.690886,     1.11436,     2.87527,95936356209844
95928116465672,2,           0,    0.622693,     1.50655,     2.69615,95937041908493
95928116465672,2,           0,    0.561991,     1.78108,     2.52252,95937761412928
95928116465672,2,           0,    0.528524,     1.92752,     2.40536,95938407872709
95928116465672,2,           0,    0.454368,     2.21911,     2.13352,95939055692642
95928116465672,2,           0,    0.440311,     2.25464,     2.09803,95939821345131
95928116465672,2,           0,    0.378522,     2.52577,     1.82266,95940700108190
95928116465672,2,           0,    0.318627,     2.66558,     1.58778,95941565660193
95928116465672,2,           0,     0.29122,     2.72816,     1.48581,95942275308793
95928116465672,2,           0,    0.229382,     2.83197,     1.26436,95942961070366
95928116465672,2,           0,    0.181693,      2.8895,     1.12146,95943623293813
95928116465672,2,           0,    0.130797,     2.95028,     1.00003,95944265395408
95928116465672,2,           0,   0.0926109,     2.96497,    0.931345,95944935664937
95928116465672,2,           0,   0.0625044,     2.97642,    0.869997,95945637666314
95928116465672,2,           0,   0.0334027,     3.00437,    0.833257,95946334601298
95928116465672,2,           0,   0.0114272,      3.0066,    0.806858,95946998892326
95928116465672,2,   0.0981773,   0.0348388,     3.00317,    0.785378,95947660153842
95928116465672,2,    0.250447,   0.0888725,     3.01643,    0.780462,95948363311522
95928116465672,2,    0.388432,    0.137837,     3.02462,    0.728209,95949055428347
95928116465672,2,    0.505736,    0.179463,     3.01612,    0.700477,95949687111956
95928116465672,2,    0.618062,    0.219323,     3.03256,    0.692372,95950329390336
95928116465672,2,    0.724169,    0.256975,     3.05383,    0.542082,95951003966349
95928116465672,2,    0.825678,    0.292997,      3.0771,    0.400937,95951712714858
95928116465672,2,    0.906546,    0.321693,     3.07411,    0.292122,95952349985290
95928116465672,2,    0.980106,    0.347796,     3.09486,   0.0718847,95952997039818
95928116465672,2,     1.04676,    0.371449,     3.09703,  -0.0619671,95953684020904
95928116465672,2,      1.1029,    0.321574,     3.05601,   -0.294911,95954392305240
95928116465672,2,     1.14532,   0.0618406,     3.00645,   -0.588008,95955104729533
95928116465672,2,     1.17095,   -0.119226,     2.94278,   -0.720473,95955770663890
95928116465672,2,     1.17059,   -0.201613,       2.944,   -0.787373,95956482173512
95928116465672,2,     1.15165,   -0.246927,      2.9269,   -0.771416,95957169853073
95928116465672,2,     1.12915,   -0.249091,      2.9326,   -0.691929,95957862441291
95928116465672,2,     1.10952,   -0.258785,     2.94023,   -0.653236,95958554742937
95928116465672,2,     1.08832,   -0.217276,      2.9832,   -0.549033,95959320166858
95928116465672,2,     1.06882,   -0.159849,     2.98769,   -0.434399,95959973229398
95928116465672,2,     1.05485,   -0.151961,     3.00392,   -0.393786,95960625240197
95928116465672,2,     1.02133,   -0.121638,     3.02084,    -0.29742,95961333434886
95928116465672,2,     1.00284,  -0.0797549,     3.00278,   -0.231919,95962065757592
95928116465672,2,    0.980256,  -0.0806253,     3.01863,   -0.205994,95962758140509
95928116465672,2,     0.95135,  -0.0627225,       3.017,    -0.16396,95963504356711
95928116465672,2,    0.925218,  -0.0486489,     3.01366,   -0.131006,95964171908571
95928116465672,2,    0.915275,  -0.0483144,     3.03121,   -0.120083,95964884997886
95928116465672,2,    0.881549,  -0.0407167,     2.96201,  -0.0972059,95965609956293
95928116465672,2,     0.84186,  -0.0249549,     2.68563,  -0.0563077,95966261945462
95928116465672,2,    0.822392,  -0.0227034,     2.57691,  -0.0486008,95966988955974
95928116465672,2,    0.795883,  -0.0156112,     2.43522,  -0.0344881,95967683346609
95928116465672,2,    0.774874,   -0.011814,     2.32509,  -0.0246815,95968273084097
95928116465672,2,    0.744561, -0.00727522,     2.16602,  -0.0191229,95968963975909
95928116465672,2,    0.718003, -0.00860417,     2.04396,   -0.015439,95969639107727
95928116465672,2,    0.694643,  -0.0129755,     1.93168,  -0.0166373,95970327979455
95928116465672,2,    0.668614, -0.00803199,     1.81425,  -0.0110641,95971043657279
95928116465672,2,    0.643762,  -0.0113948,     1.70513,  -0.0109343,95971675689704
95928116465672,2,    0.604094,   -0.010458,     1.54063, -0.00875427,95972467252954
95928116465672,2,    0.591548, -0.00969029,     1.48929, -0.00812072,95973198812595
95928116465672,2,     0.57169, -0.00843086,     1.43247, -0.00625233,95973887975301
95928116465672,2,    0.537696, 0.000485807,     1.28743, 0.000493065,95974540329611
95928116465672,2,    0.502085,  0.00231868,     1.15968,  0.00177832,95975287778004
95928116465672,2,    0.485138,  0.00496647,     1.13394,  0.00415797,95975975767363
95928116465672,2,    0.465046,  0.00759363,     1.04266,  0.00568552,95976666105950
95928116465672,2,    0.435551,  0.00751965,    0.958277,  0.00558749,95977296142480
95928116465672,2,    0.408121,  0.00619774,    0.842607,  0.00764723,95978007253411
95928116465672,2,    0.384679,  0.00102332,    0.779325,  0.00435337,95978698781367
95928116465672,2,    0.370735,  0.00187151,    0.745867,  0.00436983,95979411190860
95928116465672,2,    0.342644, -0.00407078,    0.656051,  0.00291658,95980049749800
95928116465672,2,    0.320179, -0.00294988,    0.593713,  0.00478845,95980703432922
95928116465672,2,    0.293892, -0.00581461,    0.557497,  0.00297244,95981372147680
95928116465672,2,     0.28519,  0.00349918,     0.50188,  0.00597091,95982082689944
95928116465672,2,    0.266372,  0.00372425,    0.432962,   0.0061619,95982772508102
95928116465672,2,    0.241097,  0.00192723,    0.390661,  0.00570448,95983483147406
95928116465672,2,     0.22045,-0.000582745,    0.342308,   0.0072569,95984151573499
95928116465672,2,    0.203019,-0.000934963,    0.303007,  0.00762847,95984760201494
95928116465672,2,    0.183847, -0.00432476,    0.262445,  0.00719512,95985486668619
95928116465672,2,    0.166265, -0.00336076,    0.231681,  0.00703139,95986090837438
95928116465672,2,    0.152253, -0.00315015,     0.19903,  0.00824841,95986732378819
95928116465672,2,    0.142344, -0.00327892,    0.180235,   0.0127854,95987413205478
95928116465672,2,    0.125612,  0.00119436,     0.15053,   0.0158036,95988096508292
95928116465672,2,    0.112262,  0.00242675,    0.128202,   0.0173487,95988823771542
95928116465672,2,   0.0990971, 7.26742e-05,    0.107371,   0.0180139,95989449797150
95928116465672,2,   0.0839636, -0.00209755,   0.0846996,   0.0163484,95990153359693
95928116465672,2,   0.0739743, -0.00171116,    0.070799,   0.0171732,95990803424433
95928116465672,2,   0.0661116, -0.00263038,   0.0623801,   0.0191725,95991551348740
95928116465672,2,   0.0550932, -0.00319581,   0.0491197,   0.0219772,95992178146002
95928116465672,2,   0.0420931, -0.00137558,   0.0329877,   0.0209542,95992849603473
95928116465672,2,   0.0307491,-0.000578289,   0.0224599,   0.0259893,95993615546939
95928116465672,2,   0.0193927,-0.000309934,   0.0136453,   0.0259747,95994384117521
95928116465672,2,   0.0135727,-0.000216483,   0.0100256,   0.0227043,95995066708380
95928116465672,2,  0.00869907, -0.00012895,  0.00769723,    0.019301,95995671981030
95928116465672,2,  0.00663964, -8.0406e-05,  0.00678656,   0.0189926,95996357990494
95996669186431,2,           0,           0,     3.01358,   0.0634959,95996979437093
95996669186431,2,           0,           0,     3.01358,   0.0634959,95997685733859
95996669186431,2,           0,           0,     3.01358,   0.0634959,95998449121302
95996669186431,2,           0,   0.0111687,     3.01461,   0.0595839,95999140741254
95996669186431,2,           0,   0.0117609,     3.01641,   0.0547138,95999812921741
95996669186431,2,           0,   0.0103097,     3.01327,   0.0595908,96000527966267
95996669186431,2,           0,  0.00717377,     3.01162,   0.0590874,96001214120656
95996669186431,2,           0,  0.00431629,     3.01198,   0.0575187,96001880282464
95996669186431,2,           0,           0,     3.01269,   0.0566724,96002538416037
95996669186431,2,    0.125263,   0.0442451,     3.00712,   0.0479524,96003172583107
95996669186431,2,     0.27041,   0.0543782,     2.99461,   0.0422395,96003823592861
95996669186431,2,    0.410843,   0.0628723,     3.01647,   0.0293732,96004511042729
95996669186431,2,    0.476254,   0.0394265,      3.0284,  0.00239789,96005211804478
95996669186431,2,    0.529771,   0.0174351,     2.99777,  -0.0138968,96005956196600
95996669186431,2,    0.565436,  0.00962347,     3.02756,  -0.0333305,96006619362243
95996669186431,2,    0.583708,  0.00274161,     3.01244,  -0.0441392,96007300008244
95996669186431,2,    0.566586, 0.000508379,     3.00784,  -0.0463927,96008080272528
95996669186431,2,    0.546599, -0.00346985,     2.99003,  -0.0467053,96008715596654
95996669186431,2,     0.53739,  -0.0149197,     3.02391,  -0.0527869,96009379408849
95996669186431,2,    0.528543,  -0.0287035,     3.02074,  -0.0481738,96010087367159
95996669186431,2,    0.521062,  -0.0678647,     2.98908,  -0.0287811,96010717398639
95996669186431,2,    0.512253,   -0.132044,     3.02419, -0.00230021,96011391584927
95996669186431,2,    0.474447,   -0.105901,     2.99252,   0.0537352,96012180187839
95996669186431,2,      0.4531,   -0.170199,     3.01399,    0.106607,96012852449203
95996669186431,2,    0.413642,   -0.201914,     3.00665,    0.194392,96013705770892
95996669186431,2,    0.413642,   -0.235688,     2.99793,    0.275472,96014559028139
95996669186431,2,    0.381182,   -0.204666,     3.00497,    0.387664,96015324900680
95996669186431,2,    0.381182,   -0.157133,     2.95283,    0.543504,96015975756839
95996669186431,2,    0.381182,   -0.115234,     2.92149,    0.669343,96016615576804
95996669186431,2,    0.413192,  -0.0836233,     2.92686,    0.745197,96017286338095
95996669186431,2,    0.456514,  -0.0583719,     2.88602,     0.82419,96017925494085
95996669186431,2,    0.491313,  -0.0323727,     2.88017,    0.881295,96018570505009
95996669186431,2,    0.517243,   -0.044412,     2.87589,     0.93048,96019188762630
95996669186431,2,    0.534443,    -0.04635,     2.84456,    0.967787,96019752728371
95996669186431,2,    0.548041,  -0.0523641,      2.8546,     1.03189,96020454015872
95996669186431,2,     0.55489,   -0.043781,     2.80606,     1.07268,96021176074466
95996669186431,2,    0.559547,  -0.0509475,     2.79167,     1.12768,96021820545041
95996669186431,2,      0.5815,  -0.0558553,     2.77485,     1.16079,96022506878309
95996669186431,2,    0.604026,  -0.0630543,     2.76206,     1.24027,96023208180101
95996669186431,2,     0.60193,  -0.0485905,     2.72518,     1.29538,96023874895752
95996669186431,2,    0.590336,   -0.040425,     2.71013,     1.34988,96024614416216
95996669186431,2,    0.580853,  -0.0328194,     2.69415,     1.38963,96025395169550
95996669186431,2,    0.570828,   -0.020775,     2.68541,     1.44682,96026001926801
95996669186431,2,    0.549336,  -0.0168974,     2.65559,     1.51071,96026669771593
95996669186431,2,    0.537493,  -0.0162817,     2.62902,     1.53927,96027429527979
95996669186431,2,    0.522118,  -0.0184261,     2.62054,     1.57934,96028152932877
95996669186431,2,    0.511369,  -0.0189194,     2.61847,     1.62535,96028802832201
95996669186431,2,    0.501513,  -0.0159035,     2.58889,     1.65408,96029490670364
95996669186431,2,    0.494721,   -0.014321,      2.5801,     1.67685,96030223179457
95996669186431,2,    0.485939,  -0.0111706,     2.56807,     1.71395,96030930849193
95996669186431,2,    0.477493,  0.00429252,     2.54763,      1.7501,96031626493654
95996669186431,2,    0.469673,   0.0491745,     2.54832,      1.7764,96032361380558
95996669186431,2,    0.466813,    0.139253,     2.55525,     1.77818,96033095236059
95996669186431,2,    0.461891,    0.165549,      2.5564,     1.75374,96033748359930
95996669186431,2,    0.459013,    0.203709,     2.60808,     1.72542,96034416849966
95996669186431,2,    0.456899,    0.242586,     2.64997,      1.6633,96035088794286
95996669186431,2,    0.455697,    0.266378,     2.69812,       1.576,96035777979524
95996669186431,2,    0.455318,    0.276777,     2.77878,      1.4676,96036412607583
95996669186431,2,    0.455577,     0.28948,     2.82979,      1.3653,96037083248697
95996669186431,2,     0.45621,      0.2855,     2.86439,     1.26908,96037798253952
95996669186431,2,    0.458566,    0.263233,     2.91858,     1.09624,96038471925012
95996669186431,2,    0.461213,    0.247493,     3.00539,    0.934643,96039141887424
95996669186431,2,    0.464402,    0.209097,     3.01734,    0.836315,96039914084218
95996669186431,2,    0.468661,    0.169524,     3.05117,    0.704479,96040605013900
95996669186431,2,     0.47258,    0.153278,     3.07188,     0.61691,96041357121613
95996669186431,2,    0.523531,   0.0999961,      3.1013,    0.498313,96042052970731
95996669186431,2,    0.604808,   0.0872544,     3.09933,    0.424672,96042725111331
95996669186431,2,    0.694418,   0.0651187,     3.11809,    0.348521,96043399067090
95996669186431,2,     0.77582,   0.0601784,     3.11335,    0.318558,96044085631617
95996669186431,2,    0.838306,   0.0450224,     3.09774,     0.25284,96044696814708
95996669186431,2,    0.900341,   0.0246643,     3.10679,    0.197685,96045428389898
95996669186431,2,    0.944365,   0.0194097,      3.1143,    0.159724,96046098027119
95996669186431,2,    0.975417,  0.00845465,     3.10729,    0.132047,96046770210051
95996669186431,2,    0.981285, -0.00584324,     3.10336,   0.0819264,96047438684756
95996669186431,2,    0.958959,  -0.0174266,      3.0694,   0.0616173,96048172134953
95996669186431,2,     0.92859,  -0.0186828,     3.06829,   0.0270047,96048881966351
95996669186431,2,    0.895226,  -0.0105634,     2.99436,   0.0130214,96049552506794
95996669186431,2,    0.878337,  -0.0106948,     2.94293,   0.0175587,96050257346619
95996669186431,2,    0.859877, -0.00354302,      2.7947,   0.0231241,96050969176911
95996669186431,2,    0.826311,  0.00353411,     2.64357,   0.0299317,96051657484571
95996669186431,2,    0.800206,  0.00232232,     2.45803,   0.0278115,96052321810253
95996669186431,2,    0.773517,  0.00347732,     2.31801,   0.0254804,96052968317633
95996669186431,2,      0.7502,   0.0021966,     2.22939,   0.0239261,96053630655718
95996669186431,2,    0.730431,  0.00118809,     2.10252,   0.0208183,96054358519855
95996669186431,2,    0.695291, 0.000847912,     1.93505,   0.0153201,96054983070217
95996669186431,2,    0.669126,  0.00333103,      1.8165,   0.0149653,96055608941138
95996669186431,2,    0.650193,  0.00244104,     1.74131,   0.0120538,96056318096820
95996669186431,2,    0.616974,  0.00311381,     1.62657,   0.0113807,96057083727213
95996669186431,2,    0.585431,  0.00524857,     1.46615,  0.00920444,96057755534159
95996669186431,2,    0.560026,  0.00508756,      1.3698,  0.00723178,96058489896688
95996669186431,2,    0.538027,  0.00842443,     1.29363,  0.00833394,96059082101846
95996669186431,2,    0.512403,  0.00705267,      1.1981,  0.00507432,96059794667864
95996669186431,2,    0.481605,  0.00650688,     1.08983,  0.00303885,96060720473135
95996669186431,2,    0.461564,  0.00792008,     1.02172,  0.00219868,96061569223091
95996669186431,2,    0.444719,  0.00784208,    0.965335,  0.00121821,96062299789310
95996669186431,2,    0.418818,   0.0063318,    0.881854, -0.00171244,96062972906460
95996669186431,2,    0.391419,  0.00517747,    0.795318, -0.00226562,96063643238316
95996669186431,2,    0.369372,-0.000760653,    0.728894, -0.00560338,96064356035059
95996669186431,2,    0.349037,  0.00403239,     0.66847, -0.00392939,96065028800622
95996669186431,2,    0.322006,  0.00356579,    0.591423, -0.00484745,96065798367237
95996669186431,2,     0.30233,  0.00364777,    0.537712, -0.00507326,96066505314849
95996669186431,2,    0.280428,-0.000815915,    0.479225, -0.00564816,96067212352044
95996669186431,2,    0.261209, -0.00345127,    0.430177, -0.00773705,96067941993555
95996669186431,2,    0.240389, -0.00108948,    0.379907, -0.00763929,96068692117508
95996669186431,2,    0.226403,-0.000367061,    0.345975, -0.00858314,96069338962876
95996669186431,2,    0.207918,  0.00225853,    0.304267, -0.00798113,96070028532515
95996669186431,2,    0.191357,  0.00189062,    0.268698, -0.00718411,96070597726476
95996669186431,2,    0.172517,  0.00347404,    0.229864, -0.00645115,96071263059219
95996669186431,2,    0.158291,  0.00478747,    0.201503, -0.00695212,96071914844591
95996669186431,2,     0.14078,  0.00490943,    0.172514, -0.00691216,96072644145717
95996669186431,2,    0.124519,  0.00515895,    0.142588, -0.00757663,96073421997296
95996669186431,2,    0.110602,  0.00247654,    0.124735, -0.00737173,96074030286256
95996669186431,2,    0.099136,  0.00110593,    0.107748, -0.00749515,96074735786598
95996669186431,2,   0.0798161,  0.00258197,   0.0878837, -0.00853197,96075481790850
95996669186431,2,   0.0727303,  0.00208887,    0.071647, -0.00856777,96076211451320
95996669186431,2,   0.0575595,  0.00187611,   0.0528704, -0.00824052,96076903191487
95996669186431,2,   0.0493885, 0.000438022,   0.0404986, -0.00755327,96077691595514
95996669186431,2,   0.0424948,-7.36852e-05,   0.0332672, -0.00687164,96078479647433
95996669186431,2,   0.0335293, 0.000565434,   0.0257016, -0.00613602,96079170124415
95996669186431,2,   0.0243662, 0.000173252,   0.0194078, -0.00537204,96079991167934
95996669186431,2,    0.014672, 0.000157402,   0.0105449, -0.00736885,96080656866191
95996669186431,2,   0.0054614, 3.84247e-05,     0.00626,  -0.0065115,96081538079367
95996669186431,2,  0.00270174, 1.06497e-05,  0.00542293, -0.00374987,96082280754827
95996669186431,2,   0.0037886, 1.58211e-05,  0.00625163,-0.000900625,96082869728250
95996669186431,2,           0,  -0.0036763,  0.00409617, -0.00152114,96083571350160
95996669186431,2,           0,   -0.126829,  0.00466597, 0.000773101,96084361218162
95996669186431,2,           0,   -0.198064,  0.00478309,   0.0012036,96085066980354
95996669186431,2,           0,   -0.204798,  0.00369454, -0.00107377,96085718727964
95996669186431,2,           0,    -0.18231,  0.00368171,-0.000596842,96086472612923
95996669186431,2,           0,    -0.14198,  0.00686621,   0.0019482,96087238511955
95996669186431,2,           0,    -0.10292,  0.00867619,  0.00176108,96088025448878
95996669186431,2,           0,  -0.0660225,   0.0110809,  0.00357806,96088795438722
95996669186431,2,           0,  -0.0459719,   0.0113188,  0.00617769,96089406468866
95996669186431,2,           0,  -0.0219131,   0.0117761,  0.00694479,96090207705420
96090819047254,2,           0,           0,     2.42118,     1.80272,96091034961352
96090819047254,2,           0,           0,     2.42118,     1.80272,96091659739825
96090819047254,2,           0,           0,     2.42118,     1.80272,96092366069026
96090819047254,2,           0,   0.0617147,     2.41768,     1.80652,96093034715982
96090819047254,2,           0,    0.226407,     2.43899,     1.77472,96093684713429
96090819047254,2,           0,    0.376459,     2.46234,     1.73831,96094439416902
96090819047254,2,           0,    0.482436,     2.59603,     1.53208,96095210679261
96090819047254,2,           0,    0.494834,     2.70724,      1.3182,96095940456103
96090819047254,2,           0,    0.487887,     2.70878,     1.32306,96096609629673
96090819047254,2,           0,    0.436881,     2.82615,     1.03906,96097399311467
96090819047254,2,           0,    0.390907,     2.89009,    0.825594,96098125648424
96090819047254,2,           0,    0.335201,     2.92197,    0.672569,96098848998238
96090819047254,2,           0,    0.291486,     2.96401,    0.394131,96099628136468
96090819047254,2,           0,    0.244678,     2.97674,    0.241983,96100316911959
96090819047254,2,           0,    0.209236,     3.02535,   0.0894367,96101021455759
96090819047254,2,           0,    0.172735,     3.01963,  -0.0270566,96101715212110
96090819047254,2,           0,    0.131861,     3.01224,   -0.127555,96102504018778
96090819047254,2,           0,   0.0855828,     3.00401,   -0.224663,96103096483634
96090819047254,2,           0,   0.0606899,      2.9994,   -0.267539,96103744905498
96090819047254,2,           0,   0.0322135,     2.99426,   -0.308804,96104454158170
96090819047254,2,           0,  0.00364668,     2.98802,   -0.336656,96105183821100
96090819047254,2,   0.0805738,   0.0250241,     2.98604,   -0.346162,96105974173049
96090819047254,2,    0.189109,   0.0121529,     2.98133,   -0.357517,96106698007059
96090819047254,2,    0.276713,  0.00467627,     2.97929,   -0.379309,96107404267375
96090819047254,2,    0.357781,  0.00195932,     3.00046,   -0.397517,96108185944952
96090819047254,2,     0.41553,  0.00561919,     2.99692,   -0.392714,96108858594079
96090819047254,2,    0.459305,  0.00180113,     3.00006,   -0.430631,96109513205312
96090819047254,2,    0.491307,  -0.0031595,      2.9674,   -0.449905,96110243453536
96090819047254,2,    0.505129, -0.00599684,     2.95612,   -0.454121,96110991235505
96090819047254,2,    0.493595, -0.00905432,     2.96024,   -0.484041,96111741934088
96090819047254,2,    0.483675,  -0.0233308,     2.97115,   -0.542395,96112476437991
96090819047254,2,    0.467676,  -0.0248388,      2.9678,   -0.564638,96113109728309
96090819047254,2,    0.456786,  -0.0302075,     2.94746,   -0.577206,96113859904467
96090819047254,2,    0.435309,  -0.0390572,     2.92657,   -0.590531,96114583780023
96090819047254,2,    0.418187,  -0.0465151,     2.93984,   -0.607694,96115292797454
96090819047254,2,    0.413503,  -0.0385663,     2.95776,   -0.624647,96115907548614
96090819047254,2,    0.394407,  -0.0424956,     2.95416,   -0.630292,96116594456906
96090819047254,2,    0.388991,  -0.0371338,     2.95544,   -0.633716,96117287615630
96090819047254,2,    0.385489,  -0.0445278,     2.93932,    -0.62744,96118078923113
96090819047254,2,    0.378608,   -0.044565,     2.93643,   -0.635245,96118722781070
96090819047254,2,    0.377391,  -0.0422163,     2.94272,   -0.631795,96119449873554
96090819047254,2,    0.368974,  -0.0437315,     2.92163,   -0.620378,96120135635747
96090819047254,2,    0.372222,  -0.0430211,     2.94935,   -0.627302,96120919264893
96090819047254,2,    0.368585,  -0.0427375,      2.9543,   -0.625374,96121629675954
96090819047254,2,    0.364572,  -0.0478137,     2.94015,   -0.622798,96122378337471
96090819047254,2,    0.364819,  -0.0494206,     2.94029,   -0.614218,96123072727029
96090819047254,2,    0.362008,  -0.0531202,     2.93506,   -0.601726,96123881725340
96090819047254,2,    0.363329,  -0.0702151,     2.92481,   -0.601361,96124564934369
96090819047254,2,    0.358874,  -0.0587219,     2.95079,    -0.58106,96125218339047
96090819047254,2,    0.370294,   -0.050763,     2.95977,   -0.555052,96125987315935
96090819047254,2,    0.363607,  -0.0443456,     2.95479,   -0.532415,96126642285710
96090819047254,2,    0.360836,    -0.05017,     2.95082,   -0.521971,96127367627484
96090819047254,2,    0.367384,  -0.0489738,     2.95604,   -0.495948,96128037589516
96090819047254,2,    0.362961,  -0.0544195,     2.96403,   -0.484166,96128748074230
96090819047254,2,    0.362171,   -0.058983,     2.96674,   -0.462531,96129594086890
96090819047254,2,    0.356196,  -0.0537531,     2.96714,   -0.437309,96130347177073
96090819047254,2,    0.367441,  -0.0600474,      2.9599,   -0.420656,96131076900611
96090819047254,2,    0.361012,  -0.0622585,     2.98243,   -0.388215,96131826378824
96090819047254,2,    0.365825,  -0.0569294,     2.97195,   -0.355783,96132514811170
96090819047254,2,    0.362593,  -0.0522577,     2.98828,   -0.316755,96133221677418
96090819047254,2,    0.370253,  -0.0496816,     2.99694,   -0.278184,96133933303814
96090819047254,2,    0.374277,   -0.048237,     2.97792,   -0.251862,96134647016092
96090819047254,2,    0.376442,  -0.0495662,     3.00864,    -0.21698,96135431024521
96090819047254,2,    0.382424,  -0.0520911,     2.99021,   -0.185461,96136417590213
96090819047254,2,    0.379917,  -0.0494233,     3.00963,   -0.119167,96137192798449
96090819047254,2,    0.372339,  -0.0564001,     3.00246,   -0.116983,96138117160715
96090819047254,2,    0.375406,  -0.0445916,     3.01269,  -0.0569765,96138789938995
96090819047254,2,    0.391172,  -0.0355956,     3.01296,   0.0085518,96139477577322
96090819047254,2,    0.410849,  -0.0387243,     2.99907,   0.0428964,96140165014693
96090819047254,2,    0.427505,  -0.0404301,     2.99639,   0.0723839,96140967684067
96090819047254,2,     0.44071,  -0.0495834,     3.00493,    0.125067,96141674854002
96090819047254,2,    0.457136,  -0.0481967,     3.01259,    0.212883,96142420627941
96090819047254,2,    0.463129,  -0.0475925,      3.0151,    0.282039,96143168263069
96090819047254,2,    0.500164,  -0.0397605,      2.9945,    0.362277,96143877352556
96090819047254,2,    0.511171,  -0.0358689,     2.99135,    0.428316,96144567295731
96090819047254,2,    0.535572,  -0.0293478,      2.9763,    0.508575,96145215470613
96090819047254,2,    0.592532,  -0.0290206,     2.95303,    0.591133,96145845886238
96090819047254,2,    0.647923,  -0.0399065,     2.95224,    0.604035,96146591291612
96090819047254,2,    0.693654,  -0.0301123,     2.90027,    0.734602,96147435435627
96090819047254,2,    0.681859,  -0.0222015,     2.90186,    0.798643,96148107289043
96090819047254,2,    0.656592, -0.00101569,      2.8643,    0.968503,96148832642838
96090819047254,2,    0.631807,  0.00630482,     2.81777,     1.06332,96149482855441
96090819047254,2,    0.611976,   0.0175858,     2.78241,     1.15895,96150157791811
96090819047254,2,    0.577017,   0.0263093,     2.74777,     1.22545,96150924309671
96090819047254,2,    0.548452,   0.0370029,     2.72113,     1.31562,96151681949475
96090819047254,2,    0.519722,   0.0548095,     2.67425,     1.35848,96152349838420
96090819047254,2,    0.488799,    0.078058,     2.66004,      1.4191,96153078275312
96090819047254,2,    0.468032,   0.0918445,     2.65708,     1.44788,96153788966891
96090819047254,2,    0.446772,       0.102,     2.63718,     1.45534,96154480379397
96090819047254,2,    0.406916,   0.0915579,     2.61111,     1.44676,96155219652890
96090819047254,2,    0.386023,   0.0864811,     2.60594,     1.46523,96155811627441
96090819047254,2,    0.365698,   0.0933893,      2.6189,     1.47662,96156532972222
96090819047254,2,    0.352705,    0.105882,     2.62464,     1.47947,96157301440772
96090819047254,2,    0.346974,    0.107101,      2.6169,     1.46517,96157981820454
96090819047254,2,    0.352902,    0.120296,     2.60565,     1.43677,96158785262482
96090819047254,2,    0.356168,    0.141309,     2.59182,     1.41082,96159549279039
96090819047254,2,    0.350937,    0.134697,     2.56589,     1.35439,96160293242778
96090819047254,2,    0.350818,    0.119294,     2.52419,     1.27331,96160981685153
96090819047254,2,    0.352868,    0.123371,     2.50645,     1.24615,96161722949585
96090819047254,2,    0.354256,    0.136551,     2.47838,     1.18991,96162555128160
96090819047254,2,    0.353373,    0.147049,     2.44826,     1.13625,96163316469333
96090819047254,2,    0.353199,    0.126434,      2.4058,     1.05388,96163980442445
96090819047254,2,    0.355632,    0.139958,     2.37214,     1.00264,96164766825029
96090819047254,2,    0.351842,     0.13927,     2.35013,    0.971048,96165565282095
96090819047254,2,     0.35069,      0.1343,     2.30476,     0.89907,96166289850746
96090819047254,2,    0.346606,    0.124905,     2.24662,    0.812313,96167031749366
96090819047254,2,    0.355068,    0.133877,     2.22985,    0.789727,96167678312922
96090819047254,2,    0.356398,    0.142302,     2.18448,    0.742209,96168421838528
96090819047254,2,    0.352579,    0.142209,     2.14238,    0.681346,96169209064742
96090819047254,2,    0.353639,    0.131383,     2.12458,    0.652782,96169896574230
96090819047254,2,    0.353763,     0.13671,     2.06184,    0.591268,96170645577216
96090819047254,2,    0.351242,    0.117082,      2.0185,    0.534243,96171443847581
96090819047254,2,    0.354326,    0.132872,     1.97559,    0.488024,96172263793936
96090819047254,2,    0.351981,    0.133379,     1.94315,    0.453627,96173050374858
96090819047254,2,    0.352459,    0.120084,     1.88319,    0.401609,96173853009158
96090819047254,2,    0.350979,    0.111615,     1.84124,    0.371107,96174576212549
96090819047254,2,    0.346989,   0.0966703,     1.78111,    0.326753,96175358282426
96090819047254,2,    0.352164,    0.100583,     1.72807,    0.295626,96176105570258
96090819047254,2,    0.353156,    0.101995,     1.68729,    0.271353,96176869515867
96090819047254,2,    0.352487,     0.08558,     1.61376,     0.23306,96177535318836
96090819047254,2,    0.354823,   0.0778469,     1.56355,    0.208959,96178355670997
96090819047254,2,    0.349541,   0.0886851,     1.52099,    0.191859,96179001727699
96090819047254,2,    0.358078,   0.0787902,     1.45724,    0.167264,96179704663396
96090819047254,2,    0.376064,   0.0734931,     1.38695,    0.145274,96180603259812
96090819047254,2,    0.396337,   0.0882563,     1.33392,    0.127741,96181413630783
96090819047254,2,    0.468712,    0.091392,      1.2527,    0.102783,96182534046587
96090819047254,2,    0.498819,   0.0910172,      1.2151,   0.0916658,96183299855477
96090819047254,2,    0.496647,   0.0725924,     1.14049,   0.0728296,96184108748988
96090819047254,2,     0.48429,   0.0606699,      1.0898,   0.0603329,96184777964908
96090819047254,2,    0.457383,   0.0571469,     1.00779,   0.0494443,96185487404024
96090819047254,2,    0.426403,    0.040802,    0.907688,   0.0380459,96186194026146
96090819047254,2,    0.398544,   0.0198584,    0.822913,   0.0313952,96186980880795
96090819047254,2,    0.377398,  0.00621652,    0.777033,   0.0287099,96187727554853
96090819047254,2,    0.349853,  -0.0044018,    0.682828,   0.0259823,96188515276017
96090819047254,2,    0.331593, -0.00985036,    0.626054,   0.0256461,96189221418734
96090819047254,2,    0.303238,  -0.0117575,     0.56322,   0.0266898,96190148994877
96090819047254,2,    0.287348,  -0.0136322,    0.506658,   0.0267649,96190849894957
96090819047254,2,    0.267987,  0.00345262,    0.457109,   0.0278061,96191654905536
96090819047254,2,    0.247948, 0.000878581,    0.404232,   0.0267834,96192362159768
96090819047254,2,    0.222375, -0.00297098,    0.383391,   0.0259768,96193130308726
96090819047254,2,    0.208807,   -0.008177,    0.311834,   0.0259616,96193926116877
96090819047254,2,    0.193798, -0.00933021,    0.300254,   0.0251041,96194646441356
96090819047254,2,    0.177582,  -0.0130628,    0.249626,   0.0238587,96195410552128
96090819047254,2,    0.162515,   -0.012248,    0.219405,   0.0234018,96196060324208
96090819047254,2,    0.145972,  -0.0141828,    0.187461,   0.0223182,96196861969418
96090819047254,2,    0.129564, -0.00322406,    0.157661,    0.023876,96197666310607
96090819047254,2,    0.118132,  0.00830603,     0.14379,   0.0233666,96198450829490
96090819047254,2,   0.0963494,   0.0349052,    0.112946,   0.0247019,96199136164830
96090819047254,2,   0.0902637,   0.0605516,   0.0941156,   0.0250237,96199800833266
96090819047254,2,   0.0820592,   0.0846133,   0.0824839,   0.0257977,96200489331988
96090819047254,2,    0.073718,    0.100694,    0.071163,   0.0263739,96201356750658
96090819047254,2,   0.0679071,   0.0965123,   0.0637485,   0.0251416,96202143759662
96090819047254,2,   0.0558267,   0.0715559,   0.0559772,   0.0265435,96202936201147
96090819047254,2,   0.0521442,   0.0581402,    0.046277,   0.0273765,96203718065221
96090819047254,2,   0.0444032,   0.0893285,   0.0349843,   0.0281182,96204443296936
96090819047254,2,   0.0382207,   0.0967487,   0.0299474,   0.0270614,96205185158100
96090819047254,2,   0.0294469,   0.0842653,   0.0216206,   0.0274791,96205948259252
96090819047254,2,   0.0199635,   0.0615918,   0.0146596,   0.0269838,96206670727437
96090819047254,2,   0.0097853,   0.0314222,  0.00905937,   0.0280371,96207491654877
96090819047254,2,  0.00406062,   0.0128564,   0.0083269,    0.029102,96208252033427
96090819047254,2,           0,  -0.0136361,  0.00581522,    0.026333,96209029436499
96090819047254,2,           0,  -0.0701605,  0.00509947,   0.0278189,96209681175954
96090819047254,2,           0,  -0.0850915,  0.00168441,   0.0273409,96210524447845
96090819047254,2,           0,  -0.0742559,  0.00146847,   0.0263951,96211216620439
96090819047254,2,           0,  -0.0511358,  -0.0018252,   0.0262264,96211921396472
96090819047254,2,           0,  -0.0396449,-0.000450441,   0.0261468,96212685242018
96090819047254,2,           0,  -0.0114543,-0.000394397,   0.0256482,96213485692983
96213859025779,2,           0,           0,     2.19077,     2.08896,96214248559243
96213859025779,2,           0,           0,     2.19077,     2.08896,96214917510901
96213859025779,2,           0,           0,     2.19077,     2.08896,96215583176728
96213859025779,2,           0,   0.0928763,     2.19446,     2.08544,96216291930238
96213859025779,2,           0,    0.220794,     2.22075,     2.05576,96217042093062
96213859025779,2,           0,    0.308132,     2.26745,     2.00827,96217837648832
96213859025779,2,           0,    0.314679,     2.32808,     1.93994,96218530627101
96213859025779,2,           0,    0.283231,     2.42121,     1.81949,96219233995370
96213859025779,2,           0,    0.249332,     2.49479,     1.71192,96219981934826
96213859025779,2,           0,    0.211545,     2.56398,     1.59963,96220726843689
96213859025779,2,           0,    0.164306,     2.63567,      1.4724,96221472833010
96213859025779,2,           0,    0.132935,     2.66506,     1.40806,96222164431256
96213859025779,2,           0,   0.0973947,     2.69478,     1.34464,96222870838421
96213859025779,2,           0,   0.0702837,     2.71687,     1.29295,96223640306123
96213859025779,2,           0,   0.0360307,      2.7359,     1.24219,96224362977635
96213859025779,2,           0,   0.0130084,     2.74408,     1.21908,96225149360323
96213859025779,2,   0.0419956,   0.0114066,     2.74753,     1.20707,96225883304816
96213859025779,2,    0.146568,   0.0580131,     2.76917,     1.22328,96226636398015
96213859025779,2,    0.227244,   0.0826797,     2.77491,     1.22475,96227405197373
96213859025779,2,    0.293828,   0.0758883,     2.75318,     1.19174,96228179155253
96213859025779,2,    0.347258,   0.0604183,     2.77735,      1.2293,96228950928569
96213859025779,2,    0.379831,   0.0482011,     2.75017,     1.23169,96229621142342
96213859025779,2,    0.400678,   0.0358139,     2.74683,     1.30406,96230373877590
96213859025779,2,    0.401838,    0.022121,     2.72656,     1.31626,96231066994636
96213859025779,2,    0.384356,   0.0179563,     2.68832,     1.33689,96231855685554
96213859025779,2,    0.376763,   0.0246727,     2.67751,     1.36812,96232571957829
96213859025779,2,    0.363274,   0.0173428,     2.64675,     1.44087,96233241470874
96213859025779,2,    0.356512,   0.0241019,      2.6191,     1.43578,96233994916152
96213859025779,2,    0.359464,   0.0293526,      2.6045,     1.53043,96234788150338
96213859025779,2,      0.3586,   0.0437289,     2.56108,     1.53978,96235515292482
96213859025779,2,    0.348593,   0.0519362,     2.56318,     1.57811,96236150174402
96213859025779,2,    0.349542,   0.0654498,     2.53771,     1.59134,96236977969899
96213859025779,2,    0.353424,    0.063541,     2.52142,     1.62288,96237669526618
96213859025779,2,    0.350297,   0.0654638,     2.50943,     1.62501,96238380881571
96213859025779,2,    0.347531,   0.0649346,     2.51177,     1.66091,96239067500683
96213859025779,2,    0.355154,   0.0827175,     2.50122,     1.65963,96239894172351
96213859025779,2,    0.351872,   0.0794832,     2.49186,      1.6627,96240584937315
96213859025779,2,    0.359254,   0.0988968,     2.47959,     1.66299,96241374559640
96213859025779,2,    0.361693,    0.102787,     2.47553,     1.65481,96242119370939
96213859025779,2,    0.362755,    0.117654,     2.47961,     1.65112,96242909040594
96213859025779,2,    0.365042,    0.139121,     2.48942,     1.65094,96243717656918
96213859025779,2,    0.364533,    0.132629,     2.50678,     1.63428,96244531509731
96213859025779,2,    0.363189,    0.147656,     2.50875,     1.62017,96245179596151
96213859025779,2,    0.366099,    0.159501,     2.50969,     1.57354,96245826681468
96213859025779,2,    0.361343,    0.150665,     2.53328,     1.54713,96246636065839
96213859025779,2,    0.361302,    0.155588,     2.56002,     1.50684,96247339057783
96213859025779,2,    0.362963,    0.171938,     2.57465,     1.50334,96248089917835
96213859025779,2,    0.352019,    0.172717,     2.58855,     1.42739,96248842162578
96213859025779,2,    0.336621,    0.161827,      2.6229,     1.39608,96249567535089
96213859025779,2,    0.327852,    0.174631,     2.64946,      1.3379,96250432565033
96213859025779,2,    0.319854,    0.158349,     2.65699,     1.30292,96251216145890
96213859025779,2,    0.304903,    0.160743,     2.69666,     1.21972,96252080607306
96213859025779,2,     0.29013,    0.154679,     2.73381,     1.17102,96252885638779
96213859025779,2,    0.258844,    0.133896,     2.74037,      1.1251,96253549673174
96213859025779,2,    0.227376,    0.115938,     2.76271,      1.0606,96254241044372
96213859025779,2,    0.207364,    0.105394,     2.78346,     1.01445,96255006574623
96213859025779,2,    0.207364,    0.104936,     2.81045,    0.965686,96255773354452
96213859025779,2,    0.225986,    0.111964,     2.80467,    0.942479,96256622273171
96213859025779,2,    0.277661,    0.129662,     2.84698,    0.891203,96257387267828
96213859025779,2,    0.324239,    0.148505,     2.83569,    0.848793,96258302368947
96213859025779,2,    0.350823,    0.158749,     2.88818,     0.81744,96259149444910
96213859025779,2,    0.361565,    0.139832,     2.87533,    0.750628,96260141106165
96213859025779,2,    0.353421,    0.115997,     2.91094,    0.672163,96260847049392
96213859025779,2,    0.351665,    0.090122,     2.94781,    0.603151,96261593195156
96213859025779,2,    0.355004,   0.0882831,     2.95368,     0.55866,96262400145283
96213859025779,2,    0.352976,   0.0965083,      2.9521,     0.51372,96263126227476
96213859025779,2,    0.355882,     0.10342,     2.96331,    0.472679,96263896398743
96213859025779,2,    0.354314,    0.095577,     2.97182,     0.42109,96264620050486
96213859025779,2,    0.363798,    0.103172,     2.98188,    0.372503,96265366980525
96213859025779,2,    0.370025,   0.0917857,     2.96968,    0.335704,96266092765139
96213859025779,2,    0.372998,   0.0873075,     3.00762,    0.263152,96266818956935
96213859025779,2,    0.373359,   0.0795846,     2.99021,    0.220676,96267563765860
96213859025779,2,    0.375923,   0.0804804,     3.02233,     0.16602,96268409009347
96213859025779,2,    0.365895,   0.0746663,     3.02865,    0.117763,96269115890085
96213859025779,2,    0.392776,   0.0689327,     3.03321,   0.0526909,96269887944105
96213859025779,2,    0.428371,   0.0679953,     3.03056,   0.0249651,96270694028790
96213859025779,2,    0.435137,   0.0691897,     3.03949,  -0.0208672,96271422203453
96213859025779,2,    0.442368,   0.0579705,     3.02637,  -0.0477406,96272169742287
96213859025779,2,    0.476731,   0.0474671,     3.03263,   -0.127138,96272939467005
96213859025779,2,    0.555558,   0.0373362,     3.01643,    -0.14991,96273706213984
96213859025779,2,    0.630063,   0.0384896,     3.03133,   -0.163197,96274474762572
96213859025779,2,    0.684936,   0.0288309,     2.93233,   -0.206348,96275221562173
96213859025779,2,    0.746654,   0.0238851,     2.82934,   -0.218965,96276027044836
96213859025779,2,    0.721473,   0.0221371,     2.79221,    -0.22062,96276798373295
96213859025779,2,    0.697041,   0.0100231,      2.6068,   -0.236971,96277531140125
96213859025779,2,    0.665938, -0.00553996,     2.48656,   -0.241524,96278238034088
96213859025779,2,     0.63115,     -0.0238,     2.33616,   -0.239707,96278943881185
96213859025779,2,    0.592403,  -0.0305567,     2.22684,    -0.22958,96279710243596
96213859025779,2,    0.564252,  -0.0420535,     2.15947,   -0.225146,96280456029140
96213859025779,2,    0.543563,  -0.0453715,     2.07642,   -0.210074,96281064675330
96213859025779,2,    0.517844,  -0.0497377,     1.95734,   -0.190193,96281692571670
96213859025779,2,    0.501233,  -0.0546156,     1.88995,   -0.179655,96282385072984
96213859025779,2,     0.50125,  -0.0632003,     1.81312,   -0.158058,96283133500406
96213859025779,2,    0.502538,  -0.0589856,     1.72952,   -0.134303,96283838166103
96213859025779,2,    0.521699,  -0.0519516,     1.64329,   -0.117303,96284484516996
96213859025779,2,    0.566775,  -0.0531926,     1.60714,   -0.107662,96285287124215
96213859025779,2,     0.58209,  -0.0506724,     1.48907,  -0.0914516,96286016678517
96213859025779,2,    0.569323,  -0.0470853,     1.40097,   -0.076451,96286640810614
96213859025779,2,    0.531061,  -0.0428456,     1.26191,  -0.0582884,96287427325098
96213859025779,2,     0.51738,  -0.0449372,     1.21336,  -0.0537525,96288210627232
96213859025779,2,    0.498598,  -0.0602652,     1.15864,   -0.047445,96288858375924
96213859025779,2,    0.461266,  -0.0463433,     1.02046,   -0.032954,96289544092032
96213859025779,2,     0.44231,   -0.039036,    0.957126,  -0.0266102,96290233584578
96213859025779,2,    0.419978,  -0.0295511,    0.887212,  -0.0191454,96290901102290
96213859025779,2,    0.396384,  -0.0192177,    0.807519,  -0.0154271,96291627487933
96213859025779,2,    0.378451,  -0.0125112,    0.756444,  -0.0129434,96292194230675
96213859025779,2,    0.349752, -0.00374639,    0.676473,  -0.0108248,96292879094953
96213859025779,2,    0.329097,  0.00331475,    0.618202, -0.00886483,96293642231803
96213859025779,2,    0.301632,  0.00563971,    0.539557, -0.00831436,96294368803186
96213859025779,2,    0.289933,   0.0060732,    0.510572, -0.00932402,96295114167143
96213859025779,2,     0.27369,  -0.0017189,    0.476188,  -0.0109196,96295722795793
96213859025779,2,    0.244461, -0.00436188,    0.415986,  -0.0123886,96296428261460
96213859025779,2,    0.225752, -0.00178072,    0.354509,  -0.0118347,96297130311074
96213859025779,2,    0.217734,  0.00236694,    0.336385,  -0.0102313,96297711944439
96213859025779,2,    0.199186,  0.00449299,    0.286899,  -0.0122398,96298477662298
96213859025779,2,    0.178311,  0.00302104,     0.25512,  -0.0121235,96299105844023
96213859025779,2,    0.164452,    0.005249,    0.219086,  -0.0121599,96299771113354
96213859025779,2,    0.147349,  0.00434707,    0.192853,  -0.0126779,96300697529713
96213859025779,2,    0.133442,  -0.0001633,    0.164209,  -0.0138401,96301560435510
96213859025779,2,    0.125579,  0.00597576,    0.155301,  -0.0120114,96302308443401
96213859025779,2,    0.115601,  0.00489809,    0.144493,  -0.0128919,96303012065431
96213859025779,2,    0.108229, -0.00666593,    0.121979,  -0.0119159,96303716241485
96213859025779,2,   0.0901834,  -0.0232679,    0.098194,  -0.0099296,96304364573634
96213859025779,2,   0.0767461,  -0.0378365,   0.0744752,  -0.0096073,96305117181873
96213859025779,2,   0.0640947,  -0.0404001,   0.0577695, -0.00803953,96305866317052
96213859025779,2,   0.0546911,  -0.0308544,   0.0464392, -0.00847329,96306628817160
96213859025779,2,   0.0488932,   -0.023416,   0.0400006, -0.00827589,96307373790960
96213859025779,2,   0.0403766,  -0.0374074,   0.0308989, -0.00889898,96308018630709
96213859025779,2,   0.0339013,  -0.0350616,   0.0249215,  -0.0080829,96308747261452
96213859025779,2,   0.0273088,  -0.0293918,   0.0196512, -0.00774721,96309507346160
96213859025779,2,   0.0190467,  -0.0220133,   0.0133212,  -0.0089979,96310293587756
96213859025779,2,   0.0115232,  -0.0132522,  0.00893619, -0.00970696,96310998247374
96213859025779,2,  0.00450346, -0.00537831,  0.00615501,  -0.0093236,96311742628712
96213859025779,2,   0.0030216, -0.00353432,  0.00573283, -0.00875913,96312433399583
96213859025779,2,           0,   0.0201431,  0.00442177, -0.00978737,96313157543535
96213859025779,2,           0,   0.0428337,  0.00296468,   -0.010373,96313799154716
96213859025779,2,           0,   0.0342532,   0.0056323, -0.00938257,96314560975893
96213859025779,2,           0,   0.0195698,    0.007221,  -0.0074266,96315303147138
96213859025779,2,           0,  0.00632973,  0.00575992, -0.00965354,96315974669889
96316341587603,2,           0,           0,     2.57563,     1.54612,96316653759585
96316341587603,2,           0,           0,     2.57563,     1.54612,96317355640207
96316341587603,2,           0,           0,     2.57563,     1.54612,96318060360335
96316341587603,2,           0,    0.124308,     2.59157,     1.51875,96318851426183
96316341587603,2,           0,    0.249746,     2.58361,     1.53576,96319481278036
96316341587603,2,           0,    0.351254,      2.6699,     1.38168,96320166692573
96316341587603,2,           0,    0.409788,     2.72326,     1.27349,96320894659525
96316341587603,2,           0,    0.371031,     2.79074,     1.10629,96321582807259
96316341587603,2,           0,    0.319464,      2.8602,    0.892595,96322310875520
96316341587603,2,           0,     0.26151,     2.91753,    0.675283,96323017562409
96316341587603,2,           0,     0.19923,     2.95251,    0.496088,96323710552460
96316341587603,2,           0,    0.136166,     2.97853,    0.304115,96324357345993
96316341587603,2,           0,   0.0892839,     2.98339,     0.23489,96325104525664
96316341587603,2,           0,   0.0439126,      2.9884,    0.136092,96325755999163
96316341587603,2,           0,           0,     2.99099,   0.0867291,96326544449494
96316341587603,2,    0.132146,   0.0468926,     2.98722,   0.0659504,96327220308736
96316341587603,2,    0.274279,   0.0703595,     3.00123,   0.0381594,96327870018366
96316341587603,2,    0.427073,   0.0786826,     2.99659,   0.0387716,96328623897816
96316341587603,2,    0.557501,   0.0536835,     3.02055,   0.0121816,96329318510725
96316341587603,2,     0.68108,   0.0314714,     3.00265,  -0.0223267,96330030827618
96316341587603,2,     0.79091,   0.0129026,     3.03654,  -0.0425009,96330723382896
96316341587603,2,     0.89588,  0.00433058,     2.99865,  -0.0526123,96331456259712
96316341587603,2,    0.976988,  -0.0104731,     2.99535,  -0.0630181,96332086472134
96316341587603,2,     1.05728,  -0.0207688,     3.00986,  -0.0695765,96332792056252
96316341587603,2,     1.12601,  -0.0225648,     3.02973,  -0.0692338,96333500923589
96316341587603,2,     1.18103,  -0.0254756,     3.02886,  -0.0589228,96334186785928
96316341587603,2,     1.22385,  -0.0275662,     2.98794,  -0.0560691,96334878500557
96316341587603,2,     1.25147,  -0.0227623,     3.00908,  -0.0428007,96335529728979
96316341587603,2,     1.26022,  -0.0153649,     3.02115,  -0.0342896,96336357902897
96316341587603,2,     1.24643, -0.00730472,     2.99538,   -0.022964,96337087653425
96316341587603,2,     1.22667, -0.00370145,     3.00895,  -0.0156527,96337758066135
96316341587603,2,      1.2013, -0.00600119,     3.01998,  -0.0167854,96338526488622
96316341587603,2,     1.18685, -0.00567437,     3.01319,  -0.0185148,96339198244330
96316341587603,2,     1.16981,  -0.0121035,     3.01886,  -0.0172706,96339914557409
96316341587603,2,     1.15384,  -0.0111601,     3.02037,  -0.0178703,96340604379482
96316341587603,2,     1.13355,  -0.0113447,     3.01423,  -0.0123842,96341314594574
96316341587603,2,     1.11312,  -0.0115923,     3.02588, -0.00702261,96342008446209
96316341587603,2,     1.09326, -0.00579522,     3.01446, -0.00132416,96342758847061
96316341587603,2,     1.07262, -0.00161485,     3.01381,  0.00603714,96343489138232
96316341587603,2,     1.04741, -0.00105232,     3.02835,  0.00689756,96344182742954
96316341587603,2,     1.02321,-0.000430305,     3.01751,  0.00811415,96344916195648
96316341587603,2,     1.00494,-0.000866075,     3.03035,  0.00643318,96345704373940
96316341587603,2,    0.986415, -0.00251536,     3.03027,  0.00781996,96346435274688
96316341587603,2,    0.953513, -0.00568767,      3.0051,  0.00530028,96347177004366
96316341587603,2,    0.920236, -0.00438744,     3.01847,  0.00901065,96347999519705
96316341587603,2,    0.902236, -0.00479141,     2.99634,   0.0101988,96348703998908
96316341587603,2,    0.879164, -0.00179928,     2.90023,   0.0141216,96349396101221
96316341587603,2,    0.844351,  0.00208258,     2.70064,   0.0151479,96350162911973
96316341587603,2,    0.826758, 0.000586426,     2.60189,   0.0140689,96350909670742
96316341587603,2,    0.801142, -0.00264214,     2.46281,   0.0106613,96351551155833
96316341587603,2,    0.770338,  0.00181291,     2.32611,   0.0126376,96352235614527
96316341587603,2,    0.751884,  0.00525784,     2.20821,   0.0114904,96352983272238
96316341587603,2,     0.72702,  0.00604511,      2.1256,   0.0115828,96353694567659
96316341587603,2,    0.700021,  0.00281508,     1.95695,   0.0072799,96354359834747
96316341587603,2,    0.673817,  0.00133724,     1.83754,  0.00492906,96355126585080
96316341587603,2,    0.650253,  0.00139684,     1.77363,   0.0035929,96355848838765
96316341587603,2,    0.624603,-3.61796e-05,     1.62316,  0.00337815,96356631844935
96316341587603,2,    0.589516, 3.21847e-05,      1.4826,  0.00149785,96357412960039
96316341587603,2,    0.579249, -0.00136023,     1.44836,-0.000268378,96358104010540
96316341587603,2,    0.545112,-2.43042e-05,     1.31443, 0.000129647,96358811067891
96316341587603,2,    0.517099,  0.00121792,     1.21294, 6.26394e-06,96359614204164
96316341587603,2,    0.488134,  -0.0027336,     1.15454, -0.00184231,96360356975908
96316341587603,2,    0.457083, 0.000180607,     1.04925, -0.00193445,96361062372979
96316341587603,2,     0.44563, -0.00440084,    0.967845, -0.00519582,96361743440353
96316341587603,2,    0.413979, 0.000147831,    0.883918, -0.00426676,96362424219579
96316341587603,2,    0.396825,  0.00275287,    0.814993, -0.00329711,96363090367921
96316341587603,2,    0.374425,    0.002854,    0.742943, -0.00372471,96363771767237
96316341587603,2,    0.348443,  0.00408007,    0.673343, -0.00363676,96364396090893
96316341587603,2,    0.332534,  0.00351167,    0.628822, -0.00588572,96365139581560
96316341587603,2,    0.305226, 0.000518695,    0.564436, -0.00804125,96365866469963
96316341587603,2,    0.290811,  0.00211962,     0.52739, -0.00795062,96366567561908
96316341587603,2,    0.272635, -0.00390306,    0.477804, -0.00823671,96367292326550
96316341587603,2,     0.25296, -0.00516152,    0.412793, -0.00927025,96367995929590
96316341587603,2,    0.230206,-1.97669e-05,    0.364361,  -0.0081376,96368661957890
96316341587603,2,    0.210733,  0.00234822,    0.320648, -0.00698054,96369344028053
96316341587603,2,    0.198403,  0.00387078,    0.293262, -0.00661015,96370089477726
96316341587603,2,    0.175184,  0.00498418,     0.23939, -0.00651804,96370774394899
96316341587603,2,    0.160346,  0.00422516,    0.214684, -0.00787571,96371486573749
96316341587603,2,    0.142228,  0.00215279,    0.180162, -0.00891898,96372169106573
96316341587603,2,    0.125228,  0.00350989,    0.155318, -0.00894032,96372913881825
96316341587603,2,     0.11611,  0.00179308,    0.134661,  -0.0095743,96373581643881
96316341587603,2,   0.0996937,  0.00136619,     0.11492,   -0.010765,96374333634524
96316341587603,2,   0.0871617,  0.00278154,    0.094142, -0.00966825,96375056154523
96316341587603,2,   0.0738721,  0.00205638,   0.0705619,  -0.0113316,96375804545832
96316341587603,2,    0.059601,  0.00365762,   0.0523138,  -0.0109168,96376557993160
96316341587603,2,   0.0558498,  0.00244004,   0.0479045, -0.00893224,96377244778577
96316341587603,2,   0.0430808,  0.00136903,   0.0338794, -0.00765694,96377953849002
96316341587603,2,   0.0344163,  0.00044741,   0.0254894,  -0.0112795,96378692748008
96316341587603,2,   0.0244119, 0.000247144,   0.0171389,  -0.0122888,96379455372968
96316341587603,2,   0.0144768, 0.000209923,   0.0105213,  -0.0109159,96380161953993
96316341587603,2,  0.00735798, 5.08596e-05,   0.0069415,  -0.0100318,96381063941725
96381548685693,2,           0,           0,     3.00468,   -0.143097,96381801308091
96381548685693,2,           0,           0,     3.00468,   -0.143097,96382838729497
96381548685693,2,           0,           0,     3.00468,   -0.143097,96383543217757
96381548685693,2,   0.0874774,   -0.029399,     3.00052,   -0.137885,96384346302807
96381548685693,2,    0.155241,  -0.0564279,     2.99971,   -0.133876,96385049810317
96381548685693,2,    0.209167,   -0.076772,     2.98592,   -0.115726,96385681503157
96381548685693,2,     0.28611,   -0.106789,     2.98846,  -0.0644601,96386467932443
96381548685693,2,    0.338947,   -0.126889,     2.99676,  -0.0628886,96387117142141
96381548685693,2,    0.300314,   -0.113461,     3.01632,   0.0205546,96387879017469
96381548685693,2,    0.260314,  -0.0987658,     3.01707,    0.079163,96388549222015
96381548685693,2,    0.260314,  -0.0994497,     3.01521,     0.12094,96389214373951
96381548685693,2,    0.220314,  -0.0843643,     3.00696,     0.16914,96389986612665
96381548685693,2,    0.220314,  -0.0849976,     2.99799,    0.229753,96390659523450
96381548685693,2,    0.208087,  -0.0808844,     2.98954,    0.284417,96391310177163
96381548685693,2,         0.2,  -0.0780343,     3.00732,    0.317659,96391919312511
96381548685693,2,        0.16,  -0.0630578,     2.98008,    0.370264,96392624480495
96381548685693,2,        0.16,  -0.0635514,     2.96056,       0.393,96393288960996
96381548685693,2,           0,           0,     2.97418,    0.424953,96393910937564
96381548685693,2,           0,           0,     2.97418,    0.424951,96394595022431
96381548685693,2,           0,           0,     2.97418,    0.424951,96395413992825
96381548685693,2,           0,  -0.0689337,     2.96506,    0.469963,96396132716783
96381548685693,2,           0,    -0.14926,     2.94728,    0.521487,96396951322648
96381548685693,2,           0,   -0.161477,     2.93833,    0.542527,96397652060589
96381548685693,2,           0,   -0.112143,     2.95463,    0.656456,96398379766455
96381548685693,2,           0,  -0.0877758,     2.94106,    0.707322,96399146182783
96381548685693,2,           0,   -0.068411,     2.93406,    0.732628,96399842851960
96381548685693,2,           0,  -0.0386686,     2.92012,    0.784241,96400588054058
96381548685693,2,           0,  -0.0102058,     2.91113,     0.81307,96401241543364
96381548685693,2,           0,           0,     2.91037,    0.821791,96402071424460
96381548685693,2,    0.101864,  -0.0406879,     2.89674,    0.845585,96402820594148
96381548685693,2,     0.15384,  -0.0618162,     2.90139,    0.845458,96403574769379
96381548685693,2,    0.181942,  -0.0735218,     2.88947,    0.854047,96404360408931
96381548685693,2,    0.197142,   -0.080872,     2.87815,    0.910523,96405144389593
96381548685693,2,         0.2,  -0.0648703,     2.84059,    0.946498,96405753857800
96381548685693,2,         0.2,  -0.0538119,     2.82816,     0.96743,96406459639437
96381548685693,2,         0.2,  -0.0278558,     2.82196,     1.01259,96407188607298
96381548685693,2,         0.2,  -0.0153308,     2.79965,      1.0321,96407878929805
96381548685693,2,    0.275562,  -0.0528406,     2.80187,     1.05717,96408588653340
96381548685693,2,     0.38583,  -0.0921566,     2.80315,     1.09369,96409372041232
96381548685693,2,    0.473748,   -0.116193,     2.78272,      1.1403,96410080105226
96381548685693,2,    0.554733,     -0.1289,     2.77965,     1.16121,96410825930981
96381548685693,2,    0.629941,   -0.113701,     2.73801,      1.2263,96411516310817
96381548685693,2,    0.687294,  -0.0896839,     2.69913,     1.31455,96412105845557
96381548685693,2,    0.671283,  -0.0690816,     2.68096,     1.36453,96412815171071
96381548685693,2,    0.668388,   -0.022166,     2.62525,     1.44656,96413583255601
96381548685693,2,    0.684529, 0.000821018,     2.58304,     1.48622,96414269602038
96381548685693,2,    0.668592,  0.00934472,     2.57484,     1.50325,96414969035545
96381548685693,2,    0.664087,   0.0332025,     2.57314,     1.52685,96415708456692
96381548685693,2,    0.656498,   0.0503838,     2.56734,     1.53563,96416389550776
96381548685693,2,    0.650193,   0.0627018,      2.5567,     1.52897,96417225669501
96381548685693,2,    0.645702,   0.0806084,     2.55538,      1.5173,96417879456391
96381548685693,2,    0.641829,    0.108153,     2.59868,     1.51168,96418536660727
96381548685693,2,    0.637504,    0.128681,     2.61599,     1.47015,96419197683428
96381548685693,2,    0.635696,    0.133886,     2.63947,     1.43436,96419898405520
96381548685693,2,     0.63356,    0.142398,     2.67558,     1.37793,96420711905793
96381548685693,2,    0.632192,     0.15477,     2.69638,     1.31425,96421433781780
96381548685693,2,    0.632103,     0.16669,     2.71722,     1.28294,96422523628906
96381548685693,2,    0.632326,    0.174612,     2.75232,     1.21615,96423246109325
96381548685693,2,    0.633408,     0.16882,      2.7767,     1.11292,96423969065295
96381548685693,2,    0.634686,    0.150507,     2.84275,     1.00817,96424670892539
96381548685693,2,     0.63678,    0.150329,     2.88217,     0.91541,96425346433925
96381548685693,2,    0.639706,    0.148609,     2.91404,    0.797196,96425994241785
96381548685693,2,    0.642368,    0.139703,     2.95495,    0.737764,96426765369141
96381548685693,2,    0.704369,    0.122874,     2.96906,    0.666251,96427471950354
96381548685693,2,    0.779458,     0.11419,     2.98847,    0.603774,96428120909423
96381548685693,2,    0.881598,   0.0855798,     3.03007,    0.475683,96428853277899
96381548685693,2,     0.97388,   0.0588518,     3.04279,     0.38716,96429539094461
96381548685693,2,     1.06617,   0.0543032,     3.05735,    0.328729,96430343489737
96381548685693,2,     1.10633,   0.0297647,     3.07193,    0.256205,96431014203053
96381548685693,2,     1.12891,   0.0145146,     3.07694,    0.194101,96431684202029
96381548685693,2,     1.12535, -0.00214395,     3.09228,    0.150248,96432416646082
96381548685693,2,     1.12351,  -0.0113106,     3.10513,    0.101898,96433190722164
96381548685693,2,     1.12145,  -0.0141345,     3.09882,   0.0717084,96433859856064
96381548685693,2,     1.11961, -0.00302796,     3.09821,   0.0543989,96434596069888
96381548685693,2,     1.11892,  -0.0041238,     3.09655,   0.0306986,96435305143249
96381548685693,2,     1.11915,  0.00249763,     3.11093,   0.0202881,96435994937785
96381548685693,2,     1.11988, -0.00144819,      3.0929,  0.00638463,96436685900966
96381548685693,2,     1.12116,  0.00161562,     3.09133,  0.00113719,96437459366001
96381548685693,2,     1.12246,  0.00334678,     3.09458, -0.00305141,96438148957833
96381548685693,2,     1.12483, -0.00332106,     3.09908,  -0.0053131,96438881945777
96381548685693,2,     1.12726, -0.00446055,      3.0804, -0.00679576,96439573186551
96381548685693,2,     1.13066, -0.00136675,     3.09076,  0.00169417,96440229994384
96381548685693,2,     1.13479, 0.000126868,     3.08809,   0.0114552,96440960492704
96381548685693,2,     1.12297, -0.00336913,     3.05907,   0.0250703,96441803702798
96381548685693,2,     1.10325, -0.00282049,     3.05763,   0.0402336,96442476878853
96381548685693,2,     1.07288, -0.00769288,     3.03955,   0.0621571,96443288123150
96381548685693,2,      1.0554, -0.00807855,     3.05471,   0.0748829,96444092990310
96381548685693,2,     1.03229, -0.00301234,     3.03861,    0.101604,96444762412622
96381548685693,2,     1.00953,  -0.0135486,     3.03965,    0.111075,96445528100671
96381548685693,2,    0.994263, -0.00366065,     3.03498,    0.134325,96446291907952
96381548685693,2,    0.957027, 0.000263274,     3.00014,    0.163637,96447019264964
96381548685693,2,    0.929904, -0.00609141,     3.02849,    0.172901,96447920730910
96381548685693,2,     0.89467,  0.00084083,     3.03005,    0.205695,96448648358788
96381548685693,2,    0.872547,  0.00904787,     2.92162,     0.20905,96449278593781
96381548685693,2,    0.851873,    0.011572,     2.77149,    0.201548,96450084607613
96381548685693,2,    0.831186,   0.0469164,     2.60818,    0.194635,96450812630444
96381548685693,2,    0.816851,   0.0573358,     2.48345,    0.181061,96451556846996
96381548685693,2,     0.80461,   0.0648347,     2.39661,    0.172279,96452240939425
96381548685693,2,    0.788384,   0.0661563,     2.19996,    0.142504,96452925251510
96381548685693,2,     0.77965,   0.0570301,     2.09303,     0.11742,96453668850369
96381548685693,2,    0.771906,   0.0578146,     1.95025,    0.101843,96454389315497
96381548685693,2,    0.742131,   0.0461739,     1.84307,    0.078036,96455109725551
96381548685693,2,    0.698785,   0.0374528,     1.69784,   0.0571829,96455796024141
96381548685693,2,    0.663299,   0.0392507,     1.64326,   0.0562872,96456517478210
96381548685693,2,    0.634759,   0.0294496,     1.51565,   0.0391962,96457219968568
96381548685693,2,    0.593939,   0.0214011,     1.36603,   0.0257751,96457823079392
96381548685693,2,    0.546187,   0.0134088,     1.21404,   0.0144261,96458583183206
96381548685693,2,    0.522094,  0.00984971,     1.14166,  0.00997395,96459342544160
96381548685693,2,    0.496767,  0.00390022,     1.08704,  0.00515289,96460080230647
96381548685693,2,    0.468716,  0.00628341,    0.982436,  0.00279468,96460722781707
96381548685693,2,    0.443346,  0.00537646,    0.908342,  0.00226058,96461462909065
96381548685693,2,    0.412273,   0.0103236,    0.819391,  0.00193175,96462153372835
96381548685693,2,     0.39018,  0.00870547,      0.7593,-0.000529193,96462879953459
96381548685693,2,    0.359977,  0.00415012,    0.674899, -0.00249659,96463581098454
96381548685693,2,    0.330739,  0.00613925,     0.59629,  -0.0023287,96464302849548
96381548685693,2,    0.314039,  0.00940011,    0.560328, -0.00249205,96465025265174
96381548685693,2,    0.292545, 0.000934437,    0.498042, -0.00455533,96465787218679
96381548685693,2,      0.2698,-0.000435808,    0.442905, -0.00690174,96466433031116
96381548685693,2,    0.254745, 0.000173626,    0.406798, -0.00741457,96467116174841
96381548685693,2,    0.232725, 0.000211893,    0.355254, -0.00631962,96467840602457
96381548685693,2,    0.212118,   0.0019293,     0.31268, -0.00633333,96468623497102
96381548685693,2,    0.189732,  0.00258932,    0.277863, -0.00784005,96469351572905
96381548685693,2,     0.18105,  0.00279731,     0.24451, -0.00570778,96470017756501
96381548685693,2,    0.159608,  0.00409693,    0.202793, -0.00452981,96470747700893
96381548685693,2,    0.138997,    0.004802,    0.174195, -0.00586429,96471494678016
96381548685693,2,     0.12633,  0.00347929,    0.149068, -0.00429301,96472218742890
96381548685693,2,    0.110694,   0.0026118,    0.124518, -0.00460038,96472944549607
96381548685693,2,   0.0969001,  0.00205189,    0.103637, -0.00440246,96473710587867
96381548685693,2,   0.0856817,-7.23647e-05,    0.086827, -0.00394797,96474537776046
96381548685693,2,   0.0687062,  0.00103063,   0.0635485, -0.00419301,96475262841465
96381548685693,2,   0.0597592,  0.00134307,   0.0523589,  -0.0043514,96476024869093
96381548685693,2,    0.047813, 0.000973502,   0.0387359, -0.00473216,96476806493657
96381548685693,2,   0.0404991,  0.00049348,   0.0324453,  -0.0062186,96477548098888
96381548685693,2,   0.0304624, 0.000226061,   0.0218651, -0.00547122,96478333844947
96381548685693,2,   0.0226137, 3.09835e-05,   0.0156742, -0.00681085,96479114369469
96381548685693,2,   0.0118798, 0.000118187,  0.00897153, -0.00735734,96479813568118
96381548685693,2,  0.00354609, 3.39278e-05,  0.00597133, -0.00436315,96480533767827
96481116425515,2,           0,           0,   -0.195252,     2.99223,96481311720815
96481116425515,2,           0,           0,   -0.195252,     2.99223,96482057185248
96481116425515,2,           0,           0,   -0.195252,     2.99223,96482800746711
96481116425515,2,           0,    0.105497,   -0.182188,     2.99273,96483585962144
96481116425515,2,           0,    0.326857,   -0.119416,     2.99677,96484275385090
96481116425515,2,           0,    0.531633,  -0.0294613,     3.00016,96485043375485
96481116425515,2,           0,    0.677719,    0.149681,     2.99816,96485734946448
96481116425515,2,           0,     0.78582,      0.4796,     2.96569,96486470066089
96481116425515,2,           0,    0.842347,    0.705621,     2.91978,96487281587721
96481116425515,2,           0,    0.807262,    0.994954,     2.83866,96487911490785
96481116425515,2,           0,    0.749973,     1.42438,     2.65736,96488687211127
96481116425515,2,           0,     0.68927,     1.68924,     2.49765,96489475244406
96481116425515,2,           0,     0.63235,     2.00169,     2.25453,96490227078530
96481116425515,2,           0,    0.572159,     2.35553,      1.8822,96490990769762
96481116425515,2,           0,    0.598007,     2.45729,     1.74798,96491721214719
96481116425515,2,           0,    0.515676,      2.6733,     1.40622,96492489653628
96481116425515,2,           0,    0.467278,     2.81787,     1.10242,96493316495438
96481116425515,2,           0,    0.478494,     2.86052,    0.973701,96494082317446
96481116425515,2,           0,    0.407672,     2.95758,    0.620467,96494871987473
96481116425515,2,           0,    0.353695,     2.99878,    0.398396,96495697279247
96481116425515,2,           0,    0.337981,     3.01032,     0.31515,96496468157253
96481116425515,2,           0,    0.276478,     2.99264,   0.0590775,96497199811151
96481116425515,2,           0,    0.221428,     3.01895,   -0.146586,96497886268502
96481116425515,2,           0,    0.189197,      3.0054,   -0.249283,96498658804795
96481116425515,2,           0,    0.144432,     2.98369,   -0.359373,96499431180199
96481116425515,2,           0,   0.0914696,     2.95803,    -0.48718,96500122436067
96481116425515,2,           0,   0.0532197,     2.94481,   -0.548848,96500890264834
96481116425515,2,           0,   0.0311089,      2.9401,   -0.576242,96501560738019
96481116425515,2,           0,           0,     2.93451,   -0.603191,96502273259961
96481116425515,2,   0.0647893,   0.0224959,     2.92808,   -0.614266,96503097997550
96481116425515,2,    0.127424,   0.0423626,     2.95517,   -0.645305,96504065701420
96481116425515,2,    0.164262,   0.0480849,     2.95148,   -0.649147,96504843341865
96481116425515,2,     0.18688,   0.0482473,      2.9353,    -0.66454,96505569533963
96481116425515,2,    0.198441,   0.0352501,     2.93391,    -0.69814,96506298299855
96481116425515,2,         0.2,   0.0275081,     2.92029,   -0.725515,96507003525598
96481116425515,2,    0.251505,   0.0395837,     2.88797,   -0.741507,96507768534530
96481116425515,2,    0.327189,   0.0485147,     2.89178,   -0.773051,96508479700225
96481116425515,2,    0.395444,   0.0558911,     2.88245,   -0.777117,96509220915597
96481116425515,2,    0.444623,   0.0611631,     2.88627,    -0.83451,96509864222601
96481116425515,2,    0.499005,   0.0555722,     2.86379,   -0.901003,96510692524364
96481116425515,2,    0.537589,    0.055769,     2.88042,   -0.963604,96511383908050
96481116425515,2,    0.598266,   0.0675075,     2.84777,    -1.02149,96512072795191
96481116425515,2,     0.57074,   0.0546358,     2.80971,    -1.07509,96512838375314
96481116425515,2,    0.614509,   0.0267662,     2.76884,    -1.15549,96513623706030
96481116425515,2,    0.591458,   0.0176508,     2.79444,    -1.19683,96514312604435
96481116425515,2,    0.609845,  -0.0296504,     2.74571,    -1.26073,96514979517892
96481116425515,2,    0.596815,  -0.0568477,     2.73277,    -1.32299,96515607380218
96481116425515,2,    0.591571,  -0.0727847,     2.71158,    -1.34446,96516346847464
96481116425515,2,    0.588717,  -0.0727813,     2.70497,    -1.34456,96517084285606
96481116425515,2,     0.58516,  -0.0805762,     2.70379,    -1.36469,96517787580526
96481116425515,2,    0.577365,  -0.0935227,     2.71791,     -1.3759,96518571041791
96481116425515,2,    0.577565,   -0.108384,     2.72016,    -1.38412,96519352742048
96481116425515,2,    0.490797,  -0.0915823,     2.75595,     -1.3778,96520061298090
96481116425515,2,    0.482723,   -0.100025,     2.74406,    -1.36191,96520821582528
96481116425515,2,    0.476452,   -0.112236,     2.75185,    -1.35089,96521578462462
96481116425515,2,    0.472313,    -0.11463,     2.76473,    -1.33324,96522275425600
96481116425515,2,     0.44117,   -0.140174,     2.78867,    -1.32553,96523032398431
96481116425515,2,    0.478544,   -0.187157,     2.82879,    -1.25607,96523751730848
96481116425515,2,     0.51914,   -0.258795,     2.84375,     -1.1925,96524468082282
96481116425515,2,    0.556464,   -0.313673,     2.86737,    -1.17338,96525184505825
96481116425515,2,    0.588603,   -0.297116,     2.94447,   -0.988564,96526044147928
96481116425515,2,    0.597393,   -0.250381,     2.96169,    -0.90613,96526804659599
96481116425515,2,    0.614846,   -0.269771,     2.99408,   -0.857192,96527569644584
96481116425515,2,     0.62696,   -0.179809,     3.03848,   -0.623209,96528338204372
96481116425515,2,     0.67713,   -0.120517,     3.04675,   -0.505198,96529162115498
96481116425515,2,    0.748046,  -0.0902406,     3.07585,   -0.437674,96529868384372
96481116425515,2,    0.827265,  -0.0604369,      3.0654,   -0.406458,96530716710819
96481116425515,2,    0.854596,  -0.0346514,     3.05837,   -0.370585,96531431196107
96481116425515,2,    0.848203,   -0.014288,     3.06151,     -0.3482,96532216875248
96481116425515,2,    0.822618,  0.00335883,     3.04574,   -0.353607,96532982690748
96481116425515,2,    0.795803,   0.0131102,     3.03394,    -0.35616,96533805064622
96481116425515,2,    0.767559,   0.0198795,     3.05971,   -0.366087,96534612878970
96481116425515,2,    0.730344,   0.0227882,     3.05374,   -0.381167,96535360925359
96481116425515,2,    0.723228,   0.0256652,     3.04681,   -0.398997,96536134536408
96481116425515,2,    0.696919,   0.0224835,     3.02496,   -0.416532,96536883804319
96481116425515,2,    0.663394,   0.0201759,      3.0171,   -0.432904,96537635426151
96481116425515,2,    0.641563,   0.0150386,     3.02825,   -0.452541,96538359821002
96481116425515,2,    0.615486,   0.0123189,      3.0163,   -0.462865,96539083304843
96481116425515,2,    0.586766,  0.00988293,     3.00499,   -0.479093,96539870298539
96481116425515,2,    0.579486,  0.00823982,      3.0179,   -0.486524,96540740034167
96481116425515,2,    0.565794,  0.00736321,     3.01239,   -0.498473,96541752091638
96481116425515,2,    0.564526,  0.00555256,     3.01041,   -0.509518,96542729229916
96481116425515,2,    0.558137,   0.0184192,     2.98823,   -0.516913,96543430182295
96481116425515,2,    0.550332,   0.0555676,     2.96737,   -0.528903,96544196465866
96481116425515,2,    0.547386,   0.0915428,     2.96006,   -0.560125,96544936803047
96481116425515,2,    0.544896,     0.13875,     2.95778,   -0.624935,96545652925474
96481116425515,2,    0.544484,    0.146481,     2.96029,   -0.628333,96546348785012
96481116425515,2,    0.555406,     0.13973,     2.93651,   -0.701584,96547183857494
96481116425515,2,    0.570063,    0.128317,     2.91389,   -0.796869,96547859926605
96481116425515,2,    0.587369,    0.125955,     2.89302,   -0.835665,96548594105109
96481116425515,2,    0.678231,   0.0972115,     2.87004,   -0.909136,96549392169398
96481116425515,2,      0.7581,   0.0916096,      2.8568,   -0.969609,96550223697182
96481116425515,2,    0.819107,   0.0849451,     2.81602,    -1.04581,96551017011748
96481116425515,2,    0.865551,   0.0787041,     2.81146,    -1.09228,96551830689754
96481116425515,2,    0.892669,   0.0688206,     2.77836,    -1.15736,96552571640256
96481116425515,2,    0.901288,   0.0641411,     2.78232,    -1.16379,96553357693732
96481116425515,2,    0.893346,   0.0350211,     2.74573,    -1.23986,96554105915897
96481116425515,2,    0.887993,   0.0300122,     2.73193,    -1.26446,96554822686646
96481116425515,2,    0.868355,   0.0177717,     2.73686,     -1.2792,96555616153895
96481116425515,2,    0.831969,-0.000223366,     2.70512,    -1.30578,96556271990412
96481116425515,2,    0.805818, -0.00780479,     2.68883,    -1.32161,96557026352120
96481116425515,2,    0.782318,  -0.0228195,     2.70016,    -1.32078,96557798601402
96481116425515,2,    0.767976,  -0.0377249,      2.7221,     -1.3135,96558430481462
96481116425515,2,    0.750336,  -0.0697551,     2.72706,    -1.29513,96558983827124
96481116425515,2,    0.734205,   -0.099153,     2.74289,    -1.26098,96559620298812
96481116425515,2,    0.719254,   -0.124974,     2.76196,    -1.20734,96560373086754
96481116425515,2,    0.708284,   -0.134441,     2.79292,    -1.16878,96561146472742
96481116425515,2,    0.699237,   -0.156259,     2.83535,    -1.07271,96561959116160
96481116425515,2,    0.690809,   -0.140536,     2.85236,    -1.00681,96562692810818
96481116425515,2,    0.686906,   -0.129882,      2.8791,    -0.90654,96563324194737
96481116425515,2,     0.68142,   -0.135099,     2.91917,   -0.798972,96564057075425
96481116425515,2,    0.677196,  -0.0992518,     2.91785,   -0.708739,96564789899447
96481116425515,2,    0.673415,  -0.0795979,     2.99295,    -0.54501,96565542820167
96481116425515,2,    0.672483,  -0.0703976,      2.9946,   -0.487617,96566214905960
96481116425515,2,    0.754593,  -0.0588714,     3.02563,   -0.422412,96567046091330
96481116425515,2,     0.82375,  -0.0509224,     3.03018,   -0.321374,96567780918669
96481116425515,2,    0.884167,  -0.0529931,     3.03458,   -0.263057,96568595273106
96481116425515,2,    0.927844,  -0.0396682,     3.07202,    -0.15185,96569427083762
96481116425515,2,    0.930553,  -0.0247896,     3.05406,   -0.073359,96570175480927
96481116425515,2,      0.9192,  -0.0078363,     3.06148,  -0.0276556,96570825437804
96481116425515,2,    0.897281, -0.00594011,     3.03336,  0.00867262,96571539163894
96481116425515,2,    0.866792, -0.00285011,     2.82769,   0.0154491,96572306284845
96481116425515,2,    0.832103,  0.00539706,     2.68736,   0.0199238,96573036066158
96481116425515,2,    0.811744,   0.0133429,     2.51956,   0.0251973,96573804100387
96481116425515,2,     0.79162,  0.00627263,     2.44833,   0.0182107,96574555790641
96481116425515,2,    0.761667,  0.00625325,     2.32392,   0.0186505,96575323454591
96481116425515,2,     0.73799,  0.00536725,      2.1387,  0.00972669,96576086740448
96481116425515,2,    0.710232,  0.00779545,     2.00535,    0.010168,96576737285435
96481116425515,2,    0.687916,  0.00701312,     1.90062,  0.00988281,96577484442849
96481116425515,2,    0.658277,  0.00423073,     1.76766,  0.00691422,96578213684088
96481116425515,2,    0.632478, -0.00104639,     1.65668,  0.00064302,96579037589843
96481116425515,2,    0.602602, 0.000904424,     1.53392,  0.00093212,96579818242728
96481116425515,2,    0.582497, 0.000361032,     1.47589, 0.000477718,96580560655292
96481116425515,2,    0.549754,  0.00191063,     1.33109,  0.00223563,96581350027882
96481116425515,2,    0.522667, -0.00482992,     1.29246, -0.00178072,96582112987350
96481116425515,2,    0.503796,  0.00205473,     1.16562,  0.00462816,96582816218258
96481116425515,2,    0.481314,  0.00331812,     1.08822,    0.003029,96583497554417
96481116425515,2,    0.451978,  0.00648917,    0.989336,  0.00378472,96584244833518
96481116425515,2,    0.425058, -0.00473317,    0.901187, -0.00213102,96585030869069
96481116425515,2,    0.405238, -0.00637579,     0.83773, -0.00167377,96585774646046
96481116425515,2,    0.376558,  0.00241202,    0.761995,-0.000501104,96586520500880
96481116425515,2,    0.360633, -0.00499973,    0.702141, -0.00295138,96587206730388
96481116425515,2,    0.335591, -0.00692415,    0.642596, -0.00291713,96587870761080
96481116425515,2,    0.315956, 0.000611512,    0.574724, -0.00406454,96588673379675
96481116425515,2,    0.294498, -0.00534072,    0.515863, -0.00436059,96589419270441
96481116425515,2,    0.269134, -0.00656685,    0.472629, -0.00462583,96590085084880
96481116425515,2,    0.253151,  0.00130817,    0.409827, -0.00386513,96590788927988
96481116425515,2,     0.23375, -0.00122356,    0.372264, -0.00331893,96591514591187
96481116425515,2,    0.211057,   0.0030874,    0.311129, 5.75156e-05,96592179220228
96481116425515,2,    0.201563,   0.0051766,    0.290152, -0.00158841,96592865301608
96481116425515,2,    0.184232,  0.00146131,    0.253207, -0.00270169,96593516412826
96481116425515,2,    0.168014,-0.000617907,    0.220253, -0.00336785,96594240046805
96481116425515,2,    0.154101,  0.00279826,    0.193097, -0.00518901,96594872296151
96481116425515,2,    0.138821,  -0.0011787,    0.170091, -0.00571858,96595574175619
96481116425515,2,     0.12139,-0.000871415,    0.134995,  -0.0049585,96596197738964
96481116425515,2,    0.100324,-0.000140703,    0.106401, -0.00396047,96596942334796
96481116425515,2,    0.088755,  0.00152479,   0.0914761, -0.00481803,96597572261827
96481116425515,2,   0.0796221,  0.00102508,   0.0783038, -0.00514684,96598203770950
96481116425515,2,   0.0611288, 0.000936813,   0.0552714,  -0.0054646,96598849475562
96481116425515,2,    0.051527,  0.00046324,    0.042823, -0.00482817,96599593387446
96481116425515,2,   0.0425616, 0.000156565,   0.0332076, -0.00438947,96600296780746
96481116425515,2,    0.032819, 0.000436305,   0.0244655, -0.00423825,96600962835375
96481116425515,2,   0.0263273, 0.000311134,   0.0186613,  -0.0029048,96601631077379
96481116425515,2,    0.016586, 0.000134094,   0.0122714, -0.00331452,96602279472927
96481116425515,2,  0.00732731, 9.53062e-05,  0.00684786, -0.00413403,96602945793936
96481116425515,2,           0,           0,  0.00474338, -0.00495821,96603684472137
96481116425515,2,           0,   -0.202147,   0.0036995, -0.00352729,96604404740829
96481116425515,2,           0,   -0.412225,  0.00411293, -0.00416641,96605141510016
96481116425515,2,           0,   -0.576445,  0.00302852, -0.00502025,96605863908929
96481116425515,2,           0,   -0.706852,  0.00311819, -0.00317547,96606655870764
96481116425515,2,           0,   -0.769018,  0.00306821, -0.00388223,96607373411068
96481116425515,2,           0,   -0.735111,  0.00987248, -0.00172179,96608017365997
96481116425515,2,           0,   -0.672037,   0.0080432, -0.00427835,96608732375211
96481116425515,2,           0,   -0.625781,   0.0112451, -0.00227849,96609490577342
96481116425515,2,           0,   -0.570059,   0.0155153, 0.000742061,96610195057595
96481116425515,2,           0,   -0.511329,   0.0239359,  0.00137433,96610914654204
96481116425515,2,           0,   -0.458282,   0.0312504,  0.00444438,96611615590516
96481116425515,2,           0,   -0.399826,   0.0387741,   0.0109647,96612304978808
96481116425515,2,           0,   -0.349874,   0.0464409,    0.017389,96613045812285
96481116425515,2,           0,   -0.294715,   0.0512471,   0.0218463,96613646638819
96481116425515,2,           0,   -0.269775,    0.056086,   0.0296698,96614346904763
96481116425515,2,           0,   -0.197213,   0.0544481,   0.0390531,96615035127666
96481116425515,2,           0,   -0.188475,   0.0558686,   0.0438194,96615774484937
96481116425515,2,           0,   -0.142119,   0.0609395,   0.0473681,96616590115871
96481116425515,2,           0,   -0.103249,   0.0619865,   0.0520224,96617155403923
96481116425515,2,           0,  -0.0869129,   0.0650117,   0.0542098,96617838087983
96481116425515,2,           0,  -0.0430979,    0.072116,   0.0556684,96618578358926
96481116425515,2,           0,  -0.0144982,    0.076613,   0.0571386,96619297122654
96481116425515,2,           0,  -0.0113527,    0.080211,   0.0576812,96619995489865
96620478455303,2,           0,           0,    0.084396,   0.0588827,96620714717068
96620478455303,2,           0,           0,    0.084396,   0.0588827,96621420683591
96620478455303,2,           0,           0,    0.084396,   0.0588827,96622128570899
96620478455303,2,           0,  -0.0327058,    -3.01133,  -0.0538504,96622758225788
96620478455303,2,           0,   -0.306887,    -3.00779,  -0.0478604,96623459675959
96620478455303,2,           0,   -0.538286,    -3.00402,  -0.0798346,96624142307603
96620478455303,2,           0,   -0.744995,    -2.99297,   -0.248232,96624872353791
96620478455303,2,           0,   -0.924825,    -2.95067,   -0.574982,96625669467030
96620478455303,2,           0,    -1.07797,    -2.76618,    -1.19041,96626684059000
96620478455303,2,           0,    -1.13747,    -2.65117,    -1.43982,96627663503887
96620478455303,2,           0,     -1.1152,    -2.43206,    -1.76294,96628344695535
96620478455303,2,           0,    -1.08572,    -2.12102,    -2.12116,96629049734135
96620478455303,2,           0,    -1.02665,    -1.44593,    -2.66448,96629789876246
96620478455303,2,           0,   -0.979471,   -0.887003,     -2.8906,96630471393137
96620478455303,2,           0,   -0.939672,   -0.415497,    -2.99058,96631234673714
96620478455303,2,           0,   -0.884384,    0.160546,    -3.00509,96631859195622
96620478455303,2,           0,   -0.833089,    0.642548,    -2.93458,96632582593607
96620478455303,2,           0,   -0.797085,    0.945995,    -2.85363,96633323262601
96620478455303,2,           0,   -0.738969,     1.37347,    -2.70275,96633998029182
96620478455303,2,           0,   -0.670157,     1.63502,    -2.53541,96634664532489
96620478455303,2,           0,   -0.621169,     1.88391,    -2.35498,96635433453452
96620478455303,2,           0,   -0.561333,     2.24193,    -2.01282,96636232274056
96620478455303,2,           0,   -0.502134,      2.4498,    -1.75015,96636896512761
96620478455303,2,           0,   -0.454773,     2.58421,     -1.5363,96637658607090
96620478455303,2,           0,   -0.403243,     2.70027,    -1.29548,96638397707324
96620478455303,2,           0,   -0.358538,     2.77635,    -1.09643,96639085049092
96620478455303,2,           0,   -0.315948,     2.84371,   -0.909999,96639728962105
96620478455303,2,           0,   -0.271665,     2.93161,   -0.735446,96640415175905
96620478455303,2,           0,   -0.209685,     2.95506,   -0.483237,96641061371397
96620478455303,2,           0,   -0.156942,     2.99197,   -0.322066,96641807345429
96620478455303,2,           0,   -0.123589,     3.00131,   -0.220688,96642555626259
96620478455303,2,           0,  -0.0908746,     3.00346,   -0.134321,96643282081463
96620478455303,2,           0,  -0.0877944,     3.00328,   -0.113232,96643943991228
96620478455303,2,           0,  -0.0625023,     3.00427,  -0.0507087,96644624158770
96620478455303,2,           0,   -0.034318,     3.00268,  0.00155871,96645270109562
96620478455303,2,           0,  -0.0277521,     3.00543,   0.0168481,96646014223243
96620478455303,2,           0, -0.00929422,     3.00545,   0.0432602,96646677986311
96620478455303,2,   0.0191142, 0.000822254,     3.00593,   0.0537388,96647405841718
96620478455303,2,    0.198764,   0.0705325,     3.00004,   0.0527957,96648171968064
96620478455303,2,    0.349618,    0.124064,     3.01677,   0.0279447,96648868072585
96620478455303,2,    0.498426,    0.172872,     2.98613,   0.0370599,96649601070134
96620478455303,2,    0.607318,    0.102143,     2.99352,  -0.0121196,96650179584631
96620478455303,2,    0.749512,   0.0549112,     3.00879,  -0.0848915,96650982006718
96620478455303,2,    0.871944,   0.0197021,     2.99781,   -0.131612,96651744291394
96620478455303,2,    0.981757,  -0.0157177,     3.00278,    -0.15846,96652517957791
96620478455303,2,     1.07632,  -0.0410695,      3.0142,   -0.169789,96653270064971
96620478455303,2,     1.15467,  -0.0528045,     3.00676,   -0.166798,96653981700084
96620478455303,2,     1.22651,  -0.0610888,     3.01586,   -0.159585,96654743108268
96620478455303,2,     1.27955,  -0.0561093,     3.00906,   -0.144181,96655421435519
96620478455303,2,     1.32408,  -0.0513579,     3.00552,    -0.11159,96656166186973
96620478455303,2,     1.35175,  -0.0512165,     3.01884,     -0.1019,96656892065538
96620478455303,2,     1.35495,  -0.0472073,     3.00833,  -0.0819551,96657656281721
96620478455303,2,     1.34538,  -0.0379946,     3.00913,  -0.0590508,96658425824691
96620478455303,2,     1.33206,  -0.0371188,     3.01631,  -0.0482511,96659232597704
96620478455303,2,     1.31791,   -0.019637,     3.01246,  -0.0298437,96659976774743
96620478455303,2,     1.30817,  -0.0146411,     2.99945,  -0.0225565,96660989977603
96620478455303,2,     1.28931,  -0.0122726,     3.01971, -0.00906036,96661742704598
96620478455303,2,     1.27515, -0.00239505,       3.009,  -0.0038649,96662788824330
96620478455303,2,     1.25355, -0.00126213,     3.00388,  0.00127902,96663594754953
96620478455303,2,      1.2395,  0.00869548,     3.01002,  0.00263187,96664267539450
96620478455303,2,     1.22092,  0.00982392,     3.01467, 0.000520636,96664977379379
96620478455303,2,     1.19704,  0.00568508,      2.9955, -0.00098905,96665729628003
96620478455303,2,     1.17773,    0.011369,     2.99611, -0.00541481,96666562792263
96620478455303,2,     1.15607,  0.00594696,     3.01787,  -0.0144054,96667276146522
96620478455303,2,     1.14111,   0.0021986,     3.01685,  -0.0151773,96668044327449
96620478455303,2,     1.11756, -0.00446139,     3.02956,  -0.0245986,96668788411592
96620478455303,2,     1.09599, -0.00632099,     3.02261,   -0.023948,96669557076055
96620478455303,2,     1.07683, -0.00649091,      3.0036,   -0.022462,96670228794412
96620478455303,2,      1.0546, -0.00881288,     3.02475,  -0.0236844,96670882128393
96620478455303,2,     1.03549, -0.00443008,      3.0396,  -0.0129309,96671515283700
96620478455303,2,     1.01594, -0.00345588,     3.00827,  -0.0113732,96672166059594
96620478455303,2,    0.989597, -0.00579674,     3.02045, -0.00930858,96672973511652
96620478455303,2,    0.967556, -0.00613946,     3.01723, -0.00584475,96673709103221
96620478455303,2,    0.949165, -0.00153699,      3.0238, -0.00245852,96674400604566
96620478455303,2,    0.921494,  0.00570413,     2.99656,  0.00568784,96675173717192
96620478455303,2,    0.889004,  0.00357762,     2.95739,-0.000773332,96675942824770
96620478455303,2,    0.874166,  0.00637513,     2.88577,  0.00024662,96676656741897
96620478455303,2,    0.846816,  0.00534148,     2.75138, 0.000967836,96677368599585
96620478455303,2,    0.812487, -0.00152965,     2.53478, -0.00805447,96678136959130
96620478455303,2,    0.788117,  -0.0048629,     2.39413, -0.00802402,96678806597451
96620478455303,2,    0.763526, -0.00400845,     2.31141, -0.00821395,96679599080691
96620478455303,2,    0.727756, -0.00153661,     2.08885, -0.00472475,96680370293453
96620478455303,2,    0.707905, -0.00362589,     1.99479,  -0.0048164,96681101943950
96620478455303,2,    0.683761, -0.00162544,     1.88226,  -0.0034561,96681713902316
96620478455303,2,    0.654163, -0.00182709,     1.75031, -0.00332205,96682346295851
96620478455303,2,    0.626042, -0.00150509,     1.62982, -0.00228893,96683011149007
96620478455303,2,    0.603767,-0.000305435,     1.53944,-0.000661388,96683720435805
96620478455303,2,    0.572476,  0.00200199,     1.41508,  0.00166158,96684471409200
96620478455303,2,    0.550726,  0.00166297,     1.32755,  0.00196045,96685140121050
96620478455303,2,    0.535725,  0.00373128,     1.26159,  0.00216298,96685810348041
96620478455303,2,    0.502034,   0.0036801,     1.19069,  0.00424426,96686540535224
96620478455303,2,    0.476537,  0.00297895,     1.07247,  0.00205954,96687266101578
96620478455303,2,    0.459458, -0.00170452,      1.0227, -0.00155681,96687996648283
96620478455303,2,    0.426777, -0.00662977,    0.908317, -0.00147754,96688726553094
96620478455303,2,    0.403712, -0.00662465,    0.825218, -0.00120603,96689378307647
96620478455303,2,    0.380589, -0.00228456,    0.770588,  -0.0003704,96690126113140
96620478455303,2,    0.358455, -0.00345955,     0.70178,  0.00160237,96690895832708
96620478455303,2,    0.333617,-0.000336118,    0.630046,  0.00249838,96691650347598
96620478455303,2,    0.314315, 0.000359451,    0.580691,  0.00139829,96692296580896
96620478455303,2,    0.289201, -0.00101187,    0.510442,  0.00219005,96693216980565
96620478455303,2,    0.269451,  0.00238791,     0.46013,  0.00265361,96693867206301
96620478455303,2,    0.248825,  0.00273782,    0.417173,  0.00258501,96694561367922
96620478455303,2,    0.233382,-0.000127778,    0.372561,    0.003739,96695230906299
96620478455303,2,    0.217678,  0.00102884,     0.33252,  0.00446912,96695935383448
96620478455303,2,    0.195981,  0.00227545,    0.290415,  0.00731322,96696637113364
96620478455303,2,    0.174791,  0.00409912,    0.240042,  0.00993346,96697360641736
96620478455303,2,    0.158361,  0.00102456,    0.218196,  0.00948043,96698083338082
96620478455303,2,    0.148662,  -0.0028236,    0.192107,   0.0100127,96698888483803
96620478455303,2,    0.138875, 0.000564318,    0.174431,   0.0125344,96699570758037
96620478455303,2,    0.118029,-0.000894102,    0.144603,   0.0131062,96700336035591
96620478455303,2,     0.10609, 0.000821432,    0.114204,   0.0146653,96701043233518
96620478455303,2,   0.0906602,-0.000769091,   0.0944372,   0.0164985,96701829046675
96620478455303,2,   0.0806675, -0.00207463,   0.0801091,    0.014722,96702554907268
96620478455303,2,   0.0669077,  -0.0043386,   0.0614051,   0.0126459,96703345984476
96620478455303,2,   0.0570239, -0.00634667,   0.0493251,   0.0137354,96704079714874
96620478455303,2,   0.0438071, -0.00200866,   0.0382778,   0.0130419,96704960775034
96620478455303,2,   0.0358914,-0.000854032,   0.0272832,    0.011181,96705705237522
96620478455303,2,   0.0289177,-0.000296013,   0.0220095,   0.0143721,96706508806468
96620478455303,2,   0.0195429, -0.00022861,   0.0136225,    0.015279,96707174582375
96620478455303,2,  0.00950296,-0.000100876,  0.00788892,   0.0131702,96707976377901
96708459599912,2,           0,           0,     3.01316,   0.0605578,96708677605453
96708459599912,2,           0,           0,     3.01316,   0.0605578,96709500717701
96708459599912,2,           0,           0,     3.01316,   0.0605578,96710205478847
96708459599912,2,           0,   0.0152944,     3.01279,   0.0573047,96710991937798
96708459599912,2,           0,   0.0163021,     3.01117,   0.0580583,96711758597695
96708459599912,2,           0,   0.0125274,     3.01047,   0.0520047,96712508107427
96708459599912,2,           0,  0.00941059,     3.01048,   0.0483671,96713262685059
96708459599912,2,           0,  0.00314457,     3.01075,   0.0457145,96714018027211
96708459599912,2,   0.0838926,   0.0296784,     3.00936,   0.0406347,96714673055061
96708459599912,2,    0.184667,   0.0401831,     3.00067,   0.0392624,96715364171081
96708459599912,2,    0.280528,   0.0425647,     3.00334,   0.0343341,96716092809825
96708459599912,2,    0.367983,   0.0487898,     3.02224,   0.0217177,96716780084889
96708459599912,2,    0.441131,   0.0409691,     3.01359, -0.00460883,96717523707592
96708459599912,2,     0.49975,   0.0176506,     3.02994,  -0.0227044,96718227478715
96708459599912,2,    0.544009,  0.00321405,     3.02308,  -0.0364757,96718912370610
96708459599912,2,    0.568212, -0.00364806,     2.98334,  -0.0463451,96719579629279
96708459599912,2,    0.561148, -0.00647732,     3.01964,  -0.0520243,96720300674867
96708459599912,2,    0.538599, -0.00969834,     2.99645,  -0.0507607,96721105854320
96708459599912,2,    0.533835, -0.00619907,     2.98877,  -0.0429489,96721853039920
96708459599912,2,    0.521457,  -0.0204345,     3.02156,  -0.0382154,96722520873132
96708459599912,2,    0.514834,  -0.0472459,     3.01435,  -0.0247847,96723343857045
96708459599912,2,    0.510643,  -0.0811312,     3.02876,  -0.0098278,96724089032411
96708459599912,2,    0.505838,   -0.141388,     3.00227,   0.0415495,96724780053201
96708459599912,2,    0.419762,  -0.0942188,      3.0131,   0.0842806,96725545029288
96708459599912,2,    0.419762,   -0.117491,     3.01919,    0.162812,96726207596386
96708459599912,2,    0.391663,   -0.157277,     2.99764,    0.231918,96726984476001
96708459599912,2,    0.331964,   -0.149072,     3.01151,    0.353389,96727687837437
96708459599912,2,    0.330606,    -0.15687,     2.97199,     0.46377,96728385935580
96708459599912,2,    0.330606,   -0.129403,     2.97799,    0.522791,96729152690379
96708459599912,2,    0.337301,  -0.0894648,     2.93807,     0.65158,96729950314995
96708459599912,2,    0.202237,   -0.100309,     2.94197,    0.716262,96730632403842
96708459599912,2,         0.2,  -0.0828801,     2.90151,    0.780814,96731335876219
96708459599912,2,         0.2,   -0.064966,     2.91963,    0.838988,96732132436536
96708459599912,2,         0.2,  -0.0468704,     2.88018,    0.877843,96732773157556
96708459599912,2,         0.2,  -0.0313475,     2.86393,    0.913883,96733558189692
96708459599912,2,         0.2,  -0.0265688,      2.8778,    0.952002,96734295568933
96708459599912,2,         0.2,  -0.0201671,     2.86328,    0.976643,96735072757994
96708459599912,2,         0.2,  -0.0214441,     2.86497,     1.01154,96735847265489
96708459599912,2,         0.2,  -0.0255782,     2.84431,     1.01306,96736545769126
96708459599912,2,         0.2,  -0.0254017,     2.84172,     1.04139,96737262732826
96708459599912,2,    0.280505, -0.00243676,     2.85273,      1.0558,96737924360204
96708459599912,2,    0.385042,  0.00590995,     2.83946,     1.05978,96738815081843
96708459599912,2,    0.458204, -0.00539627,     2.82806,     1.07328,96739550157062
96708459599912,2,     0.51868,  -0.0587613,     2.82597,     1.10492,96740286270337
96708459599912,2,    0.569571,  -0.0973918,     2.80732,     1.12994,96741080097935
96708459599912,2,    0.602093,   -0.116979,     2.77992,     1.18911,96741816427307
96708459599912,2,    0.618442,   -0.114137,     2.75708,     1.26066,96742534595892
96708459599912,2,    0.611443,   -0.103583,     2.70595,     1.33094,96743251993269
96708459599912,2,    0.593495,  -0.0912099,     2.70412,     1.39187,96743991421889
96708459599912,2,    0.561163,  -0.0691885,     2.62833,     1.53046,96744831626916
96708459599912,2,    0.537016,  -0.0453537,     2.61461,     1.57762,96745575379781
96708459599912,2,    0.515925,  -0.0338021,     2.57576,     1.63453,96746302109121
96708459599912,2,    0.494985,  -0.0255783,     2.56989,     1.68496,96746950996877
96708459599912,2,    0.463159,  0.00844468,     2.50881,     1.72839,96748070326523
96708459599912,2,    0.457187,   0.0121122,     2.52038,     1.72955,96748776729260
96708459599912,2,    0.436207,   0.0497604,      2.5086,      1.7633,96749694832853
96708459599912,2,    0.416556,   0.0803503,     2.50052,     1.76958,96750541622081
96708459599912,2,    0.402035,    0.107594,     2.52928,     1.76558,96751342829090
96708459599912,2,    0.385176,    0.123723,     2.54345,     1.73382,96752007254286
96708459599912,2,    0.368724,    0.132615,     2.60542,     1.69389,96752812506731
96708459599912,2,    0.367216,    0.147068,     2.63992,     1.65008,96753573649878
96708459599912,2,     0.36412,    0.142912,     2.64227,     1.62164,96754318858747
96708459599912,2,    0.373554,    0.143501,     2.67492,     1.58755,96755065079692
96708459599912,2,     0.37396,     0.15319,     2.72218,     1.51841,96755711069491
96708459599912,2,      0.3798,     0.16129,     2.76506,     1.42511,96756513531672
96708459599912,2,    0.374383,    0.170817,     2.79877,     1.37898,96757338591378
96708459599912,2,    0.377711,     0.18219,     2.81154,     1.35513,96758104576457
96708459599912,2,    0.383983,    0.174138,     2.87977,     1.25078,96758808865427
96708459599912,2,    0.398828,    0.172761,     2.89387,     1.17914,96759634326787
96708459599912,2,    0.413467,    0.148547,     2.91602,     1.12568,96760383061404
96708459599912,2,    0.403013,    0.110358,     2.95197,     1.03109,96761169318181
96708459599912,2,    0.394182,   0.0862717,      2.9713,    0.974664,96761898721332
96708459599912,2,    0.388389,   0.0738273,     3.00123,    0.929936,96762682497821
96708459599912,2,    0.381613,   0.0618244,     3.01385,    0.876157,96763508380065
96708459599912,2,    0.377053,   0.0621547,     3.01838,    0.841856,96764137422957
96708459599912,2,    0.371861,   0.0631838,     3.00868,    0.814112,96764865060028
96708459599912,2,    0.408731,    0.150688,     3.03647,    0.783067,96765574793230
96708459599912,2,    0.488089,    0.176399,     3.04712,    0.704817,96766307437977
96708459599912,2,    0.557116,    0.170177,     3.07105,    0.617326,96767016348119
96708459599912,2,    0.624751,    0.147914,     3.07689,    0.542327,96767780062821
96708459599912,2,    0.729108,    0.121319,     3.08329,    0.399415,96768665144017
96708459599912,2,    0.803207,     0.11481,     3.08452,    0.363518,96769370884756
96708459599912,2,    0.867006,   0.0945315,     3.11699,    0.294775,96770059452602
96708459599912,2,    0.926214,   0.0700206,     3.11305,    0.210705,96770860654592
96708459599912,2,    0.964564,   0.0545475,     3.10957,    0.167463,96771608231474
96708459599912,2,    0.981244,   0.0326867,     3.10315,    0.110386,96772248118829
96708459599912,2,     0.95773,   -0.000518,       3.081,   0.0478363,96772934874707
96708459599912,2,       0.927,  -0.0158305,     3.08982,  -0.0127166,96773679327540
96708459599912,2,    0.906713,  -0.0201395,     3.06391,  -0.0316538,96774330842894
96708459599912,2,    0.878345,  -0.0229987,     2.89779,  -0.0245092,96775136563478
96708459599912,2,    0.862107,  -0.0140891,     2.80099,  -0.0143436,96775807281458
96708459599912,2,    0.831084,  -0.0029491,     2.65516, -0.00354111,96776501010857
96708459599912,2,    0.794751, -0.00150606,     2.42945, 0.000739834,96777205327216
96708459599912,2,    0.775851, -0.00464325,     2.32756, 6.85476e-05,96777935642800
96708459599912,2,     0.75335, -0.00449785,     2.21923, 0.000793705,96778601818707
96708459599912,2,    0.728437, -0.00426417,     2.11303, 0.000109717,96779308316396
96708459599912,2,    0.694427, -0.00253581,      1.9309,  0.00159934,96780287673699
96708459599912,2,     0.66598, 0.000276735,     1.80129,  0.00599875,96781017126202
96708459599912,2,    0.658733, -0.00822203,     1.76959,-0.000920533,96781899765463
96708459599912,2,    0.631767, -0.00179471,     1.65349,  0.00165339,96782865670033
96708459599912,2,    0.589516,-0.000483499,     1.48173,  0.00346835,96783575257520
96708459599912,2,    0.558685,  0.00299088,     1.36338,  0.00280678,96784263138642
96708459599912,2,    0.532724,  0.00609837,     1.26908,  0.00321976,96785079415183
96708459599912,2,    0.508061,  0.00514501,      1.1806,  0.00251383,96785841604863
96708459599912,2,    0.485459,-0.000913019,     1.13538, -0.00208492,96786641259224
96708459599912,2,    0.462458,-0.000531837,      1.0241, -0.00302418,96787364241170
96708459599912,2,    0.440762,-0.000820151,    0.952196,  -0.0034402,96788050674757
96708459599912,2,    0.411426,-0.000328746,    0.861364, -0.00409769,96788767670134
96708459599912,2,    0.389146, -0.00173648,    0.788319, -0.00637599,96789510612718
96708459599912,2,      0.3665,-0.000800009,    0.732073, -0.00795744,96790273448560
96708459599912,2,    0.345589, -0.00132014,    0.657392, -0.00872102,96790976093042
96708459599912,2,    0.327361,-0.000648333,    0.605405, -0.00891161,96791795826327
96708459599912,2,    0.304917,  0.00398689,    0.544149,  -0.0064172,96792461589004
96708459599912,2,    0.286556, -0.00163129,    0.494513, -0.00799844,96793203028139
96708459599912,2,    0.267536, -0.00215137,    0.458791, -0.00724913,96793903468451
96708459599912,2,    0.245997,  0.00175522,    0.398984, -0.00572203,96794625488437
96708459599912,2,    0.228979,  0.00252415,    0.351789, -0.00513646,96795372734155
96708459599912,2,    0.209266,  0.00375078,     0.30644, -0.00571655,96796115868562
96708459599912,2,    0.194169,  0.00282883,    0.273777, -0.00560666,96796804231348
96708459599912,2,    0.178425,  0.00246743,    0.240315, -0.00653691,96797490322041
96708459599912,2,    0.160364,  0.00186928,    0.204451, -0.00720906,96798233264672
96708459599912,2,    0.145532,  0.00151548,    0.176783, -0.00653159,96798882797270
96708459599912,2,    0.127421,  0.00235736,    0.148059, -0.00544803,96799626059217
96708459599912,2,    0.109489,  0.00323261,    0.127207, -0.00519919,96800392594710
96708459599912,2,   0.0948778,  0.00273743,    0.105882, -0.00394197,96801156941441
96708459599912,2,   0.0862696,  0.00321836,   0.0878243, -0.00528298,96801787304898
96708459599912,2,   0.0739496,  0.00210417,   0.0705505, -0.00584427,96802454094621
96708459599912,2,   0.0627169,  0.00157843,   0.0560207, -0.00757336,96803321599721
96708459599912,2,   0.0522099,  0.00100767,   0.0436201, -0.00700776,96804028630558
96708459599912,2,   0.0437441, 0.000718129,    0.034464, -0.00937531,96804772269836
96708459599912,2,   0.0350488, 6.78818e-05,   0.0260742, -0.00808423,96805517443039
96708459599912,2,   0.0257413,-1.99343e-05,   0.0180791, -0.00664604,96806258118415
96708459599912,2,   0.0155912, -3.2255e-05,    0.011049,  -0.0056686,96807036799612
96708459599912,2,  0.00545568, 2.06982e-05,  0.00626123, -0.00442804,96807815540371
96708459599912,2,           0,  -0.0574625,  0.00462083,  -0.0044284,96808614107025
96708459599912,2,           0,   -0.146063,  0.00453957, -0.00370381,96809278431142
96708459599912,2,           0,   -0.208204,  0.00424417, -0.00314613,96810098536035
96708459599912,2,           0,   -0.176158,  0.00506528, 0.000130648,96810917370412
96708459599912,2,           0,   -0.152106,  0.00667355,  0.00156211,96811637935836
96708459599912,2,           0,   -0.117289,  0.00880707,  0.00113845,96812398810768
96708459599912,2,           0,  -0.0886708,   0.0116197,  0.00258167,96813203045800
96708459599912,2,           0,   -0.054835,   0.0130225,  0.00439552,96813887649863
96708459599912,2,           0,  -0.0345404,   0.0130109,  0.00437198,96814650770215
96708459599912,2,           0,   -0.019637,   0.0145653,  0.00602408,96815375627149
96708459599912,2,           0,  -0.0059608,   0.0154863,  0.00438426,96816095556236
96816352839406,2,           0,           0,     2.42427,     1.80192,96816822739910
96816352839406,2,           0,           0,     2.42427,     1.80192,96817491244413
96816352839406,2,           0,           0,     2.42427,     1.80192,96818174549104
96816352839406,2,           0,    0.155369,      2.4361,     1.78463,96818924351464
96816352839406,2,           0,    0.329784,     2.46091,     1.74837,96819711976738
96816352839406,2,           0,    0.460001,     2.51966,     1.65656,96820511380843
96816352839406,2,           0,    0.516563,     2.63221,     1.47199,96821153855082
96816352839406,2,           0,    0.500881,     2.69405,     1.34986,96821839860592
96816352839406,2,           0,    0.449095,     2.80429,     1.10205,96822479118640
96816352839406,2,           0,    0.398271,      2.8797,    0.861336,96823198257812
96816352839406,2,           0,    0.356689,     2.92686,    0.675092,96823880588314
96816352839406,2,           0,    0.306495,     2.96152,    0.461559,96824562088087
96816352839406,2,           0,    0.277315,     2.97156,    0.349849,96825360718936
96816352839406,2,           0,    0.216303,      2.9829,    0.187578,96826139417550
96816352839406,2,           0,    0.183134,     2.98487,   0.0165393,96826886581603
96816352839406,2,           0,    0.127896,     3.02239,   -0.134696,96827728907052
96816352839406,2,           0,   0.0967582,     3.01774,   -0.198172,96828466924423
96816352839406,2,           0,   0.0731468,     3.01361,   -0.241498,96829268396236
96816352839406,2,           0,   0.0365104,     3.00699,   -0.299199,96830028059823
96816352839406,2,           0,   0.0285322,     3.00269,    -0.31052,96830811829776
96816352839406,2,           0,           0,     2.99696,   -0.342778,96831440145831
96816352839406,2,    0.106035,   0.0196429,      2.9864,   -0.364019,96832161009337
96816352839406,2,    0.202191,  0.00953218,      2.9768,    -0.36419,96832807852075
96816352839406,2,    0.301944,  0.00738308,      2.9783,   -0.362024,96833633392966
96816352839406,2,    0.372157,  0.00859038,     2.99508,   -0.381197,96834333438003
96816352839406,2,    0.434665,  0.00927496,     2.98033,   -0.398201,96835077090138
96816352839406,2,    0.482425,  0.00397655,     2.97946,   -0.435343,96835838365605
96816352839406,2,    0.504368, -0.00363496,     2.98282,   -0.465699,96836543381895
96816352839406,2,    0.507038,  -0.0157142,     2.98575,   -0.503119,96837284546142
96816352839406,2,    0.488244,  -0.0270263,     2.96884,   -0.530828,96838005582738
96816352839406,2,    0.481844,  -0.0296596,     2.96149,   -0.553351,96838713951960
96816352839406,2,    0.462447,  -0.0335684,     2.93311,   -0.553645,96839517266694
96816352839406,2,    0.438818,  -0.0445293,     2.95236,   -0.590474,96840381904679
96816352839406,2,    0.425942,  -0.0396241,     2.95298,    -0.60628,96841179508333
96816352839406,2,    0.412665,  -0.0451132,     2.93277,   -0.603048,96841845889171
96816352839406,2,    0.393712,  -0.0456768,     2.93931,   -0.620626,96842591034940
96816352839406,2,     0.38518,  -0.0353967,     2.93667,    -0.61367,96843217086228
96816352839406,2,    0.385736,    -0.03577,     2.96541,   -0.627358,96843995738953
96816352839406,2,    0.383965,  -0.0376687,     2.94707,   -0.620371,96844719174614
96816352839406,2,    0.367521,  -0.0347278,     2.93375,   -0.623081,96845384935016
96816352839406,2,    0.370285,  -0.0352712,     2.94199,   -0.625003,96846168886514
96816352839406,2,     0.36787,  -0.0413079,       2.945,   -0.632678,96846989724289
96816352839406,2,    0.360547,  -0.0458206,     2.93927,   -0.630263,96847672189129
96816352839406,2,    0.360576,  -0.0442235,     2.93874,   -0.625226,96848453100434
96816352839406,2,     0.36608,  -0.0496608,     2.92844,   -0.621839,96849102860464
96816352839406,2,    0.370766,  -0.0456296,     2.94279,   -0.611907,96849767243386
96816352839406,2,    0.366422,  -0.0545982,     2.92806,   -0.600028,96850591635174
96816352839406,2,    0.361235,  -0.0580095,      2.9437,   -0.595936,96851334043270
96816352839406,2,    0.360381,  -0.0532111,      2.9401,   -0.577493,96852141134806
96816352839406,2,    0.363732,  -0.0602091,     2.96988,   -0.566752,96852843681225
96816352839406,2,    0.363234,  -0.0556021,     2.95924,   -0.544466,96853588822007
96816352839406,2,     0.36068,  -0.0485841,     2.96955,   -0.529325,96854195262205
96816352839406,2,    0.363122,  -0.0573117,     2.97277,   -0.508052,96854943161074
96816352839406,2,    0.357925,  -0.0618744,      2.9677,   -0.485457,96855669797701
96816352839406,2,     0.36537,  -0.0579287,     2.98341,   -0.467992,96856380108636
96816352839406,2,    0.358322,  -0.0610918,     2.96764,   -0.444587,96857182703464
96816352839406,2,    0.370213,  -0.0615989,     2.98435,   -0.406756,96857907121146
96816352839406,2,    0.363418,  -0.0592305,     2.99532,   -0.391856,96858715617638
96816352839406,2,    0.364625,  -0.0588345,     2.97692,   -0.348255,96859554897515
96816352839406,2,    0.355145,  -0.0541402,     2.99175,   -0.302182,96860244152544
96816352839406,2,    0.365485,  -0.0442118,     2.98715,   -0.270624,96861066693948
96816352839406,2,    0.381802,  -0.0413336,     2.97951,   -0.244543,96861790672063
96816352839406,2,     0.37344,  -0.0406975,     2.99491,   -0.200923,96862475193619
96816352839406,2,    0.385323,  -0.0352715,      2.9982,   -0.172116,96863122072015
96816352839406,2,    0.379668,  -0.0406104,     2.99631,   -0.134159,96863869296161
96816352839406,2,    0.391474,   -0.043886,     3.02212,  -0.0849428,96864598392012
96816352839406,2,    0.404131,  -0.0505824,     3.00281,  -0.0528347,96865329422459
96816352839406,2,    0.389922,  -0.0496238,     3.01862,   0.0117627,96866118631206
96816352839406,2,    0.422613,  -0.0517235,     3.00718,   0.0392312,96866804215316
96816352839406,2,    0.431113,  -0.0500512,     3.01329,     0.10667,96867514723925
96816352839406,2,    0.433577,   -0.046778,     2.99459,     0.15967,96868256897493
96816352839406,2,    0.454305,  -0.0454719,     2.99449,    0.222096,96868926466990
96816352839406,2,    0.482131,   -0.041138,      2.9992,    0.326214,96869612969011
96816352839406,2,    0.537438,  -0.0384555,     2.99513,    0.341662,96870416257258
96816352839406,2,    0.549756,  -0.0247943,       2.995,    0.442535,96871206718379
96816352839406,2,    0.615638,  -0.0251244,     2.95765,    0.537524,96872033403081
96816352839406,2,    0.671849,  -0.0199541,     2.94468,    0.631583,96872863676280
96816352839406,2,    0.709603,  -0.0159061,     2.93344,    0.677111,96873647058384
96816352839406,2,      0.7143,  -0.0128097,     2.89083,    0.880283,96874392326312
96816352839406,2,    0.690326,  0.00127226,     2.86401,     0.97389,96875083630858
96816352839406,2,    0.674227,  0.00422053,     2.84837,    0.998736,96875751542561
96816352839406,2,    0.636718,   0.0137723,     2.80134,     1.13675,96876497384100
96816352839406,2,    0.611082,   0.0178955,     2.77381,      1.2014,96877184348805
96816352839406,2,    0.574277,   0.0265563,     2.73724,     1.26898,96877846992940
96816352839406,2,    0.550675,   0.0336319,     2.70876,     1.33132,96878490810267
96816352839406,2,    0.510951,    0.049104,     2.67043,     1.37206,96879288402991
96816352839406,2,    0.473726,   0.0691898,     2.65659,     1.43085,96880030012302
96816352839406,2,    0.441633,   0.0724434,     2.63822,     1.45798,96880672207993
96816352839406,2,    0.412946,   0.0776733,     2.59819,     1.45603,96881300360329
96816352839406,2,    0.386126,    0.088907,     2.59331,     1.47001,96882025402026
96816352839406,2,    0.359509,    0.102813,     2.60523,     1.48354,96882784303157
96816352839406,2,    0.357984,    0.110896,     2.61416,     1.49544,96883528375321
96816352839406,2,     0.35229,    0.115842,     2.60842,     1.48341,96884251613316
96816352839406,2,    0.352032,     0.12616,      2.6092,     1.46472,96884934401485
96816352839406,2,    0.349746,    0.127851,     2.56581,     1.39155,96885811911446
96816352839406,2,     0.35157,    0.135427,     2.54244,     1.34933,96886554215623
96816352839406,2,    0.353019,    0.136884,     2.52722,     1.31065,96887312933094
96816352839406,2,    0.353329,     0.15587,     2.48751,     1.24758,96888076261268
96816352839406,2,    0.354682,    0.161292,     2.46043,     1.18085,96888901709766
96816352839406,2,     0.35466,    0.139628,     2.43256,     1.12111,96889602022647
96816352839406,2,    0.348632,    0.128697,     2.38861,     1.04459,96890249607293
96816352839406,2,    0.354866,    0.135267,      2.3522,    0.984127,96890930985618
96816352839406,2,    0.356442,    0.138265,     2.33242,    0.938117,96891692874797
96816352839406,2,    0.353408,    0.147644,     2.31154,    0.904224,96892320013219
96816352839406,2,    0.352365,      0.1339,      2.2587,    0.837628,96892963149535
96816352839406,2,    0.349813,    0.134676,     2.24382,    0.806046,96893689005350
96816352839406,2,    0.354356,    0.136644,     2.18452,    0.725544,96894450384321
96816352839406,2,    0.347137,    0.130061,     2.14586,    0.680953,96895132800630
96816352839406,2,    0.355623,    0.129192,     2.11191,     0.63533,96895755512356
96816352839406,2,    0.351275,    0.134722,     2.08319,    0.601584,96896483093648
96816352839406,2,    0.350206,    0.119748,     2.01311,    0.538338,96897205200564
96816352839406,2,    0.354258,    0.135159,     1.96969,    0.492725,96897964350965
96816352839406,2,    0.354665,    0.135181,     1.95493,    0.475546,96898646907559
96816352839406,2,    0.355159,    0.122619,     1.88531,    0.415003,96899276218013
96816352839406,2,    0.356495,    0.102634,     1.81912,    0.366479,96899981506703
96816352839406,2,      0.3499,    0.106558,      1.7689,    0.330164,96900742707635
96816352839406,2,     0.35915,   0.0987141,      1.7441,    0.312762,96901326700601
96816352839406,2,    0.358318,   0.0939829,     1.67333,    0.275438,96901891773101
96816352839406,2,    0.355446,   0.0935887,     1.61025,     0.24235,96902498907602
96816352839406,2,     0.36069,   0.0953922,     1.55752,    0.219302,96903162828053
96816352839406,2,    0.356771,   0.0843292,     1.49515,    0.190178,96903969455999
96816352839406,2,    0.353837,   0.0891337,     1.42599,     0.16293,96904710941580
96816352839406,2,    0.375713,   0.0972111,     1.40045,    0.153293,96905376406174
96816352839406,2,     0.40834,   0.0937322,     1.35394,    0.132937,96906043587780
96816352839406,2,    0.459288,   0.0916166,     1.29768,    0.112593,96906809833128
96816352839406,2,    0.491336,   0.0813058,     1.23597,   0.0958661,96907493550972
96816352839406,2,    0.499783,   0.0526421,      1.1659,   0.0794152,96908039264910
96816352839406,2,     0.47927,   0.0615883,     1.08076,   0.0640006,96908822957479
96816352839406,2,    0.439865,    0.053712,    0.971424,   0.0522355,96909580918755
96816352839406,2,      0.4219,   0.0448201,    0.897267,   0.0421091,96910166938843
96816352839406,2,    0.395693,    0.025773,    0.818939,    0.035749,96910812037274
96816352839406,2,    0.375396,   0.0109386,    0.751389,   0.0296504,96911528861251
96816352839406,2,    0.347622, -0.00611959,    0.670921,   0.0240117,96912193114421
96816352839406,2,    0.326112,  -0.0148157,    0.621955,   0.0242821,96912858318569
96816352839406,2,    0.309784,  -0.0125774,    0.553083,   0.0249167,96913524536222
96816352839406,2,    0.296166,  -0.0133286,    0.525928,   0.0248734,96914230779143
96816352839406,2,    0.267881,  0.00201121,    0.456815,    0.025671,96914953403451
96816352839406,2,    0.248315,  0.00347437,    0.423162,    0.028176,96915637173738
96816352839406,2,    0.227323,   -0.001893,    0.363477,   0.0279888,96916343993762
96816352839406,2,     0.21147, -0.00646425,    0.316363,   0.0275006,96917007775459
96816352839406,2,    0.194748,  -0.0095378,    0.284783,   0.0262059,96917672390014
96816352839406,2,     0.17978,  -0.0108065,    0.258913,   0.0273496,96918345857817
96816352839406,2,    0.158763,  -0.0121031,    0.212199,   0.0284193,96919090375576
96816352839406,2,    0.146267,  -0.0108148,    0.191132,   0.0286792,96919716988689
96816352839406,2,    0.130649, -0.00647935,    0.158427,   0.0280061,96920330343740
96816352839406,2,    0.115088,  0.00612592,    0.140749,    0.029454,96921020898950
96816352839406,2,    0.106392,   0.0263028,    0.118683,   0.0301596,96921744195243
96816352839406,2,   0.0905488,   0.0609354,   0.0946675,    0.029029,96922532082251
96816352839406,2,   0.0814391,    0.085591,   0.0847297,   0.0291139,96923274188010
96816352839406,2,   0.0773538,   0.0897105,   0.0762663,   0.0292748,96923966961140
96816352839406,2,   0.0629736,   0.0874237,    0.058004,   0.0283057,96924656906598
96816352839406,2,   0.0579157,   0.0759453,   0.0519153,   0.0267015,96925352509789
96816352839406,2,   0.0504256,   0.0508761,   0.0431598,   0.0265715,96926036520755
96816352839406,2,   0.0376217,   0.0956688,   0.0284339,   0.0281752,96926814507842
96816352839406,2,   0.0345361,   0.0911341,   0.0261638,   0.0312032,96927579906603
96816352839406,2,   0.0262512,   0.0761826,   0.0189492,   0.0300132,96928268294865
96816352839406,2,   0.0195969,   0.0570676,    0.014708,   0.0292295,96929009093805
96816352839406,2,  0.00980911,   0.0294265,  0.00917308,   0.0290172,96929693678054
96816352839406,2,   0.0022344,  0.00688033,  0.00684124,   0.0299908,96930560484935
96816352839406,2,  0.00525824,   0.0158841,  0.00815455,    0.031373,96931260600283
96816352839406,2,           0,           0,   0.0068733,    0.032192,96931944977861
96816352839406,2,           0,  -0.0748096,   0.0057263,   0.0321027,96932962089302
96816352839406,2,           0,  -0.0880228,  0.00203061,   0.0285553,96933917910948
96816352839406,2,           0,  -0.0752005, 0.000160233,   0.0268882,96934930110662
96816352839406,2,           0,  -0.0632426, -0.00177354,   0.0251619,96935695355913
96816352839406,2,           0,  -0.0428952, -0.00487343,   0.0256634,96936295364170
96816352839406,2,           0,  -0.0203568, -0.00367837,   0.0255661,96937079138487
96937683046252,2,           0,           0,     2.18727,     2.09061,96937759229661
96937683046252,2,           0,           0,     2.18727,     2.09061,96938581151332
96937683046252,2,           0,           0,     2.18727,     2.09061,96939325523035
96937683046252,2,           0,   0.0770448,     2.18942,     2.08864,96940031110485
96937683046252,2,           0,    0.197642,     2.21001,     2.06637,96940700444381
96937683046252,2,           0,    0.283855,     2.23497,     2.03916,96941384690469
96937683046252,2,           0,    0.316444,      2.3097,     1.95534,96942165930069
96937683046252,2,           0,    0.295585,     2.38494,     1.85684,96942845707790
96937683046252,2,           0,    0.267972,     2.44923,     1.77045,96943512426203
96937683046252,2,           0,    0.217483,     2.55071,     1.61812,96944252938008
96937683046252,2,           0,    0.180727,     2.61034,     1.51533,96944897111551
96937683046252,2,           0,    0.133436,     2.66481,     1.40776,96945596009818
96937683046252,2,           0,    0.102272,     2.69504,     1.34728,96946297758894
96937683046252,2,           0,   0.0628991,     2.72631,     1.27898,96947040916082
96937683046252,2,           0,   0.0556732,     2.73031,     1.26799,96947801516381
96937683046252,2,           0,   0.0103476,     2.75222,     1.21641,96948466253537
96937683046252,2,    0.057817,   0.0207959,     2.75676,      1.1965,96949154119425
96937683046252,2,     0.14739,   0.0529723,     2.75832,     1.17788,96949803570215
96937683046252,2,     0.22669,    0.063038,     2.76869,      1.2004,96950546987121
96937683046252,2,    0.285383,    0.058131,     2.75166,     1.18466,96951215065188
96937683046252,2,    0.335018,   0.0599809,     2.76243,     1.22398,96951903071396
96937683046252,2,    0.370661,   0.0442083,     2.74993,     1.23032,96952532107521
96937683046252,2,    0.393122,   0.0344362,     2.73083,     1.24418,96953142109916
96937683046252,2,    0.398844,   0.0243419,     2.73599,     1.31555,96953909729292
96937683046252,2,    0.391377,   0.0260594,     2.72606,      1.3474,96954540547629
96937683046252,2,    0.380093,   0.0278858,     2.68462,     1.40537,96955286330615
96937683046252,2,    0.363723,   0.0242362,     2.65808,     1.42665,96955915708580
96937683046252,2,    0.361067,   0.0215427,     2.62641,     1.46563,96956583048135
96937683046252,2,    0.358051,   0.0317114,     2.61587,     1.52921,96957225638686
96937683046252,2,    0.359299,    0.042146,     2.57578,     1.53524,96957896340238
96937683046252,2,    0.352951,   0.0452821,     2.55815,     1.56847,96958640451251
96937683046252,2,    0.352536,   0.0534513,     2.54328,     1.59277,96959248779941
96937683046252,2,    0.352778,   0.0614065,      2.5296,       1.597,96959935574512
96937683046252,2,    0.346169,   0.0628235,     2.51854,     1.63861,96960566615486
96937683046252,2,    0.347929,   0.0670307,     2.51537,     1.65487,96961277022204
96937683046252,2,    0.350333,   0.0782879,      2.5035,     1.65598,96961965338715
96937683046252,2,    0.358137,   0.0902301,     2.49417,     1.66628,96962671605426
96937683046252,2,      0.3608,   0.0995486,     2.48225,     1.65852,96963393330806
96937683046252,2,    0.360251,    0.107216,     2.48449,     1.65608,96964004567469
96937683046252,2,    0.361291,     0.10971,     2.47744,     1.64582,96964666128979
96937683046252,2,    0.355094,    0.104229,     2.48563,     1.65174,96965235551029
96937683046252,2,    0.349519,    0.105813,     2.49576,     1.65474,96965880109680
96937683046252,2,    0.358441,    0.125618,     2.50483,     1.62553,96966524762903
96937683046252,2,    0.358932,    0.160415,     2.49878,     1.59172,96967211632544
96937683046252,2,    0.366779,    0.172016,     2.51461,     1.56442,96967878655574
96937683046252,2,    0.361708,    0.169079,     2.54175,     1.53631,96968677094182
96937683046252,2,    0.358586,     0.17139,     2.55406,     1.50822,96969308029379
96937683046252,2,    0.350646,    0.170014,     2.58129,     1.43871,96969975736615
96937683046252,2,    0.334342,    0.174516,     2.61502,     1.39854,96970678725325
96937683046252,2,    0.327691,    0.177409,     2.62679,      1.3397,96971321562682
96937683046252,2,    0.319237,    0.163625,     2.65507,      1.3093,96971985492070
96937683046252,2,    0.304181,    0.160631,     2.67866,     1.25041,96972687796054
96937683046252,2,    0.291033,    0.156156,      2.7371,     1.18292,96973373165256
96937683046252,2,    0.264838,    0.142216,     2.72422,     1.13778,96974117810051
96937683046252,2,    0.227376,    0.117149,      2.7562,     1.07221,96974725983339
96937683046252,2,    0.221359,    0.116619,      2.7879,     1.02545,96975408254567
96937683046252,2,    0.221359,    0.114127,     2.81545,    0.980837,96976087818259
96937683046252,2,    0.221359,    0.110149,     2.83778,    0.923816,96976828162785
96937683046252,2,    0.236013,    0.115027,     2.84838,    0.908063,96977440681598
96937683046252,2,     0.27459,    0.119815,     2.85565,    0.839079,96978025107159
96937683046252,2,    0.312934,    0.120948,     2.88303,    0.800302,96978769462148
96937683046252,2,    0.336263,    0.122758,     2.87582,    0.755966,96979393244081
96937683046252,2,    0.351159,    0.117133,      2.9066,    0.715476,96980078992670
96937683046252,2,    0.354386,    0.110878,     2.91662,    0.640747,96980905830396
96937683046252,2,    0.347965,    0.105015,     2.92673,    0.585018,96981531675188
96937683046252,2,    0.353195,    0.103225,     2.94792,     0.55052,96982218291032
96937683046252,2,    0.358931,    0.101172,     2.96004,     0.50138,96982900258407
96937683046252,2,    0.365977,     0.10326,     2.96146,    0.442459,96983568877870
96937683046252,2,    0.366498,   0.0998879,      2.9633,    0.399699,96984255131885
96937683046252,2,    0.362594,   0.0962845,      2.9714,    0.343482,96985005249323
96937683046252,2,    0.377348,   0.0997838,     3.00565,      0.2903,96985650981426
96937683046252,2,      0.3826,   0.0950522,     2.99695,    0.250937,96986355204173
96937683046252,2,    0.374832,   0.0852334,     3.02769,    0.193658,96987043581906
96937683046252,2,     0.38223,   0.0831052,     3.00883,    0.123548,96987812077020
96937683046252,2,    0.384811,   0.0782245,     3.01146,   0.0804142,96988539187420
96937683046252,2,    0.395223,   0.0648084,     3.02483,   0.0317559,96989229903962
96937683046252,2,    0.428107,   0.0609433,     3.01751,  -0.0149189,96989973420442
96937683046252,2,    0.438491,   0.0577799,     3.03352,  -0.0502081,96990663688741
96937683046252,2,    0.493351,   0.0507937,     3.02365,  -0.0974895,96991334118807
96937683046252,2,    0.551903,   0.0431349,     3.02147,   -0.126613,96992057537667
96937683046252,2,    0.607717,   0.0394843,     3.03181,   -0.163871,96992804297053
96937683046252,2,    0.682863,   0.0387168,     2.98833,   -0.190329,96993532722815
96937683046252,2,    0.741113,   0.0316596,     2.88079,   -0.211095,96994217293383
96937683046252,2,    0.734778,   0.0296851,     2.78766,   -0.212797,96995024690600
96937683046252,2,    0.704724,   0.0160098,     2.67956,   -0.229027,96995853831283
96937683046252,2,     0.66837,     0.00374,      2.5119,   -0.231089,96996641584082
96937683046252,2,     0.62574,  -0.0181297,     2.46085,   -0.247379,96997468805568
96937683046252,2,    0.588332,  -0.0268923,     2.29626,   -0.239328,96998197948941
96937683046252,2,    0.565759,  -0.0382225,      2.1934,   -0.229439,96998925891145
96937683046252,2,    0.532832,  -0.0479619,     2.09452,   -0.218886,96999634286748
96937683046252,2,    0.533282,   -0.050859,      2.0085,   -0.198377,97000345717605
96937683046252,2,    0.533883,  -0.0541332,      1.9239,   -0.180221,97001017297335
96937683046252,2,    0.527553,  -0.0525546,     1.82855,   -0.159918,97001707707792
96937683046252,2,    0.521791,  -0.0556395,     1.75329,   -0.144546,97002376035627
96937683046252,2,     0.55425,  -0.0545839,     1.66978,   -0.123478,97003104065478
96937683046252,2,      0.5721,  -0.0517544,      1.5852,   -0.109981,97003771355739
96937683046252,2,    0.591101,  -0.0521585,     1.49912,  -0.0942274,97004478496307
96937683046252,2,    0.559222,  -0.0521243,     1.36334,  -0.0765066,97005165333016
96937683046252,2,    0.547299,  -0.0489578,     1.31964,  -0.0675578,97005832271984
96937683046252,2,    0.519345,   -0.043379,     1.21988,  -0.0549274,97006438350655
96937683046252,2,    0.492909,  -0.0502554,     1.12735,  -0.0441065,97007108254143
96937683046252,2,    0.456956,   -0.047218,     1.00437,   -0.032511,97007780060257
96937683046252,2,    0.442841,  -0.0430559,    0.960005,  -0.0267248,97008445732523
96937683046252,2,    0.416568,  -0.0309884,    0.875807,  -0.0172981,97009156443933
96937683046252,2,     0.39731,  -0.0196237,    0.815982,  -0.0147843,97009845736484
96937683046252,2,    0.372663,  -0.0120832,     0.74299,  -0.0114013,97010551020685
96937683046252,2,    0.351171, -0.00715893,    0.688153,  -0.0104745,97011197015928
96937683046252,2,     0.32734, -0.00198166,    0.622804, -0.00942573,97011882649730
96937683046252,2,    0.311828, 0.000772388,    0.570795,  -0.0080291,97012508626132
96937683046252,2,    0.293117, 0.000196489,    0.530787, -0.00961561,97013194165338
96937683046252,2,    0.267423, -0.00356549,    0.479252,  -0.0100291,97013999686492
96937683046252,2,    0.246878, -0.00244084,    0.421335,  -0.0104458,97014702080921
96937683046252,2,    0.234366, -0.00215669,    0.374603,  -0.0114624,97015309664021
96937683046252,2,    0.214321,-0.000641007,    0.328675,  -0.0131696,97015952380883
96937683046252,2,    0.197384, -9.2562e-06,    0.305478,  -0.0131167,97016639087369
96937683046252,2,    0.181851,  0.00325662,    0.260844,  -0.0119989,97017320915036
96937683046252,2,    0.165119,  0.00181296,    0.227711,  -0.0138563,97018008284265
96937683046252,2,    0.154179,  0.00288326,     0.20263,  -0.0123656,97018637618056
96937683046252,2,    0.139418,  0.00356747,    0.175143,  -0.0126856,97019263490051
96937683046252,2,     0.12459,-0.000294171,    0.149007,  -0.0141709,97019931483039
96937683046252,2,    0.110827,  -0.0041515,    0.125918,  -0.0151217,97020637014040
96937683046252,2,   0.0985593,  -0.0128662,    0.107801,  -0.0163657,97021223987855
96937683046252,2,   0.0894287,  -0.0221867,   0.0937428,  -0.0155707,97021971081362
96937683046252,2,   0.0765681,  -0.0338389,   0.0741072,  -0.0150197,97022597857271
96937683046252,2,   0.0659172,  -0.0336777,   0.0601316,  -0.0145321,97023364390342
96937683046252,2,    0.057092,  -0.0272656,   0.0493712,  -0.0139939,97024088689674
96937683046252,2,     0.04726,  -0.0306256,   0.0400304,  -0.0129722,97024717650489
96937683046252,2,   0.0429789,  -0.0347246,   0.0340065,  -0.0140313,97025418331918
96937683046252,2,   0.0381408,  -0.0345152,   0.0288199,  -0.0124969,97026202032170
96937683046252,2,   0.0302119,  -0.0301745,   0.0266708,   -0.013952,97026920876919
96937683046252,2,   0.0297504,  -0.0288615,   0.0213983,  -0.0108738,97027699905129
96937683046252,2,   0.0241491,  -0.0247301,    0.019423,  -0.0100691,97028405357300
96937683046252,2,   0.0184733,  -0.0196585,   0.0130421, -0.00985262,97029072102117
96937683046252,2,   0.0154685,  -0.0162175,   0.0115558,  -0.0105595,97029796949474
96937683046252,2,   0.0107465,  -0.0114242,  0.00869206, -0.00990318,97030536525903
96937683046252,2,  0.00909267, -0.00976725,  0.00856466, -0.00870092,97031220906516
96937683046252,2,  0.00574038, -0.00634544,  0.00667454, -0.00996316,97031882941308
96937683046252,2,  0.00348615, -0.00381297,   0.0070115,  -0.0087396,97032603436218
96937683046252,2,           0,   0.0153015,  0.00506547, -0.00891765,97033305498436
96937683046252,2,           0,    0.057771,  0.00558439, -0.00958386,97033932767465
96937683046252,2,           0,   0.0630927,  0.00342744,  -0.0116518,97034636591791
96937683046252,2,           0,   0.0440711,  0.00104969,  -0.0130212,97035355626514
96937683046252,2,           0,   0.0248689, -0.00144496,  -0.0144178,97036058419596
96937683046252,2,           0,   0.0089822, -0.00232995,  -0.0163598,97036739332772
97037013435222,2,           0,           0,     2.56612,     1.54178,97037482859213
97037013435222,2,           0,           0,     2.56612,     1.54178,97038189481996
97037013435222,2,           0,           0,     2.56612,     1.54178,97038914587847
97037013435222,2,           0,    0.124276,      2.5709,     1.53391,97039524269434
97037013435222,2,           0,    0.263941,     2.60776,     1.46932,97040233663155
97037013435222,2,           0,    0.365289,     2.63897,     1.40865,97040958552578
97037013435222,2,           0,    0.405964,     2.71881,     1.23859,97041681326532
97037013435222,2,           0,    0.356602,     2.83843,     1.04394,97042444769086
97037013435222,2,           0,    0.314106,     2.89537,    0.870226,97043028851811
97037013435222,2,           0,    0.241094,     2.96248,     0.59341,97043773797034
97037013435222,2,           0,    0.200095,     2.98476,    0.456661,97044557200819
97037013435222,2,           0,    0.139717,     3.00411,    0.294333,97045225484433
97037013435222,2,           0,   0.0958554,     3.00878,    0.204145,97045868386600
97037013435222,2,           0,   0.0541376,     3.01157,    0.133495,97046594470952
97037013435222,2,           0,   0.0204107,     3.01392,   0.0940119,97047377045160
97037013435222,2,   0.0371046,  0.00848936,     3.01183,   0.0760476,97048047604202
97037013435222,2,     0.18474,   0.0442504,      3.0027,   0.0525146,97048702358122
97037013435222,2,    0.339883,   0.0590606,     2.99145,   0.0453343,97049435456658
97037013435222,2,    0.495131,   0.0604464,     2.99767,   0.0282092,97050223519299
97037013435222,2,     0.63396,   0.0351319,     3.02981,  0.00873039,97050994173209
97037013435222,2,    0.750993,   0.0275018,     3.03183, -0.00540612,97051704043948
97037013435222,2,    0.860008,   0.0191664,     3.03041,   -0.017124,97052432732338
97037013435222,2,    0.967287,  0.00801796,     3.01208,  -0.0308063,97053242423661
97037013435222,2,     1.04717, -0.00366195,     3.00194,  -0.0387934,97053932250695
97037013435222,2,     1.10881, -0.00931315,     3.00782,  -0.0407229,97054542707349
97037013435222,2,     1.17058,  -0.0158598,     3.00733,  -0.0439629,97055269453021
97037013435222,2,      1.2183,  -0.0165944,     3.02537,  -0.0385266,97056002185960
97037013435222,2,     1.25165,  -0.0131035,     3.01196,  -0.0362904,97056729350554
97037013435222,2,     1.25788,  -0.0127377,     3.01274,  -0.0312986,97057559681667
97037013435222,2,     1.24594, -0.00606677,     3.00847,  -0.0226241,97058288832080
97037013435222,2,     1.22752,   -0.012627,     3.01889,  -0.0240404,97059176957439
97037013435222,2,     1.21343,  -0.0125496,     3.01446,  -0.0231465,97059825560533
97037013435222,2,     1.19774,    -0.01151,     3.02447,  -0.0220016,97060555570772
97037013435222,2,     1.17712, -0.00651511,     3.02589,   -0.016831,97061220092168
97037013435222,2,     1.15327, -0.00877908,     3.01728,  -0.0166349,97061931625160
97037013435222,2,      1.1344, -0.00713868,     3.00681,  -0.0121323,97063079720418
97037013435222,2,     1.11657, -0.00114048,     3.00638, -0.00853993,97063965568620
97037013435222,2,     1.09824,-0.000886995,     3.02444, -0.00133519,97064677545438
97037013435222,2,     1.07198, -0.00765716,     3.02342, -0.00629373,97065268920449
97037013435222,2,     1.06101, -0.00888281,     3.02351, -0.00650913,97066017691774
97037013435222,2,     1.03024, -0.00223009,     3.00226, 0.000423998,97066764509038
97037013435222,2,     1.01547, -0.00573909,     3.01543,-0.000612654,97067474279081
97037013435222,2,     0.99447, -0.00711141,     3.02406,  0.00290412,97068182745238
97037013435222,2,    0.967294, -0.00587243,     3.01569,  0.00494128,97068895426143
97037013435222,2,    0.939375,   -0.004566,     3.02281,    0.009456,97069561511782
97037013435222,2,    0.916397, -0.00112014,     2.99869,   0.0128877,97070247223378
97037013435222,2,    0.890112,-0.000335539,     2.95637,   0.0144323,97070897431572
97037013435222,2,    0.855996, 0.000199153,     2.76528,   0.0130969,97071704334950
97037013435222,2,    0.832183,-0.000634319,      2.6318,   0.0121993,97072390208384
97037013435222,2,    0.811929, 0.000145961,     2.52098,   0.0116774,97073040758868
97037013435222,2,    0.786403, 0.000220893,     2.38541,  0.00990588,97073766462952
97037013435222,2,    0.771381,-7.97156e-05,     2.30712,   0.0089041,97074512715402
97037013435222,2,    0.739452, -0.00029144,     2.17678,  0.00737593,97075218967755
97037013435222,2,    0.714863,  0.00103204,     2.06247,  0.00851911,97075907213836
97037013435222,2,    0.681344,  0.00456279,     1.87116,  0.00796346,97076715929487
97037013435222,2,    0.665457,  0.00388636,     1.77147,  0.00667824,97077463101085
97037013435222,2,    0.633832,  0.00382334,     1.63839,  0.00588328,97078168460600
97037013435222,2,    0.606022, -0.00133453,     1.56808,  0.00055537,97078871448534
97037013435222,2,    0.579863, 0.000652722,     1.45287,  0.00130458,97079579481778
97037013435222,2,    0.546205, -0.00151488,     1.33364,-0.000788214,97080303954889
97037013435222,2,    0.521867, -0.00035792,      1.2305,-0.000938138,97081006445769
97037013435222,2,    0.507129,-5.64314e-05,     1.17923, -0.00180414,97081755975813
97037013435222,2,    0.473406, -0.00074078,     1.06081,  -0.0018706,97082458993745
97037013435222,2,    0.460703, -0.00374531,     1.02744, -0.00500577,97083163453828
97037013435222,2,    0.425411,-0.000705389,    0.884072, -0.00426516,97083873192915
97037013435222,2,     0.40553,   0.0010679,    0.835875, -0.00456754,97084579086080
97037013435222,2,    0.383575,    0.002959,    0.793396, -0.00392189,97085246495026
97037013435222,2,     0.36441,  0.00226662,    0.725936, -0.00489529,97085878164567
97037013435222,2,    0.335981,  0.00466302,    0.637248, -0.00455498,97086669525464
97037013435222,2,    0.318676,  0.00277824,    0.604523, -0.00655871,97087411370856
97037013435222,2,    0.291825,  0.00134683,    0.516746, -0.00813298,97088098659489
97037013435222,2,    0.271832, -0.00370315,    0.455185, -0.00885057,97088705344422
97037013435222,2,     0.25906, -0.00449946,     0.44159, -0.00951832,97089429007217
97037013435222,2,    0.231412, -0.00131635,    0.367605, -0.00913386,97090189491296
97037013435222,2,    0.214832,  0.00316134,    0.333944, -0.00740157,97090894743651
97037013435222,2,    0.196611,  0.00318834,    0.289299, -0.00825996,97091679323257
97037013435222,2,    0.186181,  0.00411726,     0.27246, -0.00752635,97092302849547
97037013435222,2,    0.164043,   0.0046337,    0.221985, -0.00817621,97092991154660
97037013435222,2,    0.148825,  0.00311301,     0.19243, -0.00899866,97093775248801
97037013435222,2,    0.134137,  0.00217523,    0.164377,  -0.0103797,97094439699883
97037013435222,2,    0.120304,  0.00290447,    0.142844,  -0.0126515,97095241315432
97037013435222,2,    0.104149,  0.00169131,    0.116228,  -0.0121902,97096223504875
97037013435222,2,           0,           0,    0.103334,   -0.011665,97098202046665
97037013435222,2,   0.0390536, 0.000768625,   0.0923666,  -0.0104227,97098962186524
97037013435222,2,   0.0646691,   0.0019349,   0.0781502,  -0.0102275,97099672417989
97037013435222,2,   0.0754945,  0.00225075,    0.075006,  -0.0111684,97100338837097
97037013435222,2,   0.0719188,   0.0031936,   0.0690242,  -0.0101793,97101070176079
97037013435222,2,   0.0608979,  0.00272036,   0.0543741,  -0.0114053,97101815272110
97037013435222,2,   0.0462579,  0.00148515,    0.037181,  -0.0120017,97102459701539
97037013435222,2,   0.0350355, 0.000669931,   0.0263308,  -0.0118168,97103125884215
97037013435222,2,   0.0248384, 0.000299404,   0.0174438,  -0.0127498,97103847190640
97037013435222,2,   0.0117619, 9.37536e-05,  0.00896262, -0.00987014,97104592266422
